remaining_time,robot_mode,alarm,robot_x,robot_y,robot_theta,forest_state,battery_level,temperature,water_robot_tank,water_ground_tank,leaks_state,keys, clicks,errors,shortcuts
600,0,-1,-2.480508737789933e-05,-4.7693474698462515e-06,0.00016618723748251796, 000000000,100,20.0,50,50, 000000000,-1,-1,-2,-2
599,0,-1,-2.480508737789933e-05,-4.7693474698462515e-06,0.00016618723748251796, 000000000,100,-20.0,50,50, 000000000,-1,-1,-2,-2
598,0,-1,-2.480508737789933e-05,-4.7693474698462515e-06,0.00016618723748251796, 000000000,99,-20.0,50,50, 000000000,-1,-1,-2,-2
597,0,-1,-2.480508737789933e-05,-4.7693474698462515e-06,0.00016618723748251796, 000100000,99,-20.0,50,50, 000000000,-1,-1,-2,-2
