remaining_time,robot_mode,alarm,robot_x,robot_y,robot_theta,forest_state,battery_level,temperature,water_robot_tank,water_ground_tank,leaks_state,keys, clicks,errors,shortcuts
600,0,-1,-3.797909130298649e-06,-4.951142727804836e-06,0.00016487453831359744, 000000000,100,20.0,50,50, 000000000,-1,-1,-1,-1
599,0,-1,-3.1231620596372522e-06,-5.194481218495639e-06,0.0001685780443949625, 000000000,100,20.0,50,50, 000000000,-1,-1,-1,-1
598,0,-1,-3.0155811145959888e-06,-5.2465325097728055e-06,0.0001694090460659936, 000000000,99,20.0,50,50, 000000000,-1,-1,-1,-1
