remaining_time,robot_mode,alarm,robot_x,robot_y,robot_theta,forest_state,battery_level,temperature,water_robot_tank,water_ground_tank,leaks_state,keys, clicks,errors,shortcuts
600,0,-1,-1.8658483895706013e-06,-5.651344508805778e-06,0.0001756542915245518, 000000000,100,20.0,50,50, 000000000, -1,-1,-2,-2
599,0,-1,-1.8131510159946629e-06,-5.7015517995751e-06,0.0001764244952937588, 000000000,100,20.0,50,50, 000000000, -1,-1,-2,-2
598,0,-1,0.9081411361694336,-7.039590855129063e-05,0.13471221923828125, 000000000,99,20.0,50,50, 000000000, front-front-left-left-left-left-left,-1,-2,-2
597,0,-1,0.9080988764762878,-0.000122871293569915,0.5823594331741333, 000000010,99,20.0,50,50, 000000000, left-left,-1,-2,-2
