remaining_time,robot_mode,alarm,robot_x,robot_y,robot_theta,forest_state,battery_level,temperature,water_robot_tank,water_ground_tank,leaks_state,keys, clicks,errors,shortcuts
600,0,-1,-2.8776973977073794e-06,-5.3169987950241185e-06,0.00017048625159077346, 000000000,100,20.0,50,50, 000000000,-1,-1,-2,-2
599,0,-1,-2.661663302205852e-06,-5.365564447856741e-06,0.00017124337318819016, 000000000,100,20.0,50,50, 000000000,-1,-1,-2,-2
598,0,-1,-2.541597268646001e-06,-5.416338353825267e-06,0.00017202718299813566, 000000000,99,20.0,50,50, 000000000,-1,-1,-2,-2
