remaining_time,robot_mode,alarm,robot_x,robot_y,robot_theta,tree 1,tree 2,tree 3,tree 4,tree 5,tree 6,tree 7,tree 8,tree 9,battery_level,temperature,water_robot_tank,water_ground_tank,leak 1,leak 2,leak 3,leak 4,leak 5,leak 6,leak 7,leak 8,leak 9,direction,avancement,left,right,push,wrench,leak 1,leak 2,leak 3,leak 4,leak 5,leak 6,leak 7,leak 8,leak 9,rm_alarm,errors,shortcuts
190,1,-1,15.821798324584961,16.05832290649414,0.9000222086906433,1,0,1,1,1,1,1,0,1,91,20.0,90,44.98412698412553,0,0,0,0,0,0,0,0,0,0,0,0.0,1.0,1.0,0.0,0.0,0.0,0.0,0.0,0.0,0.0,0.0,0.0,0.0,0.0,-2,-2
189,1,-1,15.821798324584961,16.05832290649414,0.9000222086906433,1,0,1,1,1,1,1,0,1,100,20.0,90,44.98412698412553,0,0,0,0,0,0,0,0,0,0,0,0.0,1.0,0.0,0.0,0.0,0.0,0.0,0.0,0.0,0.0,0.0,0.0,0.0,0.0,-2,-2
188,1,-1,15.821798324584961,16.05832290649414,0.8998814225196838,1,0,1,1,1,1,1,0,1,99,20.0,90,45.5555555555541,0,0,0,0,0,0,0,0,0,0,0,0.0,0.0,0.0,0.0,0.0,0.0,0.0,0.0,0.0,0.0,0.0,0.0,0.0,0.0,-2,-2
187,1,4,15.821798324584961,16.05832290649414,0.8998814225196838,1,0,1,1,1,1,1,0,1,100,20.0,90,46.41269841269696,0,0,0,0,0,0,0,0,0,0.53,0.0,1.0,0.0,0.0,0.0,0.0,0.0,0.0,0.0,0.0,0.0,0.0,0.0,0.0,0.0,-2,-2
186,1,-1,15.821798324584961,16.05832290649414,0.8997413516044617,1,0,1,1,1,1,1,0,1,99,20.0,90,47.98412698412553,0,0,0,0,0,0,0,0,0,0,0,0.0,1.0,0.0,0.0,0.0,0.0,0.0,0.0,0.0,0.0,0.0,0.0,0.0,0.0,-2,-2
185,1,-1,15.821798324584961,16.05832290649414,0.8997413516044617,1,0,1,1,1,1,1,0,1,100,20.0,90,49.928571428569974,0,0,0,0,0,0,0,0,1,0,0,0.0,0.0,0.0,0.0,0.0,0.0,0.0,0.0,0.0,0.0,0.0,0.0,0.0,1.0,-2,-2
184,1,-1,15.81753158569336,16.054931640625,1.3077224493026731,1,0,1,1,1,1,1,0,1,100,20.0,90,50.93650793650648,0,0,0,0,0,0,0,0,1,0,0,1.0,0.0,0.0,0.0,0.0,0.0,0.0,0.0,0.0,0.0,0.0,0.0,0.0,0.0,-2,-2
183,1,-1,15.817760467529295,16.05108642578125,1.8160992860794067,1,0,1,1,1,1,1,0,1,100,20.0,90,51.23015873015728,0,0,0,0,0,0,0,0,1,0,0,0.0,1.0,0.0,0.0,0.0,0.0,0.0,0.0,0.0,0.0,0.0,0.0,0.0,0.0,-2,-2
182,1,-1,15.819243431091307,16.046928405761722,2.328453779220581,1,0,1,1,1,1,1,0,1,100,20.0,90,50.95238095237949,0,0,0,0,0,0,0,0,1,0,0,0.0,0.0,0.0,1.0,0.0,0.0,0.0,0.0,0.0,0.0,0.0,0.0,0.0,0.0,-2,-2
181,1,-1,15.82088565826416,16.04472541809082,2.8301219940185547,1,0,1,1,1,1,1,0,1,100,20.0,90,50.841269841268385,0,0,0,0,0,0,0,0,0,0,0,0.0,1.0,0.0,0.0,0.0,0.0,0.0,0.0,0.0,0.0,0.0,0.0,1.0,0.0,-2,-2
