remaining_time,robot_mode,alarm,robot_x,robot_y,robot_theta,tree 1,tree 2,tree 3,tree 4,tree 5,tree 6,tree 7,tree 8,tree 9,battery_level,temperature,water_robot_tank,water_ground_tank,leak 1,leak 2,leak 3,leak 4,leak 5,leak 6,leak 7,leak 8,leak 9,direction,avancement,left,right,push,wrench,leak 1,leak 2,leak 3,leak 4,leak 5,leak 6,leak 7,leak 8,leak 9,rm_alarm,errors,shortcuts
260,1,-1,0.3758062720298767,-9.49279499053955,1.4112871885299685,0,1,1,0,1,1,1,0,1,36,20.0,0,4.468253968253968,0,1,1,1,0,0,1,1,0,0,0,0.0,0.0,0.0,0.0,0.0,0.0,0.0,0.0,0.0,0.0,0.0,0.0,0.0,0.0,-2,-2
259,1,-1,0.3700281381607056,-9.488534927368164,1.8551506996154783,0,1,1,0,1,1,1,0,1,36,20.0,0,7.444444444444442,0,0,1,1,0,0,1,1,0,0,0,0.0,1.0,0.0,0.0,0.0,1.0,0.0,0.0,0.0,0.0,0.0,0.0,0.0,0.0,-2,-2
258,1,-1,0.3659225702285767,-9.483524322509766,2.370801448822021,0,1,1,0,1,1,1,0,1,35,20.0,0,9.76190476190476,0,0,1,1,0,0,1,1,0,0,0,1.0,0.0,0.0,0.0,0.0,0.0,0.0,0.0,0.0,0.0,0.0,0.0,0.0,0.0,-2,-2
257,1,-1,0.3627781569957733,-9.48033332824707,2.872230768203736,0,1,1,0,1,1,1,0,1,35,20.0,10,1.3650793650793651,0,0,1,1,0,0,1,1,0,0,0,1.0,1.0,0.0,0.0,0.0,0.0,0.0,0.0,0.0,0.0,0.0,0.0,0.0,0.0,-2,-2
256,1,-1,0.3601311147212982,-9.481226921081543,-2.9108486175537114,0,1,1,0,1,1,1,0,1,34,20.0,10,3.3968253968253963,0,0,1,1,0,0,1,1,0,0,0,0.0,0.0,1.0,0.0,0.0,0.0,0.0,0.0,0.0,0.0,0.0,0.0,0.0,0.0,-2,-2
255,1,-1,0.3605002462863922,-9.479841232299805,-2.403796434402466,0,1,1,0,1,1,1,0,1,34,20.0,10,6.285714285714286,0,0,1,1,0,0,1,1,0,0,0,0.0,0.0,1.0,1.0,0.0,0.0,0.0,0.0,0.0,0.0,0.0,0.0,0.0,0.0,-2,-2
254,1,-1,0.3196462392807007,-9.534491539001463,-2.205049991607666,0,1,1,0,1,1,1,0,1,33,20.0,10,8.626984126984128,0,0,1,0,0,0,1,1,0,0,0,0.0,1.0,0.0,0.0,0.0,0.0,0.0,1.0,0.0,0.0,0.0,0.0,0.0,0.0,-2,-2
253,1,-1,0.24756331741809845,-9.63333797454834,-2.193910837173462,0,1,1,0,1,1,1,0,1,33,20.0,20,1.079365079365079,0,0,1,0,0,0,1,1,0,0,0,1.0,0.0,0.0,1.0,0.0,0.0,0.0,0.0,0.0,0.0,0.0,0.0,0.0,0.0,-2,-2
252,1,-1,0.19342093169689176,-9.708739280700684,-2.1935484409332275,0,1,1,0,1,1,1,0,1,32,20.0,20,2.9841269841269837,0,0,1,0,0,0,0,1,0,0,0,0.0,0.0,0.0,0.0,0.0,0.0,0.0,0.0,0.0,0.0,1.0,0.0,0.0,0.0,-2,-2
251,1,-1,0.16167031228542328,-9.75357437133789,-2.1863341331481934,0,1,1,0,1,1,1,0,1,32,20.0,20,6.857142857142858,0,0,1,0,0,0,0,1,0,0,0,0.0,0.0,1.0,0.0,0.0,0.0,0.0,0.0,0.0,0.0,0.0,0.0,0.0,0.0,-2,-2
