remaining_time,robot_mode,alarm,robot_x,robot_y,robot_theta,tree 1,tree 2,tree 3,tree 4,tree 5,tree 6,tree 7,tree 8,tree 9,battery_level,temperature,water_robot_tank,water_ground_tank,leak 1,leak 2,leak 3,leak 4,leak 5,leak 6,leak 7,leak 8,leak 9,direction,avancement,left,right,push,wrench,leak 1,leak 2,leak 3,leak 4,leak 5,leak 6,leak 7,leak 8,leak 9,rm_alarm,errors,shortcuts
90,1,-1,-2.3386459350585938,9.181281089782717,2.6932153701782227,1,0,1,0,0,1,1,1,1,60,20.0,30,0.6269841269841264,1,1,0,1,0,1,1,0,0,0,0,0.0,0.0,0.0,1.0,0.0,0.0,1.0,0.0,0.0,0.0,0.0,0.0,0.0,0.0,-2,-2
89,1,-1,-2.3386459350585938,9.181281089782717,2.6932153701782227,1,0,1,0,0,1,1,1,1,60,20.0,30,0.6269841269841264,1,1,0,1,0,0,1,0,0,0,0,0.0,0.0,0.0,1.0,0.0,0.0,0.0,0.0,0.0,1.0,0.0,0.0,0.0,0.0,-2,-2
88,1,-1,-3.6670968532562256,9.819928169250488,2.694299459457397,1,0,1,0,0,1,1,1,1,59,20.0,30,0.6269841269841264,0,1,0,0,0,0,1,0,0,0,0,0.0,0.0,0.0,1.0,1.0,0.0,0.0,1.0,0.0,0.0,0.0,0.0,0.0,0.0,-2,-2
87,1,-1,-5.171112537384033,10.543006896972656,2.6924731731414795,1,0,1,0,0,1,1,1,1,59,20.0,30,0.6269841269841264,0,1,0,0,0,0,1,0,0,0,0,0.0,1.0,0.0,0.0,0.0,0.0,0.0,0.0,0.0,0.0,0.0,0.0,0.0,0.0,-2,-2
86,1,-1,-6.694595336914063,11.28794765472412,2.6823959350585938,1,0,1,0,0,1,1,1,1,58,20.0,30,0.6269841269841264,0,1,0,0,0,0,1,0,0,0,0,0.0,0.0,0.0,0.0,0.0,0.0,0.0,0.0,0.0,0.0,0.0,0.0,0.0,0.0,-2,-2
85,1,-1,-8.188398361206055,12.030485153198242,2.677132368087769,1,0,1,0,0,1,1,1,1,58,20.0,30,0.18253968253968209,0,1,0,0,0,0,1,0,0,0,0,0.0,0.0,0.0,0.0,0.0,0.0,0.0,0.0,0.0,0.0,0.0,0.0,0.0,0.0,-2,-2
84,1,-1,-9.678019523620604,12.781875610351562,2.667480230331421,1,0,1,0,0,1,1,1,1,57,20.0,30,0.18253968253968209,0,1,0,0,0,0,1,0,0,0,0,1.0,0.0,0.0,0.0,0.0,0.0,0.0,0.0,0.0,0.0,0.0,0.0,0.0,0.0,-2,-2
83,1,-1,-11.069401741027832,13.496803283691404,2.662457227706909,1,0,1,0,0,1,1,1,1,57,20.0,30,0.18253968253968209,0,1,0,0,0,0,1,0,0,0,0,1.0,0.0,0.0,0.0,0.0,0.0,0.0,0.0,0.0,0.0,0.0,0.0,0.0,0.0,-2,-2
82,1,-1,-12.148255348205565,14.065023422241213,2.6542646884918213,1,0,1,0,0,1,1,1,1,56,20.0,30,0.0,0,1,0,0,0,0,1,0,0,0,0,0.0,0.0,0.0,0.0,0.0,0.0,0.0,0.0,0.0,0.0,0.0,0.0,0.0,0.0,-2,-2
81,1,-1,-12.92110538482666,14.48022174835205,2.641559839248657,1,0,0,0,0,1,1,1,1,56,20.0,20,0.0,0,1,0,0,0,0,1,0,0,0,0,0.0,1.0,0.0,0.0,0.0,0.0,0.0,0.0,0.0,0.0,0.0,0.0,0.0,0.0,-2,-2
