remaining_time,robot_mode,alarm,robot_x,robot_y,robot_theta,tree 1,tree 2,tree 3,tree 4,tree 5,tree 6,tree 7,tree 8,tree 9,battery_level,temperature,water_robot_tank,water_ground_tank,leak 1,leak 2,leak 3,leak 4,leak 5,leak 6,leak 7,leak 8,leak 9,direction,avancement,left,right,push,wrench,leak 1,leak 2,leak 3,leak 4,leak 5,leak 6,leak 7,leak 8,leak 9,rm_alarm,errors,shortcuts
460,1,-1,0.3976961374282837,-14.853503227233887,-1.8784223794937132,0,1,1,0,1,1,1,0,1,30,20.0,80,3.777777777777656,0,0,0,0,0,0,0,0,0,0.53,0.0,0.0,0.0,0.0,0.0,0.0,0.0,0.0,0.0,0.0,0.0,0.0,0.0,0.0,0.0,-2,-2
459,1,-1,0.3976961374282837,-14.853503227233887,-1.8784223794937132,0,1,1,0,1,1,1,0,1,30,20.0,80,3.777777777777656,0,0,0,0,0,0,0,0,0,0.53,0.0,0.0,0.0,0.0,0.0,0.0,0.0,0.0,0.0,0.0,0.0,0.0,0.0,0.0,0.0,-2,-2
458,1,0,0.4017300307750702,-14.854034423828125,-1.1945252418518066,0,1,1,0,1,1,1,0,1,29,20.0,80,3.777777777777656,0,0,0,0,0,0,0,0,0,0.53,0.0,0.0,0.0,0.0,0.0,0.0,0.0,0.0,0.0,0.0,0.0,0.0,0.0,0.0,0.0,-2,-2
457,1,-1,0.4044231176376343,-14.855829238891602,-0.6396123766899109,0,1,1,0,1,1,1,0,1,29,20.0,80,3.777777777777656,0,0,0,0,0,0,0,0,0,0.53,0.0,0.0,0.0,0.0,0.0,0.0,0.0,0.0,0.0,0.0,0.0,0.0,0.0,0.0,0.0,-2,-2
456,1,-1,0.4045873284339905,-14.85587215423584,-0.5983388423919678,0,1,1,0,1,1,1,0,1,28,20.0,80,3.777777777777656,0,0,0,0,0,0,0,0,0,0,0,0.0,0.0,0.0,0.0,0.0,0.0,0.0,0.0,0.0,0.0,0.0,0.0,0.0,1.0,-2,-2
455,1,-1,0.4045873284339905,-14.85587215423584,-0.5983388423919678,0,1,1,0,1,1,1,0,1,28,20.0,80,3.777777777777656,0,0,0,0,0,0,0,0,1,0,0,0.0,0.0,0.0,0.0,0.0,0.0,0.0,0.0,0.0,0.0,0.0,0.0,0.0,0.0,-2,-2
454,1,-1,0.4087959229946137,-14.856907844543455,-0.07199937850236893,0,1,1,0,1,1,1,0,1,27,20.0,80,3.2222222222221006,0,0,0,0,0,0,0,0,1,0,0,1.0,0.0,0.0,0.0,0.0,0.0,0.0,0.0,0.0,0.0,0.0,0.0,0.0,0.0,-2,-2
453,1,-1,0.4121292531490326,-14.855143547058105,0.4641155600547791,1,1,1,0,1,1,1,0,1,27,20.0,80,2.666666666666545,0,0,0,0,0,0,0,0,1,0,0,0.0,0.0,0.0,0.0,0.0,0.0,0.0,0.0,0.0,0.0,0.0,0.0,0.0,0.0,-2,-2
452,1,-1,0.4120776653289795,-14.854233741760256,0.9651564359664916,1,1,1,0,1,1,1,0,1,26,20.0,80,2.333333333333212,0,0,0,0,0,0,0,0,1,0,0,0.0,0.0,0.0,1.0,0.0,0.0,0.0,0.0,0.0,0.0,0.0,0.0,0.0,0.0,-2,-2
451,1,4,1.0156307220458984,-13.75778102874756,1.0810275077819824,1,1,1,0,1,1,1,0,1,26,20.0,80,2.333333333333212,0,0,0,0,0,0,0,0,0,0,0,0.0,0.0,0.0,0.0,0.0,0.0,0.0,0.0,0.0,0.0,0.0,0.0,1.0,0.0,-2,-2
