remaining_time,robot_mode,alarm,robot_x,robot_y,robot_theta,tree 1,tree 2,tree 3,tree 4,tree 5,tree 6,tree 7,tree 8,tree 9,battery_level,temperature,water_robot_tank,water_ground_tank,leak 1,leak 2,leak 3,leak 4,leak 5,leak 6,leak 7,leak 8,leak 9,direction,avancement,left,right,push,wrench,leak 1,leak 2,leak 3,leak 4,leak 5,leak 6,leak 7,leak 8,leak 9,rm_alarm,errors,shortcuts
520,1,-1,-2.2242772579193115,8.210296630859375,-1.5941938161849976,1,0,1,0,0,1,0,0,0,60,20.0,10,95.5555555555553,0,0,0,0,0,0,0,0,0,0.0,2.86,0.0,0.0,0.0,0.0,0.0,0.0,0.0,0.0,0.0,0.0,0.0,0.0,0.0,0.0,-2,-2
519,1,-1,-2.2242772579193115,8.210296630859375,-1.5941938161849976,1,0,1,0,0,1,0,0,0,60,20.0,10,95.5555555555553,0,0,0,0,0,0,0,0,0,0.53,0.0,0.0,0.0,0.0,0.0,0.0,0.0,0.0,0.0,0.0,0.0,0.0,0.0,0.0,0.0,-2,-2
518,1,-1,-2.209589958190918,8.76567268371582,-1.2102588415145874,1,0,1,0,0,1,0,0,0,59,20.0,10,95.5555555555553,0,0,0,0,0,0,0,0,0,0.53,0.0,0.0,0.0,0.0,0.0,0.0,0.0,0.0,0.0,0.0,0.0,0.0,0.0,0.0,0.0,-2,-2
517,1,4,-2.2122609615325928,8.766271591186522,-0.6491280198097229,1,0,1,0,0,1,0,0,0,59,20.0,10,95.5555555555553,0,0,0,0,0,0,0,0,0,0.0,2.86,0.0,0.0,0.0,0.0,0.0,0.0,0.0,0.0,0.0,0.0,0.0,0.0,0.0,0.0,-2,-2
516,1,-1,-2.2133755683898926,8.765759468078612,-0.11497455835342407,1,0,1,0,0,1,0,0,0,58,20.0,10,95.5555555555553,0,0,0,0,0,0,0,0,0,0.0,2.86,0.0,0.0,0.0,0.0,0.0,0.0,0.0,0.0,0.0,0.0,0.0,0.0,0.0,0.0,-2,-2
515,1,-1,-2.215467929840088,8.76509952545166,0.4251060485839844,1,0,1,0,0,1,0,0,0,58,20.0,10,95.5555555555553,0,0,0,0,0,0,0,0,0,0,0,0.0,0.0,0.0,0.0,0.0,0.0,0.0,0.0,0.0,0.0,0.0,0.0,0.0,1.0,-2,-2
514,1,-1,-1.7374087572097778,9.14621639251709,0.6905360221862793,1,0,1,0,0,1,0,0,0,57,20.0,10,95.5555555555553,0,0,0,0,0,0,0,0,0,0,0,0.0,0.0,0.0,0.0,0.0,0.0,0.0,0.0,0.0,0.0,0.0,0.0,0.0,0.0,-2,-2
513,1,-1,-1.7316726446151731,8.820940971374512,0.9589129090309144,1,0,1,0,0,1,0,0,0,57,20.0,10,95.5555555555553,0,0,0,0,0,0,0,0,0,0,0,0.0,0.0,0.0,0.0,0.0,0.0,0.0,0.0,0.0,0.0,0.0,0.0,0.0,0.0,-2,-2
512,1,-1,-0.5917541980743408,9.488109588623047,0.629168689250946,1,0,1,0,0,1,0,0,0,56,20.0,10,95.5555555555553,0,0,0,0,0,0,0,0,0,0,0,0.0,0.0,0.0,0.0,0.0,0.0,0.0,0.0,0.0,0.0,0.0,0.0,0.0,0.0,-2,-2
511,1,-1,0.5363962054252625,10.52877426147461,0.7711100578308105,1,0,1,0,0,1,0,0,0,56,20.0,10,95.5555555555553,0,0,0,0,0,0,0,0,0,0,0,0.0,0.0,0.0,0.0,0.0,0.0,0.0,0.0,0.0,0.0,0.0,0.0,0.0,0.0,-2,-2
