remaining_time,robot_mode,alarm,robot_x,robot_y,robot_theta,tree 1,tree 2,tree 3,tree 4,tree 5,tree 6,tree 7,tree 8,tree 9,battery_level,temperature,water_robot_tank,water_ground_tank,leak 1,leak 2,leak 3,leak 4,leak 5,leak 6,leak 7,leak 8,leak 9,direction,avancement,left,right,push,wrench,leak 1,leak 2,leak 3,leak 4,leak 5,leak 6,leak 7,leak 8,leak 9,rm_alarm,errors,shortcuts
550,1,-1,5.164685249328613,-1.7474043369293213,-2.043323516845703,0,0,0,0,0,1,1,1,0,87,20.0,40,0.8888888888885578,0,1,0,0,0,1,1,1,1,0.0,2.86,0.0,0.0,0.0,0.0,0.0,0.0,0.0,0.0,0.0,0.0,0.0,0.0,0.0,0.0,-2,-2
549,1,-1,4.636573791503906,-3.7171027660369873,-1.4576355218887331,0,0,1,0,0,1,1,1,0,87,20.0,40,0.8888888888885578,0,1,0,0,0,1,1,1,1,-0.4416666666666667,0.4766666666666666,0.0,0.0,0.0,0.0,0.0,0.0,0.0,0.0,0.0,0.0,0.0,0.0,0.0,0.0,-2,-2
548,1,-1,4.636312961578369,-3.7149739265441895,-0.90911066532135,0,0,1,0,0,1,1,1,0,86,20.0,40,0.8888888888885578,0,1,0,0,0,1,1,1,1,-0.53,0.0,0.0,0.0,0.0,0.0,0.0,0.0,0.0,0.0,0.0,0.0,0.0,0.0,0.0,0.0,-2,-2
547,1,4,5.528627395629883,-4.669549942016602,-0.8139720559120178,0,0,1,0,0,1,1,1,0,86,20.0,40,0.8888888888885578,0,1,0,0,0,1,1,1,1,-0.53,0.0,0.0,0.0,0.0,0.0,0.0,0.0,0.0,0.0,0.0,0.0,0.0,0.0,0.0,0.0,-2,-2
546,1,-1,6.6349873542785645,-5.843146324157715,-0.81351637840271,0,0,1,0,0,1,1,1,0,85,20.0,40,0.8888888888885578,0,1,0,0,0,1,1,1,1,-0.53,0.0,0.0,0.0,0.0,0.0,0.0,0.0,0.0,0.0,0.0,0.0,0.0,0.0,0.0,0.0,-2,-2
545,1,-1,7.781792640686035,-7.055215358734131,-0.8033110499382019,0,0,1,0,0,1,1,1,0,85,20.0,40,0.8888888888885578,0,1,0,0,0,1,1,1,1,-0.53,0.0,0.0,0.0,0.0,0.0,0.0,0.0,0.0,0.0,0.0,0.0,0.0,0.0,0.0,1.0,-2,-2
544,1,-1,8.980772018432617,-8.293862342834473,-0.8010598421096802,0,0,1,0,0,1,1,1,0,84,20.0,40,0.8888888888885578,0,1,0,0,0,1,1,1,1,0,0,0.0,0.0,0.0,0.0,0.0,0.0,0.0,0.0,0.0,0.0,0.0,0.0,0.0,0.0,-2,-2
543,1,-1,10.120906829833984,-9.472753524780273,-0.8013740181922913,0,0,1,0,0,1,1,1,0,84,20.0,40,0.8888888888885578,0,1,0,0,0,1,1,1,1,0,0,0.0,0.0,0.0,0.0,0.0,0.0,0.0,0.0,0.0,0.0,0.0,0.0,0.0,0.0,-2,-2
542,1,-1,11.302867889404295,-10.68951416015625,-0.7987110614776611,0,0,1,0,0,1,1,1,0,83,20.0,40,0.8888888888885578,0,1,0,0,0,1,1,1,1,0,0,0.0,0.0,0.0,0.0,0.0,0.0,0.0,0.0,0.0,0.0,0.0,0.0,0.0,0.0,-2,-2
541,1,-1,12.434259414672852,-11.83858585357666,-0.7914554476737976,0,0,1,0,0,1,1,1,0,83,20.0,40,0.8888888888885578,0,1,0,0,0,1,1,1,1,0,0,0.0,0.0,1.0,0.0,0.0,0.0,0.0,0.0,0.0,0.0,0.0,0.0,0.0,0.0,-2,-2
