remaining_time,robot_mode,alarm,robot_x,robot_y,robot_theta,tree 1,tree 2,tree 3,tree 4,tree 5,tree 6,tree 7,tree 8,tree 9,battery_level,temperature,water_robot_tank,water_ground_tank,leak 1,leak 2,leak 3,leak 4,leak 5,leak 6,leak 7,leak 8,leak 9,direction,avancement,left,right,push,wrench,leak 1,leak 2,leak 3,leak 4,leak 5,leak 6,leak 7,leak 8,leak 9,rm_alarm,errors,shortcuts
490,1,-1,-0.6840768456459045,-10.012215614318848,-3.1176481246948238,1,0,0,1,1,1,0,1,0,45,20.0,70,3.5952380952372973,0,0,0,0,1,0,0,0,0,0,0,1.0,0.0,0.0,0.0,0.0,0.0,0.0,0.0,0.0,0.0,0.0,0.0,0.0,0.0, -1,1
489,1,-1,-0.6840768456459045,-10.012215614318848,-3.1176481246948238,1,0,0,1,1,1,0,1,0,45,20.0,70,3.039682539681741,0,0,0,0,1,0,0,0,0,0,0,1.0,0.0,0.0,0.0,0.0,0.0,0.0,0.0,0.0,0.0,0.0,0.0,0.0,0.0, -1,2
488,1,-1,-0.6810744404792786,-10.016183853149414,-2.7019801139831543,1,0,0,1,1,1,0,1,0,44,20.0,70,2.4841269841261857,0,0,0,0,1,0,0,0,0,0,0,0.0,0.0,0.0,1.0,0.0,0.0,0.0,0.0,0.0,0.0,0.0,0.0,0.0,0.0, -1, -1
487,1,-1,-0.6803144812583923,-10.01932144165039,-2.212960958480835,1,0,0,1,1,1,0,1,0,44,20.0,70,2.039682539681741,0,0,0,0,0,0,0,0,0,0,0,0.0,0.0,0.0,0.0,0.0,0.0,0.0,0.0,1.0,0.0,0.0,0.0,0.0,0.0, -1,1
486,1,-1,-0.6790493130683899,-10.02150058746338,-1.718302607536316,1,0,0,1,1,1,0,1,0,43,20.0,70,2.039682539681741,0,0,0,0,0,0,0,0,0,0,0,0.0,0.0,0.0,0.0,0.0,0.0,0.0,0.0,0.0,0.0,0.0,0.0,0.0,0.0, -1, -1
485,1,-1,-0.6275045275688171,-10.383150100708008,-1.412738561630249,1,0,0,1,1,1,0,1,0,43,20.0,70,2.039682539681741,0,0,0,0,0,0,0,0,0,0,0,0.0,0.0,0.0,0.0,0.0,0.0,0.0,0.0,0.0,0.0,0.0,0.0,0.0,0.0, -1, -1
484,1,-1,-0.3496921956539154,-11.90666389465332,-1.387579083442688,1,0,0,1,1,1,0,1,0,42,20.0,70,2.039682539681741,0,0,0,0,0,0,0,0,0,0,0,0.0,0.0,0.0,0.0,0.0,0.0,0.0,0.0,0.0,0.0,0.0,0.0,0.0,0.0, -1, -1
483,1,-1,-0.12525449693202972,-13.045552253723145,-1.3681155443191528,1,0,0,1,1,1,0,1,1,42,20.0,70,2.039682539681741,0,0,0,0,0,0,0,0,0,0,0,0.0,1.0,0.0,0.0,0.0,0.0,0.0,0.0,0.0,0.0,0.0,0.0,0.0,0.0, -1,2
482,1,-1,0.044335491955280304,-13.874368667602539,-1.3697354793548584,1,0,0,1,1,1,0,0,1,41,20.0,60,2.039682539681741,0,0,0,0,0,0,0,0,0,0,0,0.0,1.0,0.0,0.0,0.0,0.0,0.0,0.0,0.0,0.0,0.0,0.0,0.0,0.0, -1,1
481,1,-1,0.17239853739738464,-14.482481002807615,-1.357055902481079,1,0,0,1,1,1,0,0,1,41,20.0,60,4.039682539681741,0,0,0,0,0,0,0,0,0,0,0,0.0,0.0,1.0,0.0,0.0,0.0,0.0,0.0,0.0,0.0,0.0,0.0,0.0,0.0, -1,1
