remaining_time,robot_mode,alarm,robot_x,robot_y,robot_theta,tree 1,tree 2,tree 3,tree 4,tree 5,tree 6,tree 7,tree 8,tree 9,battery_level,temperature,water_robot_tank,water_ground_tank,leak 1,leak 2,leak 3,leak 4,leak 5,leak 6,leak 7,leak 8,leak 9,direction,avancement,left,right,push,wrench,leak 1,leak 2,leak 3,leak 4,leak 5,leak 6,leak 7,leak 8,leak 9,rm_alarm,errors,shortcuts
540,1,-1,15.512353897094727,-11.824881553649902,-1.271930694580078,0,1,0,0,0,0,0,0,0,70,20.0,20,46.69047619047581,0,1,0,0,1,0,0,1,0,0,0,0.0,0.0,0.0,0.0,0.0,0.0,0.0,0.0,0.0,0.0,0.0,0.0,0.0,0.0,-2,-2
539,1,-1,15.32450008392334,-12.831398010253904,-1.7980958223342896,0,1,0,0,0,0,0,0,0,70,20.0,20,45.023809523809135,0,1,0,0,1,0,0,1,0,0,0,0.0,0.0,0.0,0.0,0.0,0.0,0.0,0.0,0.0,0.0,0.0,0.0,0.0,0.0,-2,-2
538,1,-1,15.278740882873535,-13.016937255859375,-1.837830662727356,0,1,0,0,0,0,0,0,0,69,20.0,20,43.357142857142456,0,1,0,0,1,0,0,1,0,0,0,0.0,0.0,0.0,0.0,0.0,0.0,0.0,0.0,0.0,0.0,0.0,0.0,0.0,0.0,-2,-2
537,1,-1,15.278740882873535,-13.016937255859375,-1.837830662727356,0,1,0,0,0,0,0,0,0,69,20.0,20,41.690476190475785,0,1,0,0,1,0,0,1,0,0,0,0.0,0.0,0.0,0.0,0.0,0.0,0.0,0.0,0.0,0.0,0.0,0.0,0.0,0.0,-2,-2
536,1,-1,15.279629707336426,-13.022943496704102,-2.26388955116272,0,1,0,0,0,0,0,0,0,68,20.0,20,40.023809523809106,0,1,0,0,1,0,0,1,0,0,0,0.0,0.0,0.0,0.0,0.0,0.0,0.0,0.0,0.0,0.0,0.0,0.0,0.0,0.0,-2,-2
535,1,-1,15.276915550231935,-13.023035049438475,-2.782181978225708,0,1,0,0,0,0,0,0,0,68,20.0,20,38.35714285714243,0,1,0,0,1,0,0,1,0,0,0,0.0,0.0,0.0,0.0,0.0,0.0,0.0,0.0,0.0,0.0,0.0,0.0,0.0,0.0,-2,-2
534,1,-1,15.274968147277832,-13.02340316772461,3.0536046028137207,0,1,0,0,0,0,0,0,0,67,20.0,20,36.69047619047575,0,1,0,0,1,0,0,1,0,0,0,0.0,0.0,0.0,0.0,0.0,0.0,0.0,0.0,0.0,0.0,0.0,0.0,0.0,0.0,-2,-2
533,1,-1,15.27281093597412,-13.023483276367188,2.5368077754974365,0,1,0,0,0,0,0,0,0,67,20.0,20,35.02380952380907,0,1,0,0,1,0,0,1,0,0,0,0.0,0.0,0.0,0.0,0.0,0.0,0.0,0.0,0.0,0.0,0.0,0.0,0.0,0.0,-2,-2
532,1,-1,15.09926986694336,-12.769088745117188,2.14330530166626,0,1,0,0,0,0,0,0,0,66,20.0,20,33.35714285714239,0,1,0,0,1,0,0,1,0,0,0,0.0,0.0,0.0,0.0,0.0,0.0,0.0,0.0,0.0,0.0,0.0,0.0,0.0,0.0,-2,-2
531,1,-1,14.23154067993164,-11.344134330749512,2.1144945621490483,0,1,0,0,0,0,0,0,0,66,20.0,20,31.690476190475717,0,1,0,0,1,0,0,1,0,0,0,0.0,0.0,0.0,0.0,0.0,0.0,0.0,0.0,0.0,0.0,0.0,0.0,0.0,0.0,-2,-2
