remaining_time,robot_mode,alarm,robot_x,robot_y,robot_theta,tree 1,tree 2,tree 3,tree 4,tree 5,tree 6,tree 7,tree 8,tree 9,battery_level,temperature,water_robot_tank,water_ground_tank,leak 1,leak 2,leak 3,leak 4,leak 5,leak 6,leak 7,leak 8,leak 9,direction,avancement,left,right,push,wrench,leak 1,leak 2,leak 3,leak 4,leak 5,leak 6,leak 7,leak 8,leak 9,rm_alarm,errors,shortcuts
300,1,-1,16.290519714355472,16.32845115661621,-2.9812324047088623,1,1,0,0,1,1,1,1,1,100,20.0,0,79.3174603174597,0,0,0,0,0,1,0,1,0,0,0,0.0,0.0,0.0,0.0,0.0,0.0,0.0,0.0,0.0,0.0,0.0,0.0,0.0,0.0,-2,-2
299,1,-1,16.290519714355472,16.32845115661621,-2.981141805648804,1,1,0,0,1,1,1,1,1,100,20.0,0,78.20634920634856,0,0,0,0,0,1,0,1,0,0,0,0.0,0.0,0.0,0.0,0.0,0.0,0.0,0.0,0.0,0.0,0.0,0.0,0.0,0.0,-2,-2
298,1,-1,16.290519714355472,16.32845115661621,-2.981141805648804,1,1,0,0,1,1,1,1,1,100,20.0,0,77.09523809523742,0,0,0,0,0,1,0,1,0,0,0,0.0,0.0,0.0,0.0,0.0,0.0,0.0,0.0,0.0,0.0,0.0,0.0,0.0,0.0,-2,-2
297,1,-1,16.290519714355472,16.32845115661621,-2.981053590774536,1,1,0,0,1,1,1,1,1,100,20.0,0,75.98412698412628,0,0,0,0,0,1,0,1,0,0,0,0.0,0.0,0.0,0.0,0.0,0.0,0.0,0.0,0.0,0.0,0.0,0.0,0.0,0.0,-2,-2
296,1,-1,16.290519714355472,16.32845115661621,-2.981053590774536,1,1,0,0,1,1,1,1,1,100,20.0,0,74.87301587301512,0,0,0,0,0,1,0,1,0,0,0,0.0,0.0,0.0,0.0,0.0,0.0,0.0,0.0,0.0,0.0,0.0,0.0,0.0,0.0,-2,-2
295,1,-1,16.290519714355472,16.32845115661621,-2.9809608459472656,1,1,0,0,1,1,1,1,1,100,20.0,0,73.76190476190398,0,0,0,0,0,1,0,1,0,0,0,0.0,0.0,0.0,0.0,0.0,0.0,0.0,0.0,0.0,0.0,0.0,0.0,0.0,0.0,-2,-2
294,1,-1,16.290519714355472,16.32845115661621,-2.9809608459472656,1,1,0,0,1,1,1,1,1,100,20.0,0,72.65079365079285,0,0,0,0,0,1,0,1,0,0,0,0.0,0.0,0.0,0.0,0.0,0.0,0.0,0.0,0.0,0.0,0.0,0.0,0.0,0.0,-2,-2
293,1,-1,16.290519714355472,16.32845115661621,-2.9808714389801025,1,1,0,0,1,1,1,1,1,100,20.0,0,71.5396825396817,0,0,0,0,0,1,0,1,0,0,0,0.0,0.0,0.0,0.0,0.0,0.0,0.0,0.0,0.0,0.0,0.0,0.0,0.0,0.0,-2,-2
292,1,-1,16.290519714355472,16.32845115661621,-2.9808714389801025,1,1,0,0,1,1,1,1,1,100,20.0,0,70.42857142857056,0,0,0,0,0,1,0,1,0,0,0,0.0,0.0,0.0,0.0,0.0,0.0,0.0,0.0,0.0,0.0,0.0,0.0,0.0,0.0,-2,-2
291,1,-1,16.290519714355472,16.32845115661621,-2.980781555175781,1,1,0,0,1,1,1,1,1,100,20.0,0,69.31746031745942,0,0,0,0,0,1,0,1,0,0,0,0.0,0.0,0.0,0.0,0.0,0.0,0.0,0.0,0.0,0.0,0.0,0.0,0.0,0.0,-2,-2
