remaining_time,robot_mode,alarm,robot_x,robot_y,robot_theta,tree 1,tree 2,tree 3,tree 4,tree 5,tree 6,tree 7,tree 8,tree 9,battery_level,temperature,water_robot_tank,water_ground_tank,leak 1,leak 2,leak 3,leak 4,leak 5,leak 6,leak 7,leak 8,leak 9,direction,avancement,left,right,push,wrench,leak 1,leak 2,leak 3,leak 4,leak 5,leak 6,leak 7,leak 8,leak 9,rm_alarm,errors,shortcuts
300,1,-1,7.110499858856201,-7.6562113761901855,2.1325030326843257,1,1,1,1,1,0,0,0,1,45,20.0,50,0.7222222222218757,1,1,0,1,1,1,0,1,1,0,0,0.0,0.0,0.0,0.0,0.0,0.0,0.0,0.0,0.0,0.0,0.0,0.0,0.0,0.0,-2,-2
299,1,-1,6.221508502960205,-6.245340824127197,2.1344316005706787,1,1,1,1,1,0,0,0,1,45,20.0,50,0.7222222222218757,1,1,0,1,1,1,0,1,1,0,0,0.0,0.0,0.0,0.0,0.0,0.0,0.0,0.0,0.0,0.0,0.0,0.0,0.0,0.0,-2,-2
298,1,-1,5.32636022567749,-4.836935520172119,2.1366183757781982,1,1,1,1,1,0,0,0,1,44,20.0,50,0.7222222222218757,1,1,0,1,1,1,0,1,1,0,0,0.0,0.0,0.0,0.0,0.0,0.0,0.0,0.0,0.0,0.0,0.0,0.0,0.0,0.0,-2,-2
297,1,-1,4.426474094390869,-3.432008981704712,2.1421947479248047,1,1,1,1,1,0,0,0,1,44,20.0,50,0.7222222222218757,1,1,0,1,1,1,0,1,1,0,0,0.0,0.0,0.0,0.0,0.0,0.0,0.0,0.0,0.0,0.0,0.0,0.0,0.0,0.0,-2,-2
296,1,-1,3.5193707942962646,-2.03145170211792,2.1515347957611084,1,1,1,1,1,0,0,0,1,43,20.0,50,0.7222222222218757,1,1,0,1,1,1,0,1,1,0,0,0.0,0.0,0.0,0.0,0.0,0.0,0.0,0.0,0.0,0.0,0.0,0.0,0.0,0.0,-2,-2
295,1,-1,2.604630708694458,-0.63580721616745,2.1560313701629643,1,1,1,1,1,0,0,0,1,43,20.0,50,0.7222222222218757,1,1,0,1,1,1,0,1,1,0,0,0.0,0.0,0.0,0.0,0.0,0.0,0.0,0.0,0.0,0.0,0.0,0.0,0.0,0.0,-2,-2
294,1,-1,1.6839176416397097,0.7556263208389282,2.1614820957183842,1,1,1,1,1,0,0,0,1,42,20.0,50,0.7222222222218757,1,1,0,1,1,1,0,1,1,0,0,0.0,0.0,0.0,0.0,0.0,0.0,0.0,0.0,0.0,0.0,0.0,0.0,0.0,0.0,-2,-2
293,1,-1,0.7504905462265015,2.1386311054229736,2.167688369750977,1,1,1,1,1,0,0,0,1,42,20.0,50,0.7222222222218757,1,1,0,1,1,1,0,1,1,0,0,0.0,0.0,0.0,0.0,0.0,0.0,0.0,0.0,0.0,0.0,0.0,0.0,0.0,0.0,-2,-2
292,1,-1,-0.09510502964258194,3.3660979270935063,2.179208755493164,1,1,1,1,1,0,0,0,1,41,20.0,50,0.7222222222218757,1,1,0,1,1,1,0,1,1,0,0,0.0,0.0,0.0,0.0,0.0,0.0,0.0,0.0,0.0,0.0,0.0,0.0,0.0,0.0,-2,-2
291,1,-1,-0.7236418724060059,4.264515399932861,2.1832284927368164,1,1,1,1,1,0,0,0,1,41,20.0,50,0.7222222222218757,1,1,0,1,1,1,0,1,1,0,0,0.0,0.0,0.0,0.0,0.0,0.0,0.0,0.0,0.0,0.0,0.0,0.0,0.0,0.0,-2,-2
