remaining_time,robot_mode,alarm,robot_x,robot_y,robot_theta,tree 1,tree 2,tree 3,tree 4,tree 5,tree 6,tree 7,tree 8,tree 9,battery_level,temperature,water_robot_tank,water_ground_tank,leak 1,leak 2,leak 3,leak 4,leak 5,leak 6,leak 7,leak 8,leak 9,direction,avancement,left,right,push,wrench,leak 1,leak 2,leak 3,leak 4,leak 5,leak 6,leak 7,leak 8,leak 9,rm_alarm,errors,shortcuts
530,1,-1,-0.9760136008262634,5.772927284240723,2.6720867156982417,0,1,0,0,1,0,1,0,0,65,20.0,40,100.0,0,0,0,0,0,0,0,1,0,-0.53,0.0,0.0,0.0,0.0,0.0,0.0,0.0,0.0,0.0,0.0,0.0,0.0,0.0,0.0,0.0,-2,-2
529,1,-1,-0.9760136008262634,5.772927284240723,2.6720867156982417,0,1,0,0,1,0,1,0,0,65,20.0,40,99.88888888888887,0,0,0,0,0,0,0,1,0,-0.53,0.0,0.0,0.0,0.0,0.0,0.0,0.0,0.0,0.0,0.0,0.0,0.0,0.0,0.0,0.0,-2,-2
528,1,-1,-0.9755935072898864,5.772879123687744,2.125318050384521,0,1,0,0,1,0,1,0,0,64,20.0,40,99.88888888888887,0,0,0,0,0,0,0,1,0,0,0,0.0,0.0,0.0,1.0,0.0,0.0,0.0,0.0,0.0,0.0,0.0,0.0,0.0,0.0,-2,-2
527,1,-1,-0.9751353263854979,5.773532390594482,1.7402602434158323,0,1,0,0,1,0,1,0,0,64,20.0,40,99.92063492063492,0,0,0,0,0,0,0,0,0,0,0,0.0,0.0,0.0,0.0,0.0,0.0,0.0,0.0,0.0,0.0,0.0,1.0,0.0,0.0,-2,-2
526,1,-1,-1.102751612663269,6.861092567443848,1.6717805862426758,0,1,0,0,1,0,1,0,0,63,20.0,40,99.92063492063492,0,0,0,0,0,0,0,0,0,0,0,0.0,0.0,0.0,0.0,0.0,0.0,0.0,0.0,0.0,0.0,0.0,0.0,0.0,0.0,-2,-2
525,1,-1,-1.1843078136444092,7.675236225128174,1.664639234542847,0,1,0,0,0,0,1,0,0,63,20.0,30,99.92063492063492,0,1,0,0,0,0,0,0,0,0,0,0.0,0.0,0.0,0.0,0.0,0.0,0.0,0.0,0.0,0.0,0.0,0.0,0.0,0.0,-2,-2
524,1,-1,-1.2388852834701538,8.273252487182617,1.6551464796066284,0,1,0,0,0,0,1,0,0,62,20.0,30,99.64285714285714,0,1,0,0,0,0,0,0,0,0,0,0.0,0.0,0.0,0.0,0.0,0.0,0.0,0.0,0.0,0.0,0.0,0.0,0.0,0.0,-2,-2
523,1,-1,-1.2388852834701538,8.273252487182617,1.6551464796066284,0,1,0,0,0,0,1,0,0,62,20.0,30,99.36507936507934,0,1,0,0,0,0,0,0,0,0,0,0.0,0.0,0.0,0.0,0.0,0.0,0.0,0.0,0.0,0.0,0.0,0.0,0.0,0.0,-2,-2
522,1,-1,-1.1233551502227783,8.315706253051758,1.5365819931030271,0,1,0,0,0,0,1,0,0,61,20.0,30,98.80952380952377,0,1,0,0,0,0,0,0,0,0,0,0.0,0.0,0.0,0.0,0.0,0.0,0.0,0.0,0.0,0.0,0.0,0.0,0.0,0.0,-2,-2
521,1,-1,-1.13759183883667,7.942750930786133,1.5344979763031006,0,1,0,0,0,0,1,0,0,61,20.0,30,98.2539682539682,0,1,0,0,0,0,0,0,0,0,0,0.0,0.0,0.0,0.0,0.0,0.0,0.0,0.0,0.0,0.0,0.0,0.0,0.0,0.0,-2,-2
