remaining_time,robot_mode,alarm,robot_x,robot_y,robot_theta,tree 1,tree 2,tree 3,tree 4,tree 5,tree 6,tree 7,tree 8,tree 9,battery_level,temperature,water_robot_tank,water_ground_tank,leak 1,leak 2,leak 3,leak 4,leak 5,leak 6,leak 7,leak 8,leak 9,direction,avancement,left,right,push,wrench,leak 1,leak 2,leak 3,leak 4,leak 5,leak 6,leak 7,leak 8,leak 9,rm_alarm,errors,shortcuts
520,1,-1,1.0938977003097534,15.98271656036377,-1.804766058921814,0,0,0,0,1,1,0,0,1,84,90.91422633080244,10,94.40476190476154,0,1,1,0,0,0,0,0,1,0,0,0.0,0.0,0.0,0.0,0.0,0.0,0.0,0.0,0.0,0.0,0.0,0.0,0.0,0.0,-2,-2
519,1,-1,0.7022203207015991,14.91473388671875,-1.93558406829834,0,0,0,0,1,1,0,0,1,84,87.5808929974691,10,97.42857142857105,0,1,1,0,0,0,0,0,1,0,0,0.0,0.0,0.0,1.0,0.0,0.0,0.0,0.0,0.0,0.0,0.0,0.0,0.0,0.0,-2,-2
518,1,-1,0.206084206700325,13.619953155517578,-1.9456416368484497,0,0,0,0,1,1,0,0,1,83,84.24755966413578,10,99.96031746031704,0,0,0,0,0,0,0,0,1,0,0,0.0,0.0,0.0,1.0,0.0,1.0,1.0,0.0,0.0,0.0,0.0,0.0,0.0,0.0,-2,-2
517,1,-1,-0.16663432121276855,12.67381763458252,-1.949527382850647,0,0,0,0,0,1,0,0,1,83,80.91422633080244,0,100.0,0,0,0,0,0,0,0,0,0,0,0,0.0,0.0,0.0,1.0,0.0,0.0,0.0,0.0,0.0,0.0,0.0,0.0,1.0,0.0,-2,-2
516,1,-1,-0.4489867687225342,11.983619689941404,-1.960632085800171,0,0,0,0,0,1,0,0,1,82,74.24755966413579,0,100.0,0,0,0,0,0,0,0,0,0,0,0,0.0,0.0,0.0,0.0,0.0,0.0,0.0,0.0,0.0,0.0,0.0,0.0,0.0,0.0,-2,-2
515,1,-1,-0.4489867687225342,11.983619689941404,-1.960632085800171,0,0,0,0,0,1,0,0,1,82,74.24755966413579,0,100.0,0,0,0,0,0,0,0,1,0,0,0,0.0,0.0,0.0,0.0,0.0,0.0,0.0,0.0,0.0,0.0,0.0,0.0,0.0,0.0,-2,-2
514,1,-1,-0.00623643072322011,12.273770332336426,-1.6199649572372437,0,0,0,0,0,1,0,0,1,81,70.91422633080246,0,99.8095238095238,0,0,0,0,0,0,0,1,0,0,0,1.0,1.0,0.0,0.0,0.0,0.0,0.0,0.0,0.0,0.0,0.0,0.0,0.0,0.0,-2,-2
513,1,-1,-0.05521198362112045,10.605368614196776,-1.5970737934112549,0,0,0,0,1,1,0,0,1,81,67.58089299746914,0,100.0,0,0,0,0,0,0,0,1,0,0,0,0.0,0.0,1.0,0.0,0.0,0.0,0.0,0.0,0.0,0.0,0.0,0.0,0.0,0.0,-2,-2
512,1,-1,-0.09891275316476822,8.937694549560547,-1.5971516370773315,0,0,0,0,1,1,0,0,1,80,76.64316432313649,0,100.0,0,0,0,0,0,0,0,0,0,0,0,0.0,0.0,0.0,1.0,0.0,0.0,0.0,0.0,0.0,0.0,0.0,1.0,0.0,0.0,-2,-2
511,1,-1,-0.139040008187294,7.2695698738098145,-1.5916119813919067,0,0,0,0,1,1,0,0,1,80,76.65502556388094,0,100.0,0,0,0,0,0,0,0,0,0,0,0,1.0,1.0,0.0,0.0,0.0,0.0,0.0,0.0,0.0,0.0,0.0,0.0,0.0,0.0,-2,-2
