remaining_time,robot_mode,alarm,robot_x,robot_y,robot_theta,tree 1,tree 2,tree 3,tree 4,tree 5,tree 6,tree 7,tree 8,tree 9,battery_level,temperature,water_robot_tank,water_ground_tank,leak 1,leak 2,leak 3,leak 4,leak 5,leak 6,leak 7,leak 8,leak 9,direction,avancement,left,right,push,wrench,leak 1,leak 2,leak 3,leak 4,leak 5,leak 6,leak 7,leak 8,leak 9,rm_alarm,errors,shortcuts
530,1,-1,0.00971822440624237,12.17788028717041,1.862453818321228,1,1,0,0,0,0,0,1,1,65,26.43673635187396,50,64.15873015872992,0,0,0,0,0,0,1,0,0,0.53,0.0,0.0,0.0,0.0,0.0,0.0,0.0,0.0,0.0,0.0,0.0,0.0,0.0,0.0,0.0, -1, -1
529,1,-1,0.00971822440624237,12.17788028717041,1.862453818321228,1,1,0,0,0,0,0,1,1,65,26.43673635187396,50,63.60317460317435,0,0,0,0,0,0,1,0,0,0.53,0.0,0.0,0.0,0.0,0.0,0.0,0.0,0.0,0.0,0.0,0.0,0.0,0.0,0.0,0.0, -1, -1
528,1,-1,-0.1971360296010971,12.793919563293455,1.8715951442718504,1,0,0,0,0,0,0,1,1,64,23.103403018540632,40,63.04761904761878,0,0,0,0,0,0,1,0,0,-0.265,1.43,0.0,0.0,0.0,0.0,0.0,0.0,0.0,0.0,0.0,0.0,0.0,0.0,0.0,0.0, -1, -1
527,1,-1,-0.34610751271247864,13.280168533325195,1.8649617433547971,1,0,0,0,0,0,0,1,1,64,20.0,40,62.49206349206321,0,0,0,0,0,0,1,0,0,0,0,0.0,0.0,0.0,0.0,0.0,0.0,0.0,0.0,0.0,0.0,0.0,0.0,0.0,0.0, -1, -1
526,1,-1,0.2946792542934418,11.14613151550293,1.862304449081421,1,0,0,0,0,0,0,1,1,63,20.0,40,61.936507936507645,0,0,0,0,0,0,1,0,0,0,0,0.0,0.0,0.0,0.0,0.0,0.0,0.0,0.0,0.0,0.0,0.0,0.0,0.0,0.0, -1, -1
525,1,4,0.2946792542934418,11.14613151550293,1.862304449081421,1,0,0,0,0,0,0,1,1,63,20.0,40,61.380952380952074,0,0,0,0,0,0,1,0,0,-0.53,0.0,0.0,0.0,0.0,0.0,0.0,0.0,0.0,0.0,0.0,0.0,0.0,0.0,0.0,0.0, -1, -1
524,1,-1,0.3296600878238678,11.032801628112793,1.4199156761169434,1,0,0,0,0,0,0,1,1,62,20.0,40,60.8253968253965,0,0,0,0,0,0,1,0,0,0,0,0.0,0.0,0.0,0.0,0.0,0.0,0.0,0.0,0.0,0.0,0.0,0.0,0.0,0.0, -1, -1
523,1,-1,0.3313654363155365,11.0317964553833,0.9010671973228456,1,0,0,0,0,0,0,1,1,62,20.0,40,60.269841269840924,0,0,0,0,0,0,1,0,0,-0.53,0.0,0.0,0.0,0.0,0.0,0.0,0.0,0.0,0.0,0.0,0.0,0.0,0.0,0.0,1.0, click, -1
522,1,4,0.9460598826408386,11.616745948791506,0.7329207062721252,1,0,0,0,0,0,0,1,1,61,20.0,40,59.71428571428535,0,0,0,0,0,0,1,0,0,-0.53,0.0,0.0,0.0,0.0,0.0,0.0,0.0,0.0,0.0,0.0,0.0,0.0,0.0,0.0,0.0, -1, -1
521,1,-1,1.8560951948165891,12.430116653442385,0.7229583263397217,1,0,0,0,0,0,0,1,1,61,20.0,40,59.15873015872978,0,0,0,0,0,0,1,0,0,-0.53,0.0,0.0,0.0,0.0,0.0,0.0,0.0,0.0,0.0,0.0,0.0,0.0,0.0,0.0,0.0, -1, -1
