remaining_time,robot_mode,alarm,robot_x,robot_y,robot_theta,tree 1,tree 2,tree 3,tree 4,tree 5,tree 6,tree 7,tree 8,tree 9,battery_level,temperature,water_robot_tank,water_ground_tank,leak 1,leak 2,leak 3,leak 4,leak 5,leak 6,leak 7,leak 8,leak 9,direction,avancement,left,right,push,wrench,leak 1,leak 2,leak 3,leak 4,leak 5,leak 6,leak 7,leak 8,leak 9,rm_alarm,errors,shortcuts
530,1,-1,16.36532211303711,-8.272409439086914,-2.0766010284423833,0,1,0,1,0,0,0,1,1,86,20.0,40,54.952380952380544,0,0,0,0,0,0,0,0,1,-0.53,0.0,1.0,0.0,0.0,0.0,0.0,0.0,0.0,0.0,0.0,0.0,0.0,0.0,0.0,0.0,-2,-2
529,1,-1,16.36532211303711,-8.272409439086914,-2.0766010284423833,0,1,0,1,0,0,0,1,1,86,20.0,40,54.39682539682498,0,0,0,0,0,0,0,0,1,-0.53,0.0,1.0,0.0,0.0,0.0,0.0,0.0,0.0,0.0,0.0,0.0,0.0,0.0,0.0,0.0,-2,-2
528,1,-1,16.36311912536621,-8.272773742675781,-2.4615249633789062,0,1,0,1,0,0,0,1,1,85,20.0,40,56.20634920634878,0,0,0,0,0,0,0,0,1,0,0,1.0,0.0,0.0,0.0,0.0,0.0,0.0,0.0,0.0,0.0,0.0,0.0,0.0,0.0,-2,-2
527,1,-1,15.659759521484375,-8.669288635253906,-2.6436095237731934,0,1,0,1,0,0,0,1,1,85,20.0,40,55.6507936507932,0,0,0,0,0,0,0,0,1,0,0,0.0,0.0,0.0,0.0,0.0,0.0,0.0,0.0,0.0,0.0,0.0,0.0,0.0,0.0,-2,-2
526,1,-1,14.193808555603027,-9.465696334838867,-2.645590543746948,0,1,0,1,0,0,0,1,1,84,20.0,40,55.206349206348754,0,0,0,0,0,0,0,0,0,0,0,0.0,0.0,0.0,1.0,0.0,0.0,0.0,0.0,0.0,0.0,0.0,0.0,1.0,0.0,-2,-2
525,1,-1,12.72555923461914,-10.2570161819458,-2.6520826816558842,0,1,0,1,0,0,0,1,1,84,20.0,40,55.206349206348754,0,0,0,0,0,0,0,0,1,0,0,0.0,1.0,0.0,0.0,0.0,0.0,0.0,0.0,0.0,0.0,0.0,0.0,0.0,0.0,-2,-2
524,1,-1,11.25185489654541,-11.038737297058104,-2.6533098220825195,0,1,0,1,0,0,0,1,1,83,20.0,40,54.65079365079318,0,0,0,0,0,0,0,0,1,0,0,0.0,1.0,0.0,0.0,0.0,0.0,0.0,0.0,0.0,0.0,0.0,0.0,0.0,0.0,-2,-2
523,1,-1,9.701607704162598,-11.852283477783205,-2.6604576110839844,0,1,0,1,0,0,0,1,1,83,20.0,40,54.095238095237605,0,0,0,0,0,0,0,0,1,0,0,0.0,0.0,0.0,0.0,0.0,0.0,0.0,0.0,0.0,0.0,0.0,0.0,0.0,0.0,-2,-2
522,1,-1,8.218829154968263,-12.617609977722168,-2.672213554382324,0,1,0,1,0,0,0,1,1,82,20.0,40,53.53968253968203,0,0,0,0,0,0,0,0,1,0,0,0.0,0.0,1.0,0.0,0.0,0.0,0.0,0.0,0.0,0.0,0.0,0.0,0.0,0.0,-2,-2
521,1,-1,6.730778217315674,-13.372394561767578,-2.6715211868286133,0,1,0,1,0,0,0,1,1,82,20.0,40,55.722222222221696,0,0,0,0,0,0,0,0,1,0,0,0.0,0.0,1.0,0.0,0.0,0.0,0.0,0.0,0.0,0.0,0.0,0.0,0.0,0.0,-2,-2
