remaining_time,robot_mode,alarm,robot_x,robot_y,robot_theta,tree 1,tree 2,tree 3,tree 4,tree 5,tree 6,tree 7,tree 8,tree 9,battery_level,temperature,water_robot_tank,water_ground_tank,leak 1,leak 2,leak 3,leak 4,leak 5,leak 6,leak 7,leak 8,leak 9,direction,avancement,left,right,push,wrench,leak 1,leak 2,leak 3,leak 4,leak 5,leak 6,leak 7,leak 8,leak 9,rm_alarm,errors,shortcuts
510,1,-1,-3.355543613433838,-15.415961265563965,-3.046972751617432,0,1,0,1,0,0,1,0,1,76,20.0,30,59.46031746031691,1,0,0,0,0,0,0,0,0,0,0,0.0,0.0,1.0,0.0,0.0,0.0,0.0,0.0,0.0,0.0,0.0,0.0,0.0,0.0,-2,-2
509,1,-1,-5.017393112182617,-15.56857681274414,-3.0533635616302486,0,1,0,1,0,0,1,0,1,76,20.0,30,61.984126984126426,1,0,0,0,0,0,0,0,0,0,0,0.0,0.0,1.0,0.0,0.0,0.0,0.0,0.0,0.0,0.0,0.0,0.0,0.0,0.0,-2,-2
508,1,-1,-6.679555892944336,-15.714105606079102,-3.0585918426513667,0,1,0,1,0,0,1,0,1,75,20.0,30,61.428571428570855,1,0,0,0,0,0,0,0,0,0,0,0.0,0.0,0.0,1.0,0.0,0.0,0.0,0.0,0.0,0.0,0.0,0.0,0.0,0.0,-2,-2
507,1,-1,-8.343171119689941,-15.850366592407227,-3.0647487640380864,0,1,0,1,0,0,1,0,1,75,20.0,30,61.095238095237505,0,0,0,0,0,0,0,0,0,0,0,0.0,0.0,0.0,0.0,1.0,0.0,0.0,0.0,0.0,0.0,0.0,0.0,0.0,0.0,-2,-2
506,1,-1,-10.007406234741213,-15.974201202392578,-3.075681447982788,0,1,0,1,0,0,1,0,1,74,20.0,30,61.095238095237505,0,0,0,0,0,0,0,0,0,0,0,0.0,0.0,0.0,0.0,0.0,0.0,0.0,0.0,0.0,0.0,0.0,0.0,0.0,0.0,-2,-2
505,1,-1,-11.650290489196776,-16.084659576416016,-3.0808815956115723,0,1,0,1,0,0,1,0,1,74,20.0,30,61.095238095237505,1,0,0,0,0,0,0,0,0,0,0,1.0,0.0,0.0,0.0,0.0,0.0,0.0,0.0,0.0,0.0,0.0,0.0,0.0,0.0,-2,-2
504,1,-1,-12.958475112915039,-16.161617279052734,-3.0903682708740234,0,1,0,1,0,0,1,0,1,73,20.0,30,60.53968253968194,1,0,0,0,0,0,0,0,0,0,0,1.0,0.0,0.0,0.0,0.0,0.0,0.0,0.0,0.0,0.0,0.0,0.0,0.0,0.0,-2,-2
503,1,-1,-13.917824745178224,-16.208869934082028,-3.096238374710083,0,1,0,1,0,0,1,0,0,73,20.0,20,59.984126984126355,1,0,0,0,0,0,0,0,0,0,0,0.0,0.0,0.0,1.0,0.0,0.0,0.0,0.0,0.0,0.0,0.0,0.0,0.0,0.0,-2,-2
502,1,-1,-14.620984077453613,-16.2366943359375,-3.1100673675537114,0,1,0,1,0,0,1,0,0,72,20.0,20,59.761904761904134,0,0,0,0,0,0,0,0,0,0,0,1.0,0.0,0.0,0.0,1.0,0.0,0.0,0.0,0.0,0.0,0.0,0.0,0.0,0.0,-2,-2
501,1,-1,-13.161907196044922,-16.189018249511722,-3.10819411277771,0,1,0,1,0,0,1,0,0,72,20.0,20,59.761904761904134,0,0,0,0,0,0,0,0,0,0,0,0.0,0.0,0.0,0.0,0.0,0.0,0.0,0.0,0.0,0.0,0.0,0.0,0.0,0.0,-2,-2
