remaining_time,robot_mode,alarm,robot_x,robot_y,robot_theta,tree 1,tree 2,tree 3,tree 4,tree 5,tree 6,tree 7,tree 8,tree 9,battery_level,temperature,water_robot_tank,water_ground_tank,leak 1,leak 2,leak 3,leak 4,leak 5,leak 6,leak 7,leak 8,leak 9,direction,avancement,left,right,push,wrench,leak 1,leak 2,leak 3,leak 4,leak 5,leak 6,leak 7,leak 8,leak 9,rm_alarm,errors,shortcuts
430,1,-1,15.0327787399292,16.270132064819336,0.049931805580854416,1,1,0,1,1,0,1,0,1,20,20.0,90,0.7222222222222222,1,0,0,1,0,0,0,0,0,0,0,0.0,0.0,0.0,1.0,0.0,0.0,0.0,0.0,1.0,1.0,0.0,0.0,0.0,0.0,-2,-2
429,1,-1,15.25978946685791,16.28144645690918,0.04281256720423698,1,1,0,1,1,0,1,0,1,30,20.0,90,0.7222222222222222,0,0,0,1,0,0,0,0,0,0,0,0.0,0.0,0.0,1.0,1.0,0.0,0.0,0.0,0.0,0.0,0.0,0.0,0.0,0.0,-2,-2
428,1,-1,15.42920970916748,16.288019180297848,0.036440234631299966,1,1,0,1,1,0,1,0,1,39,20.0,90,0.7222222222222222,0,0,0,0,0,0,0,0,0,0,0,0.0,0.0,0.0,0.0,0.0,0.0,0.0,1.0,0.0,0.0,0.0,0.0,0.0,0.0,-2,-2
427,1,-1,15.553425788879395,16.291833877563473,0.025728093460202217,1,1,0,1,1,0,1,0,1,49,20.0,90,0.7222222222222222,0,0,0,0,0,0,0,0,0,0,0,1.0,0.0,0.0,0.0,0.0,0.0,0.0,0.0,0.0,0.0,0.0,0.0,0.0,0.0,-2,-2
426,1,-1,15.644843101501465,16.29410743713379,0.01893599145114422,1,1,0,1,1,0,1,0,1,53,20.0,90,0.7222222222222222,0,0,0,0,0,0,0,0,0,0,0,0.0,0.0,0.0,0.0,0.0,0.0,0.0,0.0,0.0,0.0,0.0,0.0,0.0,0.0,-2,-2
425,1,-1,15.704351425170898,16.295251846313473,0.012648618780076505,1,1,0,1,1,0,1,0,1,63,20.0,90,1.7222222222222223,0,1,0,0,0,0,0,0,0,0,0,0.0,0.0,1.0,0.0,0.0,0.0,0.0,0.0,0.0,0.0,0.0,0.0,0.0,0.0,-2,-2
424,1,-1,15.704351425170898,16.295251846313473,0.012648618780076505,1,1,0,1,1,0,1,0,1,72,20.0,90,6.158730158730159,0,1,0,0,0,0,0,0,0,0,0,0.0,0.0,0.0,0.0,0.0,0.0,0.0,0.0,0.0,0.0,0.0,0.0,0.0,0.0,-2,-2
423,1,-1,15.704367637634276,16.295238494873047,0.012773473747074604,1,1,0,1,1,0,1,0,1,82,20.0,90,5.6031746031746055,0,1,0,0,0,0,0,0,0,0,0,0.0,0.0,0.0,0.0,0.0,0.0,0.0,0.0,0.0,0.0,0.0,0.0,0.0,0.0,-2,-2
422,1,-1,15.704367637634276,16.295238494873047,0.012773473747074604,1,1,0,1,1,0,1,1,1,91,20.0,90,5.047619047619052,0,1,0,0,0,0,0,0,0,0,0,0.0,1.0,0.0,0.0,0.0,0.0,0.0,0.0,0.0,0.0,0.0,0.0,0.0,0.0,-2,-2
421,1,-1,15.704367637634276,16.295238494873047,0.012914342805743216,1,1,0,1,1,0,1,1,1,100,20.0,90,4.492063492063498,0,1,0,0,0,0,0,0,0,0,0,0.0,1.0,0.0,0.0,0.0,0.0,0.0,0.0,0.0,0.0,0.0,0.0,0.0,0.0,-2,-2
