remaining_time,robot_mode,alarm,robot_x,robot_y,robot_theta,tree 1,tree 2,tree 3,tree 4,tree 5,tree 6,tree 7,tree 8,tree 9,battery_level,temperature,water_robot_tank,water_ground_tank,leak 1,leak 2,leak 3,leak 4,leak 5,leak 6,leak 7,leak 8,leak 9,direction,avancement,left,right,push,wrench,leak 1,leak 2,leak 3,leak 4,leak 5,leak 6,leak 7,leak 8,leak 9,rm_alarm,errors,shortcuts
520,1,-1,0.31070977449417114,7.458491325378418,-2.9153249263763428,0,0,0,0,0,0,1,0,1,60,57.12622554268738,0,54.06349206349183,0,0,0,0,1,0,0,0,0,0.0,-2.86,0.0,0.0,0.0,0.0,0.0,0.0,0.0,0.0,0.0,0.0,0.0,0.0,0.0,0.0,-2,-2
519,1,-1,0.31070977449417114,7.458491325378418,-2.9153249263763428,0,0,0,0,0,0,1,0,1,60,57.12622554268738,0,53.50793650793626,0,0,0,0,1,0,0,0,0,0.0,-2.86,0.0,0.0,0.0,0.0,0.0,0.0,0.0,0.0,0.0,0.0,0.0,0.0,0.0,0.0,-2,-2
518,1,-1,1.2878891229629517,7.682156562805176,-2.496424674987793,0,0,0,0,1,0,1,0,1,59,53.79289220935405,0,52.952380952380686,0,0,0,0,1,0,0,0,0,0,0,0.0,0.0,0.0,0.0,0.0,0.0,0.0,0.0,0.0,0.0,0.0,0.0,0.0,0.0,-2,-2
517,1,-1,1.288188099861145,7.681056022644043,-1.9641211032867432,0,0,0,0,1,0,1,0,1,59,50.45955887602072,0,52.396825396825115,0,0,0,0,1,0,0,0,0,0,0,0.0,0.0,0.0,0.0,0.0,0.0,0.0,0.0,0.0,0.0,0.0,0.0,0.0,0.0,-2,-2
516,1,-1,1.2302658557891846,7.212522506713867,-1.675935983657837,0,0,0,0,1,0,1,0,1,58,47.12622554268741,0,51.84126984126954,0,0,0,0,1,0,0,0,0,0,0,0.0,0.0,0.0,0.0,0.0,0.0,0.0,0.0,0.0,0.0,0.0,0.0,0.0,0.0,-2,-2
515,1,-1,1.0721369981765747,5.551508903503418,-1.6620962619781494,0,0,0,0,1,0,1,0,1,58,43.792892209354065,0,51.285714285713965,0,0,0,0,1,0,0,0,0,0,0,0.0,0.0,0.0,0.0,0.0,0.0,0.0,0.0,0.0,0.0,0.0,0.0,0.0,0.0,-2,-2
514,1,-1,0.9204073548316956,3.889403343200684,-1.6624819040298462,0,0,0,0,1,0,1,0,1,57,40.459558876020736,0,50.730158730158394,0,0,0,0,1,0,0,0,0,0,0,0.0,0.0,1.0,0.0,0.0,0.0,0.0,0.0,0.0,0.0,0.0,0.0,0.0,0.0,-2,-2
513,1,-1,0.7710376381874084,2.227473258972168,-1.6583520174026491,0,0,0,0,1,0,1,0,1,57,37.12622554268741,0,50.17460317460283,0,0,0,0,1,0,0,0,0,0,0,0.0,0.0,0.0,0.0,0.0,0.0,0.0,0.0,0.0,0.0,0.0,0.0,0.0,0.0,-2,-2
512,1,-1,0.6242973208427429,0.565440833568573,-1.6578514575958252,0,0,0,0,1,0,1,0,1,56,33.792892209354065,0,49.61904761904726,0,0,0,0,1,0,0,0,0,0,0,0.0,0.0,0.0,0.0,0.0,0.0,0.0,0.0,0.0,0.0,0.0,0.0,0.0,0.0,-2,-2
511,1,-1,0.4771470725536346,-1.0948258638381958,-1.6591057777404783,0,0,0,0,1,0,1,0,1,56,30.459558876020743,0,52.82539682539646,0,0,0,0,0,0,0,0,0,0,0,0.0,0.0,0.0,1.0,0.0,0.0,0.0,0.0,1.0,0.0,0.0,0.0,0.0,0.0,-2,-2
