remaining_time,robot_mode,alarm,robot_x,robot_y,robot_theta,tree 1,tree 2,tree 3,tree 4,tree 5,tree 6,tree 7,tree 8,tree 9,battery_level,temperature,water_robot_tank,water_ground_tank,leak 1,leak 2,leak 3,leak 4,leak 5,leak 6,leak 7,leak 8,leak 9,direction,avancement,left,right,push,wrench,leak 1,leak 2,leak 3,leak 4,leak 5,leak 6,leak 7,leak 8,leak 9,rm_alarm,errors,shortcuts
440,1,-1,4.2866549491882315,-13.53351593017578,1.070199728012085,1,0,0,1,1,1,1,0,1,20,20.0,20,0.7777777777775821,1,1,0,1,1,1,0,1,1,0,0,0.0,0.0,0.0,0.0,0.0,0.0,0.0,0.0,0.0,0.0,0.0,0.0,0.0,0.0,-2,-2
439,1,-1,4.2866549491882315,-13.53351593017578,1.0703909397125244,1,0,0,1,1,1,1,0,1,20,20.0,20,0.7777777777775821,1,1,0,1,1,1,0,1,1,0,0,0.0,0.0,0.0,0.0,0.0,0.0,0.0,0.0,0.0,0.0,0.0,0.0,0.0,0.0,-2,-2
438,1,-1,4.2866549491882315,-13.53351593017578,1.0705853700637815,1,0,0,1,1,1,1,0,1,19,20.0,20,0.7777777777775821,1,1,0,1,1,1,0,1,1,0,0,0.0,0.0,0.0,0.0,0.0,0.0,0.0,0.0,0.0,0.0,0.0,0.0,0.0,0.0,-2,-2
437,1,-1,4.2866549491882315,-13.53351593017578,1.0707802772521973,1,0,0,1,1,1,1,0,1,19,20.0,20,0.7777777777775821,1,1,0,1,1,1,0,1,1,0,0,0.0,0.0,0.0,0.0,0.0,0.0,0.0,0.0,0.0,0.0,0.0,0.0,0.0,0.0,-2,-2
436,1,-1,4.2866549491882315,-13.53351593017578,1.0707802772521973,1,0,0,1,1,1,1,0,1,18,20.0,20,0.7777777777775821,1,1,0,1,1,1,0,1,1,0,0,0.0,0.0,0.0,0.0,0.0,0.0,0.0,0.0,0.0,0.0,0.0,0.0,0.0,0.0,-2,-2
435,1,-1,4.710782051086426,-12.565536499023438,1.17351496219635,1,0,0,1,1,1,1,0,1,18,20.0,20,0.7777777777775821,1,1,0,1,1,1,0,1,1,0,0,0.0,0.0,0.0,0.0,0.0,0.0,0.0,0.0,0.0,0.0,0.0,0.0,0.0,0.0,-2,-2
434,1,-1,5.358206272125244,-11.0280122756958,1.171079397201538,1,0,0,1,1,1,1,0,1,17,20.0,20,0.7777777777775821,1,1,0,1,1,1,0,1,1,0,0,0.0,0.0,0.0,0.0,0.0,0.0,0.0,0.0,0.0,0.0,0.0,0.0,0.0,0.0,-2,-2
433,1,-1,6.007383823394775,-9.490670204162598,1.1713162660598757,1,0,0,1,1,1,1,0,1,17,20.0,20,0.7777777777775821,1,1,0,1,1,1,0,1,1,0,0,0.0,0.0,0.0,0.0,0.0,0.0,0.0,0.0,0.0,0.0,0.0,0.0,0.0,0.0,-2,-2
432,1,-1,6.652792453765869,-7.953693866729736,1.1742647886276243,1,0,0,1,1,1,1,0,1,16,20.0,20,0.7777777777775821,1,1,0,1,1,1,0,1,1,0,0,0.0,0.0,0.0,0.0,0.0,0.0,0.0,0.0,0.0,0.0,0.0,0.0,0.0,0.0,-2,-2
431,1,-1,7.3007140159606925,-6.4168334007263175,1.1715152263641355,1,0,0,1,1,1,1,0,1,16,20.0,20,0.7777777777775821,1,1,0,1,1,1,0,1,1,0,0,0.0,0.0,0.0,0.0,0.0,0.0,0.0,0.0,0.0,0.0,0.0,0.0,0.0,0.0,-2,-2
