remaining_time,robot_mode,alarm,robot_x,robot_y,robot_theta,tree 1,tree 2,tree 3,tree 4,tree 5,tree 6,tree 7,tree 8,tree 9,battery_level,temperature,water_robot_tank,water_ground_tank,leak 1,leak 2,leak 3,leak 4,leak 5,leak 6,leak 7,leak 8,leak 9,direction,avancement,left,right,push,wrench,leak 1,leak 2,leak 3,leak 4,leak 5,leak 6,leak 7,leak 8,leak 9,rm_alarm,errors,shortcuts
220,1,-1,-0.11083102226257324,15.501043319702148,3.052583932876587,0,0,1,0,0,0,0,0,1,96,20.0,30,90.42857142857088,0,0,0,1,0,0,0,0,0,-0.1325,2.145,0.0,0.0,0.0,0.0,0.0,0.0,0.0,0.0,0.0,0.0,0.0,0.0,0.0,0.0,-2,-2
219,1,-1,-0.11083102226257324,15.501043319702148,3.052583932876587,0,0,1,0,0,0,0,0,1,96,20.0,30,89.87301587301529,0,0,0,1,0,0,0,0,0,-0.1325,2.145,0.0,0.0,0.0,0.0,0.0,0.0,0.0,0.0,0.0,0.0,0.0,0.0,0.0,0.0,-2,-2
218,1,-1,-1.9753154516220093,15.614051818847654,3.100977659225464,0,0,1,0,0,0,0,0,1,95,20.0,30,89.31746031745973,0,0,0,1,0,0,0,0,0,-0.1325,2.145,0.0,0.0,0.0,0.0,0.0,0.0,0.0,0.0,0.0,0.0,0.0,0.0,0.0,0.0,-2,-2
217,1,-1,-3.642881870269776,15.681225776672365,3.1022858619689937,0,0,1,0,0,0,0,0,1,95,20.0,30,88.76190476190416,0,0,0,1,0,0,0,0,0,0,0,0.0,0.0,0.0,0.0,0.0,0.0,0.0,0.0,0.0,0.0,0.0,0.0,0.0,0.0,-2,-2
216,1,-1,-5.31046199798584,15.743974685668945,3.10489821434021,0,0,1,0,0,0,0,0,1,94,20.0,30,88.20634920634859,0,0,0,1,0,0,0,0,0,0,0,0.0,0.0,0.0,1.0,0.0,0.0,0.0,0.0,0.0,0.0,0.0,0.0,0.0,0.0,-2,-2
215,1,-1,-6.978309631347656,15.797165870666506,3.110496997833252,0,0,1,0,0,0,0,0,1,94,20.0,30,87.76190476190412,0,0,0,0,0,0,0,0,0,0,0,0.0,0.0,0.0,0.0,0.0,0.0,0.0,1.0,0.0,0.0,0.0,0.0,0.0,0.0,-2,-2
214,1,-1,-8.646121025085451,15.839245796203613,3.1219723224639893,0,0,1,0,0,0,0,0,1,93,20.0,30,87.76190476190412,0,0,0,0,0,0,0,0,0,0,0,1.0,0.0,0.0,0.0,0.0,0.0,0.0,0.0,0.0,0.0,0.0,0.0,0.0,0.0,-2,-2
213,1,-1,-10.272897720336914,15.867091178894045,3.127492666244507,0,0,1,0,0,0,0,0,1,93,20.0,30,87.76190476190412,0,0,0,0,0,0,0,0,0,0,0,1.0,0.0,0.0,0.0,0.0,0.0,0.0,0.0,0.0,0.0,0.0,0.0,0.0,0.0,-2,-2
212,1,-1,-11.536301612854006,15.876103401184082,3.1395719051361084,0,0,1,0,0,0,0,0,1,92,20.0,30,87.76190476190412,0,0,0,0,0,0,0,0,0,0,0,0.0,0.0,0.0,0.0,0.0,0.0,0.0,0.0,0.0,0.0,0.0,0.0,0.0,0.0,-2,-2
211,1,3,-12.460301399230955,15.87249755859375,-3.1344187259674072,0,0,0,0,0,0,0,0,1,92,20.0,20,87.76190476190412,0,0,0,0,0,0,0,0,0,0,0,0.0,0.0,1.0,0.0,0.0,0.0,0.0,0.0,0.0,0.0,0.0,0.0,0.0,0.0,-2,-2
