remaining_time,robot_mode,alarm,robot_x,robot_y,robot_theta,tree 1,tree 2,tree 3,tree 4,tree 5,tree 6,tree 7,tree 8,tree 9,battery_level,temperature,water_robot_tank,water_ground_tank,leak 1,leak 2,leak 3,leak 4,leak 5,leak 6,leak 7,leak 8,leak 9,direction,avancement,left,right,push,wrench,leak 1,leak 2,leak 3,leak 4,leak 5,leak 6,leak 7,leak 8,leak 9,rm_alarm,errors,shortcuts
410,1,-1,14.934579849243164,15.951807022094727,0.28889888525009155,0,0,0,1,1,0,1,1,1,5,20.0,0,0.0,1,0,0,0,0,0,0,0,0,0,0,0.0,0.0,0.0,0.0,0.0,0.0,0.0,0.0,0.0,0.0,0.0,0.0,0.0,0.0, -1, -1
409,1,-1,14.93032455444336,15.95187282562256,0.2891804873943329,0,0,0,1,1,0,1,1,1,5,20.0,0,0.0,1,0,0,0,0,0,0,0,0,0,0,0.0,0.0,0.0,0.0,0.0,0.0,0.0,0.0,0.0,0.0,0.0,0.0,0.0,0.0, -1, -1
408,1,-1,14.926487922668455,15.95212173461914,0.2877774834632873,0,0,0,1,1,0,1,1,1,4,20.0,0,0.0,1,0,0,0,0,0,0,0,0,0,0,0.0,1.0,0.0,0.0,0.0,0.0,0.0,0.0,0.0,0.0,0.0,0.0,0.0,0.0, -1,1
407,1,-1,14.922489166259766,15.952291488647461,0.28682854771614075,0,0,0,1,1,0,1,1,1,4,20.0,0,0.0,1,0,0,0,0,0,0,0,0,0,0,0.0,0.0,1.0,0.0,0.0,0.0,0.0,0.0,0.0,0.0,0.0,0.0,0.0,0.0, -1, -1
406,1,-1,14.922489166259766,15.952291488647461,0.28682854771614075,0,0,0,1,1,0,1,1,1,3,20.0,0,0.0,0,0,0,0,0,0,0,0,0,0,0,0.0,0.0,0.0,1.0,1.0,0.0,0.0,0.0,0.0,0.0,0.0,0.0,0.0,0.0, -1, -1
405,1,-1,15.157472610473633,16.024131774902347,0.2805885672569275,0,0,0,1,1,0,1,1,1,8,20.0,0,0.0,0,0,1,0,0,0,0,0,0,0,0,0.0,0.0,1.0,0.0,0.0,0.0,0.0,0.0,0.0,0.0,0.0,0.0,0.0,0.0, -1, -1
404,1,-1,15.357236862182615,16.081727981567386,0.2796604335308075,0,0,0,1,1,0,1,1,1,17,20.0,0,0.0,0,0,1,0,0,0,0,0,0,0,0,0.0,0.0,0.0,0.0,0.0,1.0,0.0,0.0,0.0,0.0,0.0,0.0,0.0,0.0, -1, -1
403,1,-1,15.50374984741211,16.12454605102539,0.2854439914226532,0,0,0,1,1,0,1,1,1,27,20.0,0,0.0,0,0,1,0,0,0,0,0,0,0,0,0.0,0.0,0.0,0.0,0.0,0.0,0.0,0.0,0.0,0.0,0.0,0.0,0.0,0.0, -1, -1
402,1,-1,15.610722541809082,16.15671730041504,0.29615625739097595,0,0,0,1,1,0,1,1,1,36,20.0,0,0.0,0,0,1,0,0,0,0,0,0,0,0,1.0,0.0,0.0,0.0,0.0,0.0,0.0,0.0,0.0,0.0,0.0,0.0,0.0,0.0, -1,1
401,1,-1,15.689292907714846,16.181095123291016,0.30714690685272217,0,0,0,1,1,0,1,1,1,46,20.0,0,0.0,0,0,1,0,0,0,0,0,0,0,0,0.0,0.0,0.0,0.0,0.0,0.0,0.0,0.0,0.0,0.0,0.0,0.0,0.0,0.0, -1, -1
