remaining_time,robot_mode,alarm,robot_x,robot_y,robot_theta,tree 1,tree 2,tree 3,tree 4,tree 5,tree 6,tree 7,tree 8,tree 9,battery_level,temperature,water_robot_tank,water_ground_tank,leak 1,leak 2,leak 3,leak 4,leak 5,leak 6,leak 7,leak 8,leak 9,direction,avancement,left,right,push,wrench,leak 1,leak 2,leak 3,leak 4,leak 5,leak 6,leak 7,leak 8,leak 9,rm_alarm,errors,shortcuts
350,1,-1,4.179507255554198,-3.682535409927368,-2.1235146522521973,1,0,1,1,1,1,1,1,1,87,20.0,0,24.18253968253962,0,0,1,0,0,0,0,0,0,0,0,0.0,1.0,0.0,0.0,0.0,0.0,0.0,0.0,0.0,0.0,0.0,0.0,0.0,0.0, -1,1
349,1,-1,3.300589799880981,-5.099875450134277,-2.135183334350586,1,0,1,1,1,1,1,1,1,87,20.0,0,23.738095238095173,0,0,1,0,0,0,0,0,0,0,0,1.0,0.0,0.0,0.0,0.0,0.0,0.0,0.0,0.0,0.0,0.0,0.0,0.0,0.0, -1,1
348,1,-1,2.4686005115509038,-6.3927550315856925,-2.14355993270874,1,0,1,1,1,1,1,1,1,86,20.0,0,23.18253968253962,0,0,1,0,0,0,0,0,0,0,0,0.0,1.0,0.0,1.0,0.0,0.0,0.0,0.0,0.0,0.0,0.0,0.0,0.0,0.0, -1,2
347,1,-1,1.850153088569641,-7.350806713104247,-2.152383804321289,1,0,1,1,1,1,1,1,1,86,20.0,0,23.071428571428513,0,0,0,0,0,0,0,0,0,0,0,0.0,1.0,0.0,0.0,0.0,0.0,1.0,0.0,0.0,0.0,0.0,0.0,0.0,0.0, -1,1
346,1,-1,1.3879064321517944,-8.047191619873049,-2.157752990722656,1,0,1,1,1,1,1,1,1,85,20.0,0,23.071428571428513,0,0,0,0,0,0,0,0,0,0,0,0.0,1.0,0.0,0.0,0.0,0.0,0.0,0.0,0.0,0.0,0.0,0.0,0.0,0.0, -1,1
345,1,-1,1.0491156578063965,-8.553624153137207,-2.1615984439849854,1,0,1,1,1,1,1,1,1,85,20.0,0,23.015873015872952,0,0,0,0,1,0,0,0,0,0,0,0.0,0.0,0.0,0.0,0.0,0.0,0.0,0.0,0.0,0.0,0.0,0.0,0.0,0.0, -1, -1
344,1,-1,0.7951313257217407,-8.912884712219238,-2.1749892234802246,1,0,1,1,1,1,1,1,1,84,20.0,0,22.738095238095173,0,0,0,0,1,0,0,0,0,0,0,1.0,0.0,0.0,0.0,0.0,0.0,0.0,0.0,0.0,0.0,0.0,0.0,0.0,0.0, -1,1
343,1,-1,0.6073716878890991,-9.181866645812988,-2.187110424041748,1,0,1,1,1,1,1,1,1,84,20.0,10,12.460317460317382,0,0,0,0,1,0,0,0,0,0,0,1.0,0.0,0.0,0.0,0.0,0.0,0.0,0.0,0.0,0.0,0.0,0.0,0.0,0.0, -1,1
342,1,-1,0.4660659730434418,-9.37956428527832,-2.192555904388428,1,0,1,1,1,1,1,1,1,83,20.0,20,2.182539682539605,0,0,0,0,1,0,0,0,0,0,0,0.0,0.0,0.0,0.0,0.0,0.0,0.0,0.0,1.0,0.0,0.0,0.0,0.0,0.0, -1, -1
341,1,-1,0.3620132505893707,-9.524288177490234,-2.192345142364502,1,0,1,1,1,1,1,1,1,83,20.0,20,1.7380952380951613,0,0,0,0,1,0,0,0,0,0,0,0.0,0.0,0.0,1.0,0.0,0.0,0.0,0.0,0.0,0.0,0.0,0.0,0.0,0.0, -1,1
