remaining_time,robot_mode,alarm,robot_x,robot_y,robot_theta,tree 1,tree 2,tree 3,tree 4,tree 5,tree 6,tree 7,tree 8,tree 9,battery_level,temperature,water_robot_tank,water_ground_tank,leak 1,leak 2,leak 3,leak 4,leak 5,leak 6,leak 7,leak 8,leak 9,direction,avancement,left,right,push,wrench,leak 1,leak 2,leak 3,leak 4,leak 5,leak 6,leak 7,leak 8,leak 9,rm_alarm,errors,shortcuts
220,1,-1,0.12084007263183595,-9.72995376586914,-2.0174753665924072,1,1,1,1,1,1,1,1,1,18,20.0,0,0.99999999999992,1,1,1,1,1,1,1,1,1,0,0,0.0,0.0,0.0,0.0,0.0,0.0,0.0,0.0,0.0,0.0,0.0,0.0,0.0,0.0, -1,-1
219,1,-1,0.12084007263183595,-9.72995376586914,-2.0173940658569336,1,1,1,1,1,1,1,1,1,18,20.0,0,0.99999999999992,1,1,1,1,1,1,1,1,1,0,0,0.0,0.0,0.0,0.0,0.0,0.0,0.0,0.0,0.0,0.0,0.0,0.0,0.0,0.0, -1,-1
218,1,-1,0.12084007263183595,-9.72995376586914,-2.017313003540039,1,1,1,1,1,1,1,1,1,17,20.0,0,0.99999999999992,1,1,1,1,1,1,1,1,1,0,0,0.0,0.0,0.0,0.0,0.0,0.0,0.0,0.0,0.0,0.0,0.0,0.0,0.0,0.0, -1,-1
217,1,-1,0.12084007263183595,-9.72995376586914,-2.017313003540039,1,1,1,1,1,1,1,1,1,17,20.0,0,0.99999999999992,1,1,1,1,1,1,1,1,1,0,0,0.0,0.0,0.0,0.0,0.0,0.0,0.0,0.0,0.0,0.0,0.0,0.0,0.0,0.0, -1,-1
216,1,-1,0.12002165615558626,-9.729656219482422,-1.6293628215789795,1,1,1,1,1,1,1,1,1,16,20.0,0,0.99999999999992,1,1,1,1,1,1,1,1,1,0,0,0.0,0.0,0.0,0.0,0.0,0.0,0.0,0.0,0.0,0.0,0.0,0.0,0.0,0.0, -1,-1
215,1,-1,0.11683828383684157,-9.729028701782227,-1.0882178544998171,1,1,1,1,1,1,1,1,1,16,20.0,0,0.99999999999992,1,1,1,1,1,1,1,1,1,0,0,0.0,0.0,0.0,0.0,0.0,0.0,0.0,0.0,0.0,0.0,0.0,0.0,0.0,0.0, -1,-1
214,1,-1,0.11571842432022095,-9.725274085998537,-0.5424145460128784,1,1,1,1,1,1,1,1,1,15,20.0,0,0.99999999999992,1,1,1,1,1,1,1,1,1,0,0,0.0,0.0,0.0,0.0,0.0,0.0,0.0,0.0,0.0,0.0,0.0,0.0,0.0,0.0, -1,-1
213,1,-1,0.11127850413322447,-9.724984169006348,-0.02855327725410461,1,1,1,1,1,1,1,1,1,15,20.0,0,0.99999999999992,1,1,1,1,1,1,1,1,1,0,0,0.0,0.0,0.0,0.0,0.0,0.0,0.0,0.0,0.0,0.0,0.0,0.0,0.0,0.0, -1,-1
212,1,-1,0.10658284276723863,-9.724172592163086,0.5042209625244141,1,1,1,1,1,1,1,1,1,14,20.0,0,0.99999999999992,1,1,1,1,1,1,1,1,1,0,0,0.0,0.0,0.0,0.0,0.0,0.0,0.0,0.0,0.0,0.0,0.0,0.0,0.0,0.0, -1,-1
211,1,-1,0.10544958710670473,-9.721245765686037,0.937911331653595,1,1,1,1,1,1,1,1,1,14,20.0,0,0.99999999999992,1,1,1,1,1,1,1,1,1,0,0,0.0,0.0,0.0,0.0,0.0,0.0,0.0,0.0,0.0,0.0,0.0,0.0,0.0,0.0, -1,-1
