remaining_time,robot_mode,alarm,robot_x,robot_y,robot_theta,tree 1,tree 2,tree 3,tree 4,tree 5,tree 6,tree 7,tree 8,tree 9,battery_level,temperature,water_robot_tank,water_ground_tank,leak 1,leak 2,leak 3,leak 4,leak 5,leak 6,leak 7,leak 8,leak 9,direction,avancement,left,right,push,wrench,leak 1,leak 2,leak 3,leak 4,leak 5,leak 6,leak 7,leak 8,leak 9,rm_alarm,errors,shortcuts
540,1,-1,11.643278121948242,-5.2424888610839835,-0.9464346766471864,1,0,0,0,0,1,1,1,0,70,20.0,30,0.9999999999998728,0,0,1,0,0,0,1,1,1,0,0,0.0,0.0,0.0,0.0,0.0,0.0,0.0,0.0,0.0,0.0,0.0,0.0,0.0,0.0, -1,-1
539,1,-1,12.616250038146973,-6.5981221199035645,-0.9489769935607909,1,0,0,0,0,1,1,1,0,70,20.0,30,0.9999999999998728,0,0,1,0,0,0,1,1,1,0,0,0.0,0.0,0.0,0.0,0.0,0.0,0.0,0.0,0.0,0.0,0.0,0.0,0.0,0.0, -1,-1
538,1,-1,13.576884269714355,-7.96150016784668,-0.9618937373161316,1,0,0,0,0,1,1,1,0,69,20.0,30,0.9999999999998728,0,0,1,0,0,0,1,1,1,0,0,0.0,0.0,0.0,0.0,0.0,0.0,0.0,0.0,0.0,0.0,0.0,0.0,0.0,0.0, -1,-1
537,1,-1,14.399516105651855,-9.151206016540527,-0.9731217622756958,1,0,1,0,0,1,1,1,0,69,20.0,30,0.9999999999998728,0,0,1,0,0,0,1,1,1,0,0,0.0,0.0,0.0,0.0,0.0,0.0,0.0,0.0,0.0,0.0,0.0,0.0,0.0,0.0, -1,-1
536,1,-1,14.99175262451172,-10.029949188232422,-0.9847382307052612,1,0,1,0,0,1,1,1,0,68,20.0,30,0.9999999999998728,0,0,1,0,0,0,1,1,1,0,0,0.0,0.0,0.0,0.0,0.0,0.0,0.0,0.0,0.0,0.0,0.0,0.0,0.0,0.0, down,-1
535,1,3,15.420372009277346,-10.67743682861328,-0.9980869889259338,1,0,1,0,0,0,1,1,0,68,20.0,20,0.9999999999998728,0,0,1,0,0,0,1,1,1,0,0,0.0,0.0,0.0,0.0,0.0,0.0,0.0,0.0,0.0,0.0,0.0,0.0,0.0,0.0, down,-1
534,1,-1,15.727039337158205,-11.15611457824707,-1.0017948150634766,1,0,1,0,0,0,1,1,0,67,20.0,20,0.9999999999998728,0,0,1,0,0,0,1,1,1,0,0,0.0,0.0,0.0,0.0,0.0,0.0,0.0,0.0,0.0,0.0,0.0,0.0,0.0,0.0, down-down,-1
533,1,-1,15.727039337158205,-11.15611457824707,-1.0017948150634766,1,0,1,0,0,0,1,1,0,67,20.0,20,0.9999999999998728,0,0,1,0,0,0,1,1,1,0,0,0.0,0.0,0.0,0.0,0.0,0.0,0.0,0.0,0.0,0.0,0.0,0.0,0.0,0.0, -1,-1
532,1,-1,15.3753662109375,-11.026391983032227,-1.2479773759841921,1,0,1,0,0,0,1,1,0,66,20.0,20,0.9999999999998728,0,0,1,0,0,0,1,1,1,0,0,0.0,0.0,0.0,0.0,0.0,0.0,0.0,0.0,0.0,0.0,0.0,0.0,0.0,0.0, -1,-1
531,1,-1,15.24789810180664,-10.628793716430664,-1.2577311992645264,1,0,1,0,0,0,1,1,0,66,20.0,20,0.9999999999998728,0,0,1,0,0,0,1,1,1,0,0,0.0,0.0,0.0,0.0,0.0,0.0,0.0,0.0,0.0,0.0,0.0,0.0,0.0,0.0, -1,-1
