remaining_time,robot_mode,alarm,robot_x,robot_y,robot_theta,tree 1,tree 2,tree 3,tree 4,tree 5,tree 6,tree 7,tree 8,tree 9,battery_level,temperature,water_robot_tank,water_ground_tank,leak 1,leak 2,leak 3,leak 4,leak 5,leak 6,leak 7,leak 8,leak 9,direction,avancement,left,right,push,wrench,leak 1,leak 2,leak 3,leak 4,leak 5,leak 6,leak 7,leak 8,leak 9,rm_alarm,errors,shortcuts
580,1,-1,-0.0003756450023502112,0.0016318935668095946,1.716754913330078,1,0,0,0,1,0,1,0,0,90,20.0,50,50.0,0,0,0,0,0,0,0,0,0,0.53,0.0,0.0,0.0,0.0,0.0,0.0,0.0,0.0,0.0,0.0,0.0,0.0,0.0,0.0,0.0, -1, -1
579,1,-1,-0.0003756450023502112,0.0016318935668095946,1.716754913330078,1,0,0,0,1,0,1,0,0,90,20.0,50,50.0,0,0,0,0,0,0,0,0,0,-0.53,0.0,0.0,0.0,0.0,0.0,0.0,0.0,0.0,0.0,0.0,0.0,0.0,0.0,0.0,0.0, -1, -1
578,1,-1,-0.17666704952716827,1.2125271558761597,1.7146841287612915,1,0,0,0,1,0,1,0,0,89,20.0,50,50.0,0,0,0,0,0,0,0,0,0,-0.53,0.0,0.0,0.0,0.0,0.0,0.0,0.0,0.0,0.0,0.0,0.0,0.0,0.0,0.0,0.0, -1, -1
577,1,-1,-0.4147915542125702,2.864376783370972,1.7157481908798218,1,0,0,0,1,0,1,0,0,89,20.0,50,50.0,0,0,0,0,0,0,0,0,0,0,0,0.0,0.0,0.0,0.0,0.0,0.0,0.0,0.0,0.0,0.0,0.0,0.0,0.0,0.0, -1, -1
576,1,-1,-0.6520048975944519,4.516210556030273,1.7102748155593872,1,0,0,0,1,0,1,0,0,88,20.0,50,50.0,0,0,0,0,0,0,0,0,0,0,0,0.0,0.0,0.0,0.0,0.0,0.0,0.0,0.0,0.0,0.0,0.0,0.0,0.0,0.0, -1, -1
575,1,-1,-0.8514738678932191,5.956658363342285,1.7059605121612549,1,0,0,0,1,0,1,0,0,88,20.0,50,50.0,0,0,0,0,1,0,0,0,0,0,0,0.0,0.0,0.0,0.0,0.0,0.0,0.0,0.0,0.0,0.0,0.0,0.0,0.0,0.0, -1, -1
574,1,-1,-0.9947930574417114,7.013125419616699,1.706536054611206,1,0,0,0,1,0,1,0,0,87,20.0,50,49.44444444444443,0,0,0,0,1,0,0,0,0,0,0,0.0,0.0,0.0,0.0,0.0,0.0,0.0,0.0,0.0,0.0,0.0,0.0,0.0,0.0, -1, -1
573,1,-1,-1.0999939441680908,7.786663055419923,1.7046293020248413,1,1,0,0,0,0,1,0,0,87,20.0,40,48.88888888888886,0,0,0,0,1,0,0,0,0,0.0,-2.86,0.0,0.0,0.0,0.0,0.0,0.0,0.0,0.0,0.0,0.0,0.0,0.0,0.0,0.0, -1, -1
572,1,-1,-1.1752718687057495,8.35371208190918,1.697100281715393,1,1,0,0,0,0,1,0,0,86,20.0,40,48.33333333333329,0,0,0,0,1,0,0,0,0,0,0,0.0,0.0,1.0,0.0,0.0,0.0,0.0,0.0,0.0,0.0,0.0,0.0,0.0,0.0, -1,1
571,1,-1,-1.01957106590271,7.132143974304199,1.696999192237854,1,1,0,0,0,0,1,0,0,86,20.0,40,47.77777777777772,0,0,0,0,1,0,0,0,0,-0.53,0.0,0.0,0.0,0.0,0.0,0.0,0.0,0.0,0.0,0.0,0.0,0.0,0.0,0.0,0.0, -1, -1
