remaining_time,robot_mode,alarm,robot_x,robot_y,robot_theta,tree 1,tree 2,tree 3,tree 4,tree 5,tree 6,tree 7,tree 8,tree 9,battery_level,temperature,water_robot_tank,water_ground_tank,leak 1,leak 2,leak 3,leak 4,leak 5,leak 6,leak 7,leak 8,leak 9,direction,avancement,left,right,push,wrench,leak 1,leak 2,leak 3,leak 4,leak 5,leak 6,leak 7,leak 8,leak 9,rm_alarm,errors,shortcuts
450,1,-1,-3.557286739349365,2.505488157272339,3.1219098567962646,0,1,1,1,1,1,1,1,1,25,20.0,20,14.84126984126985,0,0,0,0,0,1,0,0,0,0,0,1.0,0.0,0.0,0.0,0.0,0.0,0.0,0.0,0.0,0.0,0.0,0.0,0.0,0.0, -1,-1
449,1,-1,-3.557286739349365,2.505488157272339,3.1219098567962646,0,1,1,1,1,1,1,1,1,25,20.0,20,14.563492063492074,0,0,0,0,0,1,0,0,0,0,0,0.0,0.0,0.0,0.0,0.0,0.0,0.0,0.0,0.0,0.0,0.0,0.0,0.0,0.0, -1,-1
448,1,-1,-3.5563848018646236,2.505526065826416,0.09488990902900696,0,1,1,1,1,1,1,1,1,24,20.0,20,16.2857142857143,0,0,0,0,0,1,0,0,0,0,0,0.0,0.0,1.0,0.0,0.0,0.0,0.0,0.0,0.0,0.0,0.0,0.0,0.0,0.0, -1,-1
447,1,-1,-3.556437492370605,2.504810571670532,-1.5587431192398071,1,1,1,1,1,1,1,1,1,24,20.0,20,16.7857142857143,0,0,0,0,0,1,0,0,0,0,0,0.0,0.0,1.0,0.0,0.0,0.0,0.0,0.0,0.0,0.0,0.0,0.0,0.0,0.0, -1,-1
446,1,-1,-3.5567991733551025,2.5045335292816158,1.0805388689041138,1,1,1,1,1,1,1,1,1,23,20.0,20,16.230158730158745,0,0,0,0,0,1,0,0,0,0,0,1.0,0.0,0.0,0.0,0.0,0.0,0.0,0.0,0.0,0.0,0.0,0.0,0.0,0.0, -1,-1
445,1,-1,-3.5561950206756587,2.504473924636841,0.8278325796127319,1,1,1,1,1,1,1,1,1,23,20.0,20,18.468253968253986,0,0,0,0,0,1,0,0,0,0,0,0.0,0.0,0.0,0.0,0.0,0.0,0.0,0.0,0.0,0.0,0.0,0.0,0.0,0.0, -1,-1
444,1,-1,-3.556204080581665,2.504448890686035,1.4402617216110232,1,1,1,1,1,1,1,1,1,22,20.0,20,20.76190476190477,0,0,0,0,0,1,0,0,0,0,0,0.0,0.0,1.0,0.0,0.0,0.0,0.0,0.0,0.0,0.0,0.0,0.0,0.0,0.0, -1,-1
443,1,-1,-3.5562024116516118,2.504451036453247,1.5671321153640747,1,1,1,1,1,1,1,1,1,22,20.0,20,22.08730158730159,0,0,0,0,0,1,0,0,0,0,0,0.0,0.0,1.0,0.0,0.0,0.0,0.0,0.0,0.0,0.0,0.0,0.0,0.0,0.0, -1,-1
442,1,-1,-3.5562024116516118,2.504451036453247,1.5671321153640747,1,1,1,1,1,1,1,1,1,21,20.0,20,21.531746031746035,0,0,0,0,0,0,0,0,0,0,0,0.0,0.0,0.0,1.0,0.0,0.0,0.0,0.0,0.0,1.0,0.0,0.0,0.0,0.0, -1,-1
441,1,-1,-3.5554897785186768,2.5047929286956787,-1.5134222507476809,1,1,1,1,1,1,1,1,1,21,20.0,20,21.531746031746035,0,0,0,0,0,0,0,0,0,0,0,0.0,1.0,0.0,0.0,0.0,0.0,0.0,0.0,0.0,0.0,0.0,0.0,0.0,0.0, -1,-1
