remaining_time,robot_mode,alarm,robot_x,robot_y,robot_theta,tree 1,tree 2,tree 3,tree 4,tree 5,tree 6,tree 7,tree 8,tree 9,battery_level,temperature,water_robot_tank,water_ground_tank,leak 1,leak 2,leak 3,leak 4,leak 5,leak 6,leak 7,leak 8,leak 9,direction,avancement,left,right,push,wrench,leak 1,leak 2,leak 3,leak 4,leak 5,leak 6,leak 7,leak 8,leak 9,rm_alarm,errors,shortcuts
470,1,-1,-8.239871978759767,14.72541618347168,2.960921049118042,0,1,1,0,1,1,1,1,0,67,28.893674697797998,50,0.9999999999996112,0,1,0,0,1,1,0,1,1,0,0,0.0,0.0,0.0,0.0,0.0,0.0,0.0,0.0,0.0,0.0,0.0,0.0,0.0,0.0,-2,-2
469,1,-1,-9.878084182739258,15.021449089050293,2.970327138900757,0,1,1,0,1,1,1,1,0,67,25.560341364464655,50,0.9999999999996112,0,1,0,0,1,1,0,1,1,0,0,0.0,0.0,0.0,0.0,0.0,0.0,0.0,0.0,0.0,0.0,0.0,0.0,0.0,0.0,-2,-2
468,1,-1,-11.240927696228027,15.25479221343994,2.974670886993408,1,1,1,0,1,1,1,1,0,66,22.227008031131327,50,0.9999999999996112,0,1,0,0,1,1,0,1,1,0,0,0.0,0.0,0.0,0.0,0.0,0.0,0.0,0.0,0.0,0.0,0.0,0.0,0.0,0.0,-2,-2
467,1,-1,-12.241399765014648,15.416071891784668,2.9883496761322017,1,1,0,0,1,1,1,1,0,66,20.0,40,0.9999999999996112,0,1,0,0,1,1,0,1,1,0,0,0.0,0.0,0.0,0.0,0.0,0.0,0.0,0.0,0.0,0.0,0.0,0.0,0.0,0.0,-2,-2
466,1,-1,-12.975018501281738,15.526498794555664,2.996628999710083,1,1,0,0,1,1,1,1,0,65,20.0,40,0.9999999999996112,0,1,0,0,1,1,0,1,1,0,0,0.0,0.0,0.0,0.0,0.0,0.0,0.0,0.0,0.0,0.0,0.0,0.0,0.0,0.0,-2,-2
465,1,-1,-12.975018501281738,15.526498794555664,2.996628999710083,1,1,0,0,1,1,1,1,0,65,20.0,40,0.9999999999996112,0,1,0,0,1,1,0,1,1,0,0,0.0,0.0,0.0,0.0,0.0,0.0,0.0,0.0,0.0,0.0,0.0,0.0,0.0,0.0,-2,-2
464,1,-1,-11.376270294189453,15.297345161437988,2.6389198303222656,1,1,0,0,1,1,1,1,0,64,20.0,40,0.9999999999996112,0,1,0,0,1,1,0,1,1,0,0,0.0,0.0,0.0,0.0,0.0,0.0,0.0,0.0,0.0,0.0,0.0,0.0,0.0,0.0,-2,-2
463,1,-1,-11.376876831054688,15.299572944641113,2.1210241317749023,1,1,0,0,1,1,1,1,0,64,20.0,40,0.9999999999996112,0,1,0,0,1,1,0,1,1,0,0,0.0,0.0,0.0,0.0,0.0,0.0,0.0,0.0,0.0,0.0,0.0,0.0,0.0,0.0,-2,-2
462,1,-1,-11.372722625732422,15.297457695007324,1.5697640180587769,1,1,0,0,1,1,1,1,0,63,20.0,40,0.9999999999996112,0,1,0,0,1,1,0,1,1,0,0,0.0,0.0,0.0,0.0,0.0,0.0,0.0,0.0,0.0,0.0,0.0,0.0,0.0,0.0,-2,-2
461,1,-1,-11.373467445373535,15.298224449157715,1.0676584243774414,1,1,0,0,1,1,1,1,0,63,20.0,40,0.9999999999996112,0,1,0,0,1,1,0,1,1,0,0,0.0,0.0,0.0,0.0,0.0,0.0,0.0,0.0,0.0,0.0,0.0,0.0,0.0,0.0,-2,-2
