remaining_time,robot_mode,alarm,robot_x,robot_y,robot_theta,tree 1,tree 2,tree 3,tree 4,tree 5,tree 6,tree 7,tree 8,tree 9,battery_level,temperature,water_robot_tank,water_ground_tank,leak 1,leak 2,leak 3,leak 4,leak 5,leak 6,leak 7,leak 8,leak 9,direction,avancement,left,right,push,wrench,leak 1,leak 2,leak 3,leak 4,leak 5,leak 6,leak 7,leak 8,leak 9,rm_alarm,errors,shortcuts
370,1,-1,15.416290283203125,17.015974044799805,-2.43842887878418,1,0,1,1,0,1,1,1,1,99,20.0,0,0.9999999999996112,0,0,0,0,0,0,0,1,0,0,0,0.0,0.0,0.0,1.0,0.0,0.0,1.0,0.0,0.0,1.0,0.0,0.0,0.0,0.0,-2,-2
369,1,-1,15.416290283203125,17.015974044799805,-2.43842887878418,1,0,1,1,0,1,1,1,1,100,20.0,0,0.9999999999996112,0,0,0,0,0,0,0,1,0,0,0,0.0,0.0,0.0,1.0,0.0,0.0,0.0,0.0,0.0,0.0,0.0,0.0,0.0,0.0,-2,-2
368,1,-1,15.335783004760742,16.898935317993164,-2.1648297309875493,1,0,1,1,0,1,1,1,1,99,20.0,0,0.9999999999996112,0,0,0,0,0,0,0,0,0,0,0,0.0,0.0,0.0,0.0,0.0,0.0,0.0,0.0,0.0,0.0,0.0,1.0,0.0,0.0,-2,-2
367,1,-1,14.457316398620605,15.479390144348145,-2.1156647205352783,1,0,1,1,0,1,1,1,1,100,20.0,0,0.9999999999996112,0,0,0,0,0,0,0,0,0,0,0,0.0,0.0,0.0,0.0,0.0,0.0,0.0,0.0,0.0,0.0,0.0,0.0,0.0,0.0,-2,-2
366,1,-1,13.5924072265625,14.052367210388185,-2.115246534347534,1,0,1,1,1,1,1,1,1,99,20.0,0,0.9999999999996112,0,0,0,0,0,0,0,0,0,0,0,0.0,0.0,0.0,0.0,0.0,0.0,0.0,0.0,0.0,0.0,0.0,0.0,0.0,0.0,-2,-2
365,1,-1,12.729162216186525,12.624649047851562,-2.1132283210754395,1,0,1,1,1,1,1,1,1,99,20.0,0,0.9999999999996112,0,0,0,0,0,0,1,0,0,0,0,1.0,0.0,0.0,0.0,0.0,0.0,0.0,0.0,0.0,0.0,0.0,0.0,0.0,0.0,-2,-2
364,1,-1,11.866456985473633,11.196134567260742,-2.113739252090454,1,0,1,1,1,1,1,1,1,98,20.0,0,0.9999999999996112,0,0,0,0,0,0,1,0,0,0,0,0.0,0.0,0.0,0.0,0.0,0.0,0.0,0.0,0.0,0.0,0.0,0.0,0.0,0.0,-2,-2
363,1,-1,11.00948715209961,9.764347076416016,-2.1076407432556152,1,0,1,1,1,1,1,1,1,98,20.0,0,0.9999999999996112,0,0,0,0,0,0,0,0,0,0,0,0.0,1.0,0.0,1.0,0.0,0.0,0.0,0.0,0.0,0.0,1.0,0.0,0.0,0.0,-2,-2
362,1,-1,10.15570831298828,8.33039665222168,-2.108573198318481,1,0,1,1,1,1,1,1,1,97,20.0,0,0.9999999999996112,0,0,0,0,0,0,0,0,0,0,0,0.0,0.0,0.0,0.0,0.0,0.0,0.0,0.0,0.0,0.0,0.0,0.0,0.0,0.0,-2,-2
361,1,-1,9.302254676818848,6.896240711212157,-2.102080583572388,1,0,1,1,1,1,1,1,1,97,20.0,0,0.9999999999996112,0,0,0,0,0,0,0,0,0,0,0,0.0,1.0,1.0,0.0,0.0,0.0,0.0,0.0,0.0,0.0,0.0,0.0,0.0,0.0,-2,-2
