remaining_time,robot_mode,alarm,robot_x,robot_y,robot_theta,tree 1,tree 2,tree 3,tree 4,tree 5,tree 6,tree 7,tree 8,tree 9,battery_level,temperature,water_robot_tank,water_ground_tank,leak 1,leak 2,leak 3,leak 4,leak 5,leak 6,leak 7,leak 8,leak 9,direction,avancement,left,right,push,wrench,leak 1,leak 2,leak 3,leak 4,leak 5,leak 6,leak 7,leak 8,leak 9,rm_alarm,errors,shortcuts
150,1,-1,15.728292465209961,15.93506145477295,-1.515380620956421,1,1,1,1,1,1,1,1,1,99,20.0,10,59.80952380952238,1,0,0,0,0,0,0,0,0,0.0,2.86,0.0,0.0,0.0,0.0,0.0,0.0,0.0,0.0,0.0,0.0,0.0,0.0,0.0,0.0, -1, -1
149,1,-1,15.728292465209961,15.93506145477295,-1.515380620956421,1,1,1,1,1,1,1,1,1,100,20.0,10,59.531746031744596,1,0,0,0,0,0,0,0,0,0.0,2.86,0.0,0.0,0.0,0.0,0.0,0.0,0.0,0.0,0.0,0.0,0.0,0.0,0.0,0.0, -1, -1
148,1,-1,15.73333740234375,15.839566230773926,-1.5158579349517822,1,1,1,1,1,1,1,1,1,99,20.0,10,59.2539682539668,1,0,0,0,0,0,0,0,0,0.0,2.86,0.0,0.0,0.0,0.0,0.0,0.0,0.0,0.0,0.0,0.0,0.0,0.0,0.0,0.0, -1, -1
147,1,-1,15.73333740234375,15.839566230773926,-1.5158579349517822,1,1,1,1,1,1,1,1,1,100,20.0,10,58.809523809522354,0,0,0,0,0,0,0,0,0,0,0,0.0,0.0,0.0,1.0,1.0,0.0,0.0,0.0,0.0,0.0,0.0,0.0,0.0,0.0, -1, -1
146,1,-1,15.733328819274902,15.839653968811035,-1.5158692598342896,1,1,1,1,1,1,1,1,1,99,20.0,10,58.809523809522354,0,0,0,0,0,0,0,0,0,0,0,1.0,0.0,1.0,0.0,0.0,0.0,0.0,0.0,0.0,0.0,0.0,0.0,0.0,0.0, -1,3
145,1,-1,15.733328819274902,15.839653968811035,-1.5158692598342896,1,1,1,1,1,1,1,1,1,100,20.0,10,58.698412698411225,0,0,1,0,0,0,0,0,0,0,0,0.0,0.0,0.0,0.0,0.0,0.0,0.0,0.0,0.0,0.0,0.0,0.0,0.0,0.0, -1, -1
144,1,-1,15.733294486999512,15.83947467803955,-1.5478942394256592,1,1,1,1,1,1,1,1,1,99,20.0,10,58.142857142855654,0,0,1,0,0,0,0,0,0,0,0,0.0,0.0,0.0,0.0,0.0,0.0,0.0,0.0,0.0,0.0,0.0,0.0,0.0,0.0, -1, -1
143,1,-1,15.73323917388916,15.839338302612305,-1.5801432132720947,1,1,1,1,1,1,1,1,1,100,20.0,10,57.58730158730009,0,0,1,0,0,0,0,0,0,0,0,0.0,0.0,0.0,0.0,0.0,0.0,0.0,0.0,0.0,0.0,0.0,0.0,0.0,0.0, -1, -1
142,1,-1,15.733219146728516,15.839336395263672,-1.5883256196975708,1,1,1,1,1,1,1,1,1,99,20.0,10,57.031746031744525,0,0,1,0,0,0,0,0,0,0,0,0.0,0.0,0.0,1.0,0.0,0.0,0.0,0.0,0.0,0.0,0.0,0.0,0.0,0.0, -1, -1
141,1,-1,15.733219146728516,15.839336395263672,-1.5883256196975708,1,1,1,1,1,1,1,1,1,100,20.0,10,56.80952380952228,0,0,0,0,0,0,0,0,0,0,0,0.0,0.0,0.0,0.0,0.0,0.0,1.0,0.0,0.0,0.0,0.0,0.0,0.0,0.0, -1, -1
