remaining_time,robot_mode,alarm,robot_x,robot_y,robot_theta,tree 1,tree 2,tree 3,tree 4,tree 5,tree 6,tree 7,tree 8,tree 9,battery_level,temperature,water_robot_tank,water_ground_tank,leak 1,leak 2,leak 3,leak 4,leak 5,leak 6,leak 7,leak 8,leak 9,direction,avancement,left,right,push,wrench,leak 1,leak 2,leak 3,leak 4,leak 5,leak 6,leak 7,leak 8,leak 9,rm_alarm,errors,shortcuts
520,1,-1,2.9303054809570312,10.911840438842773,2.678241491317749,0,0,1,1,0,0,1,0,1,60,20.0,70,86.6666666666666,0,0,0,0,0,0,0,0,0,0,0,0.0,0.0,1.0,0.0,0.0,0.0,0.0,0.0,0.0,0.0,0.0,0.0,0.0,0.0, -1,-2
519,1,-1,2.92917275428772,10.911582946777344,-3.0748276710510254,0,0,1,1,0,0,1,0,1,60,20.0,70,89.6666666666666,0,0,0,0,0,0,0,0,0,0,0,0.0,0.0,1.0,0.0,0.0,0.0,0.0,0.0,0.0,0.0,0.0,0.0,0.0,0.0, -1,-2
518,1,-1,2.9281618595123287,10.911031723022461,-2.598595142364502,0,0,1,1,0,0,1,0,1,59,20.0,70,91.95238095238086,0,0,0,0,0,0,0,0,0,0,0,0.0,0.0,1.0,0.0,0.0,0.0,0.0,0.0,0.0,0.0,0.0,0.0,0.0,0.0, -1,-2
517,1,-1,1.7255697250366209,10.059030532836914,-2.5107579231262207,0,0,1,1,0,0,1,0,1,59,20.0,70,94.23809523809516,0,0,0,0,0,0,0,0,0,0,0,0.0,0.0,1.0,0.0,0.0,0.0,0.0,0.0,0.0,0.0,0.0,0.0,0.0,0.0, -1,-2
516,1,-1,0.5656449794769287,9.21099853515625,-2.5129730701446533,0,0,1,1,0,0,1,0,1,58,20.0,70,96.66666666666657,0,0,0,0,0,0,0,0,0,0,0,0.0,1.0,0.0,0.0,0.0,0.0,0.0,0.0,0.0,0.0,0.0,0.0,0.0,0.0, -1,-2
515,1,-1,-0.28010767698287964,8.587319374084473,-2.5006110668182373,0,0,1,0,0,0,1,0,1,58,20.0,60,98.095238095238,0,1,0,0,0,0,0,0,0,0,0,1.0,0.0,1.0,0.0,0.0,0.0,0.0,0.0,0.0,0.0,0.0,0.0,0.0,0.0, -1,-2
514,1,-1,-0.8938893675804138,8.125134468078612,-2.4871811866760254,0,0,1,0,0,0,1,0,1,57,20.0,60,98.67460317460308,0,1,0,0,0,0,0,0,0,0,0,0.0,0.0,1.0,0.0,0.0,0.0,0.0,0.0,0.0,0.0,0.0,0.0,0.0,0.0, -1,-2
513,1,-1,0.15307211875915527,8.930185317993164,-2.48598861694336,0,0,1,0,0,0,1,0,1,57,20.0,60,99.82539682539671,0,1,0,0,0,0,0,0,0,0,0,0.0,0.0,1.0,0.0,0.0,0.0,0.0,0.0,0.0,0.0,0.0,0.0,0.0,0.0, -1,-2
512,1,-1,1.2758854627609253,9.795400619506836,-2.483805894851685,0,0,1,0,0,0,1,0,1,56,20.0,60,99.86507936507937,0,1,0,0,0,0,0,0,0,0,0,0.0,0.0,0.0,1.0,0.0,0.0,0.0,0.0,0.0,0.0,0.0,0.0,0.0,0.0, -1,-2
511,1,-1,0.055815905332565315,9.536723136901855,-3.0463356971740723,0,0,1,0,0,0,1,0,1,56,20.0,60,99.7301587301587,0,1,0,0,0,0,0,0,0,0,0,0.0,0.0,0.0,0.0,0.0,0.0,0.0,0.0,0.0,0.0,0.0,0.0,0.0,0.0, click,-2
