remaining_time,robot_mode,alarm,robot_x,robot_y,robot_theta,tree 1,tree 2,tree 3,tree 4,tree 5,tree 6,tree 7,tree 8,tree 9,battery_level,temperature,water_robot_tank,water_ground_tank,leak 1,leak 2,leak 3,leak 4,leak 5,leak 6,leak 7,leak 8,leak 9,direction,avancement,left,right,push,wrench,leak 1,leak 2,leak 3,leak 4,leak 5,leak 6,leak 7,leak 8,leak 9,rm_alarm,errors,shortcuts
240,1,-1,1.3902198076248171,-9.710582733154297,1.035358428955078,1,1,1,0,1,1,1,1,1,23,26.070004224843714,90,4.222222222222097,0,0,1,0,0,0,0,0,0,0,0,0.0,0.0,0.0,0.0,0.0,0.0,0.0,0.0,0.0,0.0,0.0,0.0,0.0,0.0, -1, -1
239,1,-1,2.2615041732788086,-8.254944801330566,1.0311707258224487,1,1,1,0,1,1,1,1,1,23,22.736670891510364,90,3.6666666666665417,0,0,1,0,0,0,0,0,0,0,0,0.0,0.0,0.0,0.0,0.0,0.0,0.0,0.0,0.0,0.0,0.0,0.0,0.0,0.0, -1, -1
238,1,-1,3.118360757827759,-6.8233394622802725,1.0331294536590576,1,1,1,0,1,1,1,1,1,22,20.0,90,3.222222222222097,0,0,0,0,0,0,0,0,0,0,0,0.0,0.0,0.0,1.0,0.0,0.0,1.0,0.0,0.0,0.0,0.0,0.0,0.0,0.0, -1,1
237,1,-1,3.9598009586334233,-5.414056777954102,1.034316897392273,1,1,1,0,1,1,1,1,1,22,20.0,90,3.222222222222097,0,0,0,0,0,0,0,0,0,0,0,0.0,0.0,0.0,0.0,0.0,0.0,0.0,0.0,0.0,0.0,0.0,0.0,0.0,0.0, -1, -1
236,1,-1,4.810628890991211,-3.9800965785980233,1.0342105627059937,1,1,1,0,1,1,1,1,1,21,20.0,90,3.222222222222097,0,0,0,0,0,0,0,0,0,0,0,0.0,0.0,0.0,0.0,0.0,0.0,0.0,0.0,0.0,0.0,0.0,0.0,0.0,0.0, -1, -1
235,1,-1,5.662283420562744,-2.545157194137573,1.0355458259582522,1,1,1,0,1,1,1,1,1,21,20.0,90,3.222222222222097,0,0,0,0,0,0,0,0,0,0,0,0.0,0.0,0.0,0.0,0.0,0.0,0.0,0.0,0.0,0.0,0.0,0.0,0.0,0.0, -1, -1
234,1,-1,6.5086631774902335,-1.106687068939209,1.0427021980285645,1,1,1,0,1,1,1,1,1,20,20.0,90,3.222222222222097,0,0,0,0,0,0,0,0,0,0,0,0.0,0.0,0.0,0.0,0.0,0.0,0.0,0.0,0.0,0.0,0.0,0.0,0.0,0.0, -1, -1
233,1,-1,7.361819267272949,0.3595533072948456,1.043186902999878,1,1,1,0,1,1,1,1,1,20,20.0,90,3.222222222222097,0,0,0,0,0,0,0,0,0,0,0,0.0,0.0,0.0,0.0,0.0,0.0,0.0,0.0,0.0,0.0,0.0,0.0,0.0,0.0, -1, -1
232,1,-1,8.188647270202638,1.777525782585144,1.0482056140899658,1,1,1,0,1,1,1,1,1,19,20.0,90,3.222222222222097,0,0,0,0,0,0,0,0,0,0,0,0.0,0.0,0.0,0.0,0.0,0.0,0.0,0.0,0.0,0.0,0.0,0.0,0.0,0.0, -1, -1
231,1,-1,9.007941246032717,3.1993215084075928,1.0495412349700928,1,1,1,0,1,1,1,1,1,19,20.0,90,3.222222222222097,0,0,0,0,0,0,0,0,0,0,0,1.0,0.0,0.0,0.0,0.0,0.0,0.0,0.0,0.0,0.0,0.0,0.0,0.0,0.0, -1,1
