remaining_time,robot_mode,alarm,robot_x,robot_y,robot_theta,tree 1,tree 2,tree 3,tree 4,tree 5,tree 6,tree 7,tree 8,tree 9,battery_level,temperature,water_robot_tank,water_ground_tank,leak 1,leak 2,leak 3,leak 4,leak 5,leak 6,leak 7,leak 8,leak 9,direction,avancement,left,right,push,wrench,leak 1,leak 2,leak 3,leak 4,leak 5,leak 6,leak 7,leak 8,leak 9,rm_alarm,errors,shortcuts
60,1,-1,2.314115285873413,11.16805362701416,1.3675705194473269,0,0,1,1,0,0,0,1,0,27,20.0,60,0.14285714285709794,0,0,0,0,0,0,0,0,0,0,0,0.0,0.0,0.0,1.0,0.0,0.0,0.0,0.0,0.0,0.0,1.0,0.0,0.0,0.0, -1,1
59,1,2,2.3119232654571533,11.168959617614746,1.912262201309204,0,0,1,1,0,0,0,1,0,27,20.0,60,0.14285714285709794,0,0,0,0,0,0,0,0,0,0,0,0.0,0.0,0.0,0.0,0.0,0.0,0.0,0.0,0.0,0.0,0.0,0.0,0.0,0.0, -1, -1
58,1,-1,2.3105182647705083,11.16914176940918,2.4186367988586426,0,0,1,1,0,0,0,1,0,26,20.0,60,0.14285714285709794,0,0,0,0,0,0,0,0,0,0,0,0.0,0.0,0.0,0.0,0.0,0.0,0.0,0.0,0.0,0.0,0.0,0.0,0.0,1.0, click, -1
57,1,-1,2.3103342056274414,11.169821739196776,2.933354139328003,0,1,1,1,0,0,0,1,0,26,20.0,60,0.14285714285709794,0,0,0,0,0,0,0,0,0,0,0,0.0,0.0,0.0,0.0,0.0,0.0,0.0,0.0,0.0,0.0,0.0,0.0,0.0,0.0, -1, -1
56,1,-1,2.308682680130005,11.168288230895996,-2.8189845085144043,0,1,1,1,0,0,0,1,0,25,20.0,60,0.14285714285709794,0,0,0,0,0,0,0,0,0,0,0,0.0,0.0,0.0,0.0,0.0,0.0,0.0,0.0,0.0,0.0,0.0,0.0,0.0,0.0, -1, -1
55,1,-1,2.1545572280883794,11.047590255737305,-2.475168466567993,0,1,1,1,0,0,0,1,0,25,20.0,60,0.14285714285709794,0,0,0,0,0,0,0,0,0,0,0,0.0,0.0,0.0,0.0,0.0,0.0,0.0,0.0,0.0,0.0,0.0,0.0,0.0,0.0, -1, -1
54,1,-1,0.8828245997428894,9.963888168334961,-2.426799058914185,0,1,1,1,0,0,0,1,0,24,20.0,60,0.14285714285709794,0,0,0,0,0,0,0,0,0,0,0,0.0,0.0,0.0,0.0,0.0,0.0,0.0,0.0,0.0,0.0,0.0,0.0,0.0,0.0, -1, -1
53,1,-1,-0.024566994979977608,9.172197341918944,-2.4203851222991943,0,1,1,1,0,0,0,1,0,24,20.0,60,0.14285714285709794,0,0,0,0,0,0,0,0,0,0,0,0.0,0.0,0.0,0.0,0.0,0.0,0.0,0.0,0.0,0.0,0.0,0.0,0.0,0.0, -1, -1
52,1,-1,-0.7105746269226074,8.55829906463623,-2.405421257019043,0,1,1,0,0,0,0,1,0,23,20.0,50,0.14285714285709794,0,0,0,0,0,0,0,0,0,0,0,0.0,0.0,0.0,0.0,0.0,0.0,0.0,0.0,0.0,0.0,0.0,0.0,0.0,0.0, -1, -1
51,1,-1,-1.2087750434875488,8.104594230651855,-2.393535852432251,0,1,1,0,0,0,0,1,0,23,20.0,50,0.14285714285709794,0,0,0,0,0,0,0,0,0,0,0,0.0,0.0,0.0,0.0,0.0,0.0,0.0,0.0,0.0,0.0,0.0,0.0,0.0,0.0, -1, -1
