remaining_time,robot_mode,alarm,robot_x,robot_y,robot_theta,tree 1,tree 2,tree 3,tree 4,tree 5,tree 6,tree 7,tree 8,tree 9,battery_level,temperature,water_robot_tank,water_ground_tank,leak 1,leak 2,leak 3,leak 4,leak 5,leak 6,leak 7,leak 8,leak 9,direction,avancement,left,right,push,wrench,leak 1,leak 2,leak 3,leak 4,leak 5,leak 6,leak 7,leak 8,leak 9,rm_alarm,errors,shortcuts
450,1,-1,0.05810050666332245,-9.713566780090332,-1.7405122518539429,0,1,0,0,0,1,0,1,1,25,20.0,10,0.9999999999999448,0,1,0,0,0,0,0,0,0,0,0,0.0,0.0,0.0,0.0,0.0,0.0,0.0,0.0,0.0,0.0,0.0,0.0,0.0,0.0,-2,-2
449,1,-1,0.057442028075456626,-9.71322536468506,-1.3695484399795532,0,1,0,0,0,1,0,1,1,25,20.0,10,0.9999999999999448,0,1,0,0,0,0,0,0,0,0,0,0.0,0.0,0.0,0.0,0.0,0.0,0.0,0.0,0.0,0.0,0.0,0.0,0.0,0.0,-2,-2
448,1,-1,0.051539767533540726,-9.71742343902588,-0.8094941973686218,0,1,0,0,0,1,0,1,1,24,20.0,10,0.9999999999999448,0,1,0,0,0,0,0,0,0,0,0,0.0,0.0,0.0,0.0,0.0,0.0,0.0,0.0,0.0,0.0,0.0,0.0,0.0,0.0,-2,-2
447,1,-1,0.04905222356319428,-9.720297813415527,-0.31597837805747986,0,1,0,0,0,1,0,1,1,24,20.0,10,0.9999999999999448,0,1,0,0,0,0,0,0,0,0,0,0.0,0.0,0.0,0.0,0.0,0.0,0.0,0.0,0.0,0.0,0.0,0.0,0.0,0.0,-2,-2
446,1,-1,0.043573375791311264,-9.718305587768556,0.22359296679496765,1,1,0,0,0,1,0,1,1,23,20.0,10,0.9999999999999448,0,1,0,0,0,0,0,0,0,0,0,1.0,0.0,0.0,0.0,0.0,0.0,0.0,0.0,0.0,0.0,0.0,0.0,0.0,0.0,-2,-2
445,1,-1,0.045519612729549415,-9.714585304260254,0.7417701482772827,1,1,0,0,0,1,0,1,1,23,20.0,10,0.9999999999999448,0,1,0,1,0,0,0,0,0,0,0,0.0,0.0,0.0,0.0,0.0,0.0,0.0,0.0,0.0,0.0,0.0,0.0,0.0,0.0,-2,-2
444,1,-1,0.3633916079998016,-9.258589744567873,0.9851258397102356,1,1,0,0,0,1,0,1,1,22,20.0,10,0.9999999999999448,0,1,0,1,0,0,0,0,0,0,0,1.0,0.0,0.0,0.0,0.0,0.0,0.0,0.0,0.0,0.0,0.0,0.0,0.0,0.0,-2,-2
443,1,-1,1.264756441116333,-7.8548712730407715,0.9992712140083312,1,1,0,0,0,1,0,1,1,22,20.0,10,0.9999999999999448,0,1,0,1,0,0,0,0,0,0,0,1.0,0.0,0.0,0.0,0.0,0.0,0.0,0.0,0.0,0.0,0.0,0.0,0.0,0.0,-2,-2
442,1,-1,2.1690187454223637,-6.453003883361816,0.9972942471504213,1,1,0,0,0,1,0,1,1,21,20.0,10,0.9999999999999448,0,1,0,1,0,0,0,0,0,0,0,0.0,0.0,0.0,0.0,0.0,0.0,0.0,0.0,0.0,0.0,0.0,0.0,0.0,0.0,-2,-2
441,1,-1,3.0761644840240483,-5.052137851715088,0.9964312911033629,1,1,0,0,0,1,0,1,1,21,20.0,10,0.5555555555555003,0,1,0,1,0,0,0,0,0,0,0,0.0,0.0,0.0,0.0,0.0,0.0,0.0,0.0,0.0,0.0,0.0,0.0,0.0,0.0,-2,-2
