remaining_time,robot_mode,alarm,robot_x,robot_y,robot_theta,tree 1,tree 2,tree 3,tree 4,tree 5,tree 6,tree 7,tree 8,tree 9,battery_level,temperature,water_robot_tank,water_ground_tank,leak 1,leak 2,leak 3,leak 4,leak 5,leak 6,leak 7,leak 8,leak 9,direction,avancement,left,right,push,wrench,leak 1,leak 2,leak 3,leak 4,leak 5,leak 6,leak 7,leak 8,leak 9,rm_alarm,errors,shortcuts
170,1,-1,14.11095142364502,12.803128242492676,-2.095968246459961,1,1,1,1,1,1,1,1,1,98,20.0,0,0.7936507936507956,0,0,0,0,0,0,0,0,0,0,0,0.0,0.0,0.0,0.0,0.0,0.0,0.0,0.0,0.0,0.0,1.0,0.0,0.0,0.0,-2,-2
169,1,-1,13.274436950683596,11.359844207763672,-2.094921588897705,1,1,1,1,1,1,1,1,1,98,20.0,0,0.7936507936507956,0,0,0,0,0,0,0,0,0,0,0,0.0,0.0,0.0,0.0,0.0,0.0,0.0,0.0,0.0,0.0,0.0,0.0,0.0,0.0,-2,-2
168,1,-1,12.43864631652832,9.914828300476074,-2.0998263359069824,1,1,1,1,1,1,1,1,1,97,20.0,0,1.7936507936507955,0,0,0,0,0,0,0,0,0,0,0,0.0,0.0,1.0,0.0,0.0,0.0,0.0,0.0,0.0,0.0,0.0,0.0,0.0,0.0,-2,-2
167,1,-1,11.583081245422365,8.449892997741701,-2.0985701084136963,1,1,1,1,1,1,1,1,1,97,20.0,0,1.7936507936507955,0,0,0,0,0,0,0,0,0,0,0,0.0,0.0,0.0,0.0,0.0,0.0,0.0,0.0,0.0,0.0,0.0,0.0,0.0,0.0,-2,-2
166,1,-1,10.741640090942383,7.009652614593506,-2.100717306137085,1,1,1,1,1,1,1,1,1,96,20.0,0,1.7936507936507955,0,0,0,0,0,0,0,0,0,0,0,0.0,1.0,0.0,0.0,0.0,0.0,0.0,0.0,0.0,0.0,0.0,0.0,0.0,0.0,-2,-2
165,1,-1,9.893461227416992,5.573124885559082,-2.109954357147217,1,1,1,1,1,1,1,1,1,96,20.0,0,1.7936507936507955,0,0,0,0,1,0,0,0,0,0,0,0.0,0.0,0.0,0.0,0.0,0.0,0.0,0.0,0.0,0.0,0.0,0.0,0.0,0.0,-2,-2
164,1,-1,9.051562309265137,4.1650609970092765,-2.109060287475586,1,1,1,1,1,1,1,1,1,95,20.0,0,1.23809523809524,0,0,0,0,1,0,0,0,0,0,0,0.0,1.0,0.0,0.0,0.0,0.0,0.0,0.0,0.0,0.0,0.0,0.0,0.0,0.0,-2,-2
163,1,-1,8.195708274841309,2.732388734817505,-2.1139545440673833,1,1,1,1,1,1,1,1,1,95,20.0,0,0.9047619047619064,0,0,0,0,1,0,0,0,0,0,0,0.0,0.0,0.0,0.0,0.0,0.0,0.0,0.0,0.0,0.0,0.0,0.0,0.0,0.0,-2,-2
162,1,-1,7.317795753479004,1.280902862548828,-2.1147830486297607,1,1,1,1,1,1,1,1,1,94,20.0,0,0.9047619047619064,0,0,0,0,1,0,0,0,0,0,0,0.0,0.0,0.0,0.0,0.0,0.0,0.0,0.0,0.0,0.0,0.0,0.0,0.0,0.0,-2,-2
161,1,-1,6.469008445739746,-0.12272798269987105,-2.1140391826629643,1,1,1,1,1,1,1,1,1,94,20.0,0,0.9047619047619064,0,0,0,0,1,0,0,0,0,0,0,0.0,0.0,0.0,0.0,0.0,0.0,0.0,0.0,1.0,0.0,0.0,0.0,0.0,0.0,-2,-2
