remaining_time,robot_mode,alarm,robot_x,robot_y,robot_theta,tree 1,tree 2,tree 3,tree 4,tree 5,tree 6,tree 7,tree 8,tree 9,battery_level,temperature,water_robot_tank,water_ground_tank,leak 1,leak 2,leak 3,leak 4,leak 5,leak 6,leak 7,leak 8,leak 9,direction,avancement,left,right,push,wrench,leak 1,leak 2,leak 3,leak 4,leak 5,leak 6,leak 7,leak 8,leak 9,rm_alarm,errors,shortcuts
270,1,-1,-0.11327332258224487,-10.270872116088867,1.14158833026886,1,1,1,1,1,1,1,1,1,36,20.0,0,0.9523809523809508,0,0,0,0,0,0,0,0,0,0,0,0.0,0.0,0.0,0.0,0.0,0.0,0.0,0.0,0.0,0.0,0.0,0.0,0.0,0.0,-2,-2
269,1,-1,-0.11327332258224487,-10.270872116088867,1.14158833026886,1,1,1,1,1,1,1,1,1,36,20.0,0,0.9523809523809508,0,0,0,0,0,0,0,0,0,0,0,0.0,0.0,0.0,0.0,0.0,0.0,0.0,0.0,0.0,0.0,0.0,0.0,0.0,0.0,-2,-2
268,1,-1,-0.11327332258224487,-10.270872116088867,1.14158833026886,1,1,1,1,1,1,1,1,1,35,20.0,0,0.9523809523809508,0,0,0,0,0,0,0,0,0,0,0,0.0,0.0,0.0,0.0,0.0,0.0,0.0,0.0,0.0,0.0,0.0,0.0,0.0,0.0,-2,-2
267,1,-1,-0.11327332258224487,-10.270872116088867,1.14158833026886,1,1,1,1,1,1,1,1,1,35,20.0,0,0.9523809523809508,0,0,0,0,0,0,0,0,0,0,0,0.0,0.0,0.0,0.0,0.0,0.0,0.0,0.0,0.0,0.0,0.0,0.0,0.0,0.0,-2,-2
266,1,-1,-0.11327332258224487,-10.270872116088867,1.14158833026886,1,1,1,1,1,1,1,1,1,34,20.0,0,0.9523809523809508,0,0,0,0,0,0,0,0,0,0,0,0.0,0.0,0.0,0.0,0.0,0.0,0.0,0.0,0.0,0.0,0.0,0.0,0.0,0.0,-2,-2
265,1,-1,-0.11327332258224487,-10.270872116088867,1.14158833026886,1,1,1,1,1,1,1,1,1,34,20.0,0,0.9523809523809508,0,0,0,0,0,0,1,0,0,0,0,0.0,0.0,0.0,0.0,0.0,0.0,0.0,0.0,0.0,0.0,0.0,0.0,0.0,0.0,-2,-2
264,1,-1,-0.11327333003282547,-10.270872116088867,1.14158833026886,1,1,1,1,1,1,1,1,1,33,20.0,0,0.9523809523809508,0,0,0,0,0,0,1,0,0,0,0,0.0,0.0,0.0,0.0,0.0,0.0,0.0,0.0,0.0,0.0,0.0,0.0,0.0,0.0,-2,-2
263,1,-1,-0.11327333003282547,-10.270872116088867,1.14158833026886,1,1,1,1,1,1,1,1,1,33,20.0,0,0.9523809523809508,0,0,0,0,0,0,1,0,0,0,0,0.0,0.0,0.0,1.0,0.0,0.0,0.0,0.0,0.0,0.0,0.0,0.0,0.0,0.0,-2,-2
262,1,-1,-0.11327333003282547,-10.270872116088867,1.14158833026886,1,1,1,1,1,1,1,1,1,32,20.0,0,0.9523809523809508,0,0,0,0,0,0,0,0,0,0,0,0.0,0.0,0.0,0.0,0.0,0.0,0.0,0.0,0.0,0.0,1.0,0.0,0.0,0.0,-2,-2
261,1,-1,-0.11327333003282547,-10.270872116088867,1.14158833026886,1,1,1,1,1,1,1,1,1,32,20.0,0,0.9523809523809508,0,0,0,0,0,0,0,0,0,0,0,0.0,0.0,0.0,0.0,0.0,0.0,0.0,0.0,0.0,0.0,0.0,0.0,0.0,0.0,-2,-2
