remaining_time,robot_mode,alarm,robot_x,robot_y,robot_theta,tree 1,tree 2,tree 3,tree 4,tree 5,tree 6,tree 7,tree 8,tree 9,battery_level,temperature,water_robot_tank,water_ground_tank,leak 1,leak 2,leak 3,leak 4,leak 5,leak 6,leak 7,leak 8,leak 9,direction,avancement,left,right,push,wrench,leak 1,leak 2,leak 3,leak 4,leak 5,leak 6,leak 7,leak 8,leak 9,rm_alarm,errors,shortcuts
480,1,-1,-0.17052555084228516,9.904508590698242,-2.2384352684021,0,0,1,1,1,1,0,1,0,69,117.76937795111718,30,0.1825396825396825,1,0,1,0,1,1,1,1,1,0,0,0.0,0.0,0.0,0.0,0.0,0.0,0.0,0.0,0.0,0.0,0.0,0.0,0.0,0.0,-2,-2
479,1,-1,-0.17008987069129944,9.905412673950195,-2.6474897861480717,0,0,1,0,1,1,0,1,0,69,129.9882440562357,20,0.1825396825396825,1,0,1,0,1,1,1,1,1,0,0,0.0,0.0,0.0,0.0,0.0,0.0,0.0,0.0,0.0,0.0,0.0,0.0,0.0,0.0,-2,-2
478,1,-1,-0.16754530370235446,9.906566619873047,-3.135202646255493,0,0,1,0,1,1,0,1,0,68,154.3937187128776,20,0.1825396825396825,1,0,1,0,1,1,1,1,1,0,0,0.0,0.0,0.0,0.0,0.0,0.0,0.0,0.0,0.0,0.0,0.0,0.0,0.0,1.0,-2,-2
477,1,-1,1.9246569871902464,9.893902778625488,3.135260581970215,1,0,1,0,1,1,0,1,0,68,152.66909272295024,20,0.1825396825396825,1,0,1,0,1,1,1,1,1,0,0,0.0,0.0,0.0,0.0,0.0,0.0,0.0,0.0,0.0,0.0,0.0,0.0,0.0,0.0,-2,-2
476,1,-1,1.9246569871902464,9.893902778625488,3.135260581970215,1,0,1,0,1,1,0,1,0,67,152.66909272295024,20,0.1825396825396825,1,0,1,0,1,1,1,1,1,0,0,0.0,0.0,0.0,0.0,0.0,0.0,0.0,0.0,0.0,0.0,0.0,0.0,0.0,0.0,-2,-2
475,1,-1,1.433297872543335,9.897775650024414,3.127575397491455,1,0,1,0,0,1,0,1,0,67,149.3357593896169,10,0.1825396825396825,1,0,1,0,1,1,1,1,1,0,0,0.0,0.0,0.0,0.0,0.0,0.0,0.0,0.0,0.0,0.0,0.0,0.0,0.0,0.0,-2,-2
474,1,-1,0.7232790589332581,9.910196304321287,3.1185548305511475,1,0,1,0,0,1,0,1,0,66,142.66909272295018,10,0.1825396825396825,1,0,1,0,1,1,1,1,1,0,0,0.0,0.0,0.0,0.0,0.0,0.0,0.0,0.0,0.0,0.0,0.0,0.0,0.0,0.0,-2,-2
473,1,-1,2.8833065032958984,9.862578392028807,3.1213879585266118,1,0,1,0,0,1,0,1,0,66,139.33575938961687,10,0.1825396825396825,1,0,1,0,1,1,1,1,1,0,0,0.0,0.0,0.0,0.0,0.0,0.0,0.0,0.0,0.0,0.0,0.0,0.0,0.0,0.0,-2,-2
472,1,-1,2.8833065032958984,9.862578392028807,3.1213879585266118,1,0,1,0,0,1,0,1,0,65,139.33575938961687,10,0.1825396825396825,1,0,1,0,1,1,1,1,1,0,0,0.0,0.0,0.0,0.0,0.0,0.0,0.0,0.0,0.0,0.0,0.0,0.0,0.0,0.0,-2,-2
471,1,-1,3.041259288787842,9.858881950378418,2.734830617904663,1,0,1,0,0,1,0,1,0,65,136.00242605628353,10,0.1825396825396825,1,0,1,0,1,1,1,1,1,0,0,0.0,0.0,0.0,0.0,0.0,0.0,0.0,0.0,0.0,0.0,0.0,0.0,0.0,0.0,-2,-2
