remaining_time,robot_mode,alarm,robot_x,robot_y,robot_theta,tree 1,tree 2,tree 3,tree 4,tree 5,tree 6,tree 7,tree 8,tree 9,battery_level,temperature,water_robot_tank,water_ground_tank,leak 1,leak 2,leak 3,leak 4,leak 5,leak 6,leak 7,leak 8,leak 9,direction,avancement,left,right,push,wrench,leak 1,leak 2,leak 3,leak 4,leak 5,leak 6,leak 7,leak 8,leak 9,rm_alarm,errors,shortcuts
480,1,-1,8.744418144226074,-12.556108474731445,-0.034497838467359536,1,0,0,1,1,1,1,0,0,65,20.0,20,0.8888888888889088,1,1,1,0,0,1,1,0,1,0,0,0.0,0.0,0.0,0.0,0.0,0.0,0.0,0.0,0.0,0.0,0.0,0.0,0.0,0.0, -1,-1
479,1,-1,8.744418144226074,-12.556108474731445,-0.034497838467359536,1,0,0,1,1,1,1,0,0,65,20.0,20,0.8888888888889088,1,1,1,0,0,1,1,0,1,0,0,0.0,0.0,0.0,0.0,0.0,0.0,0.0,0.0,0.0,0.0,0.0,0.0,0.0,0.0, -1,-1
478,1,-1,10.133989334106444,-12.602946281433105,-0.03152589127421379,1,0,0,1,1,1,1,0,0,64,20.0,20,0.8888888888889088,1,1,1,0,0,1,1,0,1,0,0,0.0,0.0,0.0,0.0,0.0,0.0,0.0,0.0,0.0,0.0,0.0,0.0,0.0,0.0, -1,-1
477,1,-1,11.759382247924805,-12.642478942871096,-0.01684802956879139,1,0,0,1,1,1,1,0,0,64,20.0,20,0.8888888888889088,1,1,1,0,0,1,1,0,1,0,0,0.0,0.0,0.0,0.0,0.0,0.0,0.0,0.0,0.0,0.0,0.0,0.0,0.0,0.0, -1,-1
476,1,-1,13.020801544189453,-12.662775993347168,-0.012241129763424395,1,0,0,1,1,1,1,0,0,63,20.0,20,0.8888888888889088,1,1,1,0,0,1,1,0,1,0,0,0.0,0.0,0.0,0.0,0.0,0.0,0.0,0.0,0.0,0.0,0.0,0.0,0.0,0.0, -1,-1
475,1,-1,13.94551944732666,-12.6669921875,0.0008418301003985107,1,0,0,1,1,0,1,0,0,63,20.0,10,0.8888888888889088,1,1,1,0,0,1,1,0,1,0,0,0.0,0.0,0.0,0.0,0.0,0.0,0.0,0.0,0.0,0.0,0.0,0.0,0.0,0.0, -1,-1
474,1,-1,14.62285041809082,-12.664989471435547,0.009566694498062134,1,0,0,1,1,0,1,0,0,62,20.0,10,0.8888888888889088,1,1,1,0,0,1,1,0,1,0,0,0.0,0.0,0.0,0.0,0.0,0.0,0.0,0.0,0.0,0.0,0.0,0.0,0.0,0.0, -1,-1
473,1,-1,12.45197582244873,-12.689988136291506,0.013749965466558932,1,0,0,1,1,0,1,0,0,62,20.0,10,0.8888888888889088,1,1,1,0,0,1,1,0,1,0,0,0.0,0.0,0.0,0.0,0.0,0.0,0.0,0.0,0.0,0.0,0.0,0.0,0.0,0.0, -1,-1
472,1,-1,12.45197582244873,-12.689988136291506,0.013749965466558932,1,0,0,1,1,0,1,0,0,61,20.0,10,0.8888888888889088,1,1,1,0,0,1,1,0,1,0,0,0.0,0.0,0.0,0.0,0.0,0.0,0.0,0.0,0.0,0.0,0.0,0.0,0.0,0.0, -1,-1
471,1,-1,12.291810989379885,-12.69360637664795,-0.36771219968795776,1,0,0,1,1,0,1,0,0,61,20.0,10,0.8888888888889088,1,1,1,0,0,1,1,0,1,0,0,0.0,0.0,0.0,0.0,0.0,0.0,0.0,0.0,0.0,0.0,0.0,0.0,0.0,0.0, -1,-1
