remaining_time,robot_mode,alarm,robot_x,robot_y,robot_theta,tree 1,tree 2,tree 3,tree 4,tree 5,tree 6,tree 7,tree 8,tree 9,battery_level,temperature,water_robot_tank,water_ground_tank,leak 1,leak 2,leak 3,leak 4,leak 5,leak 6,leak 7,leak 8,leak 9,direction,avancement,left,right,push,wrench,leak 1,leak 2,leak 3,leak 4,leak 5,leak 6,leak 7,leak 8,leak 9,rm_alarm,errors,shortcuts
360,1,-1,10.469775199890137,-15.703524589538574,-0.07542863488197328,1,1,0,0,1,0,1,0,0,77,20.0,80,44.84920634920631,0,0,0,0,0,0,0,0,0,0,0,0.0,0.0,1.0,0.0,0.0,0.0,0.0,0.0,0.0,0.0,0.0,0.0,0.0,0.0,-2,-2
359,1,-1,12.087924003601074,-15.82476806640625,-0.07539328932762146,1,1,0,0,1,0,1,0,0,77,20.0,80,47.42063492063488,0,0,0,0,0,0,0,0,0,0,0,0.0,0.0,1.0,0.0,0.0,0.0,0.0,0.0,0.0,0.0,0.0,0.0,0.0,0.0,-2,-2
358,1,-1,13.320897102355955,-15.907422065734865,-0.0618712492287159,1,1,0,0,1,0,1,0,0,76,20.0,80,49.277777777777736,0,0,0,0,0,0,0,0,0,0,0,1.0,1.0,0.0,0.0,0.0,0.0,0.0,0.0,0.0,0.0,0.0,0.0,0.0,0.0,-2,-2
357,1,-1,14.244011878967285,-15.961812973022461,-0.05175350233912468,1,1,0,0,1,0,0,0,0,76,20.0,70,51.706349206349174,0,0,0,0,0,0,0,0,0,0,0,0.0,0.0,1.0,0.0,0.0,0.0,0.0,0.0,0.0,0.0,0.0,0.0,0.0,0.0,-2,-2
356,1,-1,14.919671058654785,-15.993871688842773,-0.04238927364349365,1,1,0,0,1,0,0,0,0,75,20.0,70,54.8492063492063,0,0,0,0,0,0,0,0,0,0,0,0.0,0.0,1.0,0.0,0.0,0.0,0.0,0.0,0.0,0.0,0.0,0.0,0.0,0.0,-2,-2
355,1,-1,12.81877326965332,-15.91029453277588,-0.03963182494044304,1,1,0,0,1,0,0,0,0,75,20.0,70,57.277777777777736,0,0,0,0,0,0,0,0,0,0,0,0.0,0.0,1.0,0.0,0.0,0.0,0.0,0.0,0.0,0.0,0.0,0.0,0.0,0.0,-2,-2
354,1,-1,11.411931991577148,-15.857860565185547,-0.03671091422438622,1,1,0,0,1,0,0,0,0,74,20.0,70,60.42063492063488,0,0,0,0,0,0,0,0,0,0,0,0.0,0.0,1.0,0.0,0.0,0.0,0.0,0.0,0.0,0.0,0.0,0.0,0.0,0.0,-2,-2
353,1,-1,11.411931991577148,-15.857860565185547,-0.03671091422438622,1,1,0,0,1,0,0,0,0,74,20.0,70,63.56349206349201,0,0,0,0,0,0,0,0,0,0,0,0.0,0.0,1.0,0.0,0.0,0.0,0.0,0.0,0.0,0.0,0.0,0.0,0.0,0.0,-2,-2
352,1,-1,11.405037879943848,-15.909608840942385,0.08664720505475998,1,1,0,0,1,0,0,0,0,73,20.0,70,66.56349206349202,0,0,0,0,0,0,0,0,0,0,0,0.0,0.0,1.0,0.0,0.0,0.0,0.0,0.0,0.0,0.0,0.0,0.0,0.0,0.0,-2,-2
351,1,-1,11.40738296508789,-15.905842781066895,0.6201198697090149,1,1,0,0,1,0,0,0,0,73,20.0,70,69.27777777777773,0,0,0,0,0,0,0,0,0,0,0,0.0,0.0,1.0,0.0,0.0,0.0,0.0,0.0,0.0,0.0,0.0,0.0,0.0,0.0,-2,-2
