remaining_time,robot_mode,alarm,robot_x,robot_y,robot_theta,tree 1,tree 2,tree 3,tree 4,tree 5,tree 6,tree 7,tree 8,tree 9,battery_level,temperature,water_robot_tank,water_ground_tank,leak 1,leak 2,leak 3,leak 4,leak 5,leak 6,leak 7,leak 8,leak 9,direction,avancement,left,right,push,wrench,leak 1,leak 2,leak 3,leak 4,leak 5,leak 6,leak 7,leak 8,leak 9,rm_alarm,errors,shortcuts
500,1,-1,2.0001771450042725,12.906566619873047,0.6247484683990479,0,0,1,0,0,1,1,1,0,50,20.0,20,0.9999999999999332,0,1,1,1,0,1,1,1,1,0,0,0.0,0.0,0.0,0.0,0.0,0.0,0.0,0.0,0.0,0.0,0.0,0.0,0.0,0.0, -1,-1
499,1,-1,2.0001771450042725,12.906566619873047,0.6247484683990479,0,0,1,0,0,1,1,1,0,50,20.0,20,0.9999999999999332,0,1,1,1,0,1,1,1,1,0,0,0.0,0.0,0.0,0.0,0.0,0.0,0.0,0.0,0.0,0.0,0.0,0.0,0.0,0.0, -1,-1
498,1,-1,2.0007672309875493,12.906618118286133,1.0136022567749023,0,0,1,0,0,1,1,1,0,49,20.0,20,0.9999999999999332,0,1,1,1,0,1,1,1,1,0,0,0.0,0.0,0.0,0.0,0.0,0.0,0.0,0.0,0.0,0.0,0.0,0.0,0.0,0.0, -1,-1
497,1,-1,1.999701738357544,12.907389640808105,1.5380721092224119,0,0,1,0,0,1,1,1,0,49,20.0,20,0.9999999999999332,0,1,1,1,0,1,1,1,1,0,0,0.0,0.0,0.0,0.0,0.0,0.0,0.0,0.0,0.0,0.0,0.0,0.0,0.0,0.0, -1,-1
496,1,-1,1.9986708164215088,12.907180786132812,2.0790512561798096,0,0,1,0,0,1,1,1,0,48,20.0,20,0.9999999999999332,0,1,1,1,0,1,1,1,1,0,0,0.0,0.0,0.0,0.0,0.0,0.0,0.0,0.0,0.0,0.0,0.0,0.0,0.0,0.0, -1,-1
495,1,-1,1.998919129371643,12.906035423278807,2.593452453613281,0,0,1,0,0,1,1,1,0,48,20.0,20,0.9999999999999332,0,1,1,1,0,1,1,1,1,0,0,0.0,0.0,0.0,0.0,0.0,0.0,0.0,0.0,0.0,0.0,0.0,0.0,0.0,0.0, -1,-1
494,1,-1,1.6177541017532349,12.98857593536377,2.943320035934448,0,0,1,0,0,1,1,1,0,47,20.0,20,0.9999999999999332,0,1,1,1,0,1,1,1,1,0,0,0.0,0.0,0.0,0.0,0.0,0.0,0.0,0.0,0.0,0.0,0.0,0.0,0.0,0.0, -1,-1
493,1,-1,-0.020046459510922432,13.30502986907959,2.952995777130127,0,0,1,0,0,1,1,1,0,47,20.0,20,0.9999999999999332,0,1,1,1,0,1,1,1,1,0,0,0.0,0.0,0.0,0.0,0.0,0.0,0.0,0.0,0.0,0.0,0.0,0.0,0.0,0.0, -1,-1
492,1,-1,-1.658014893531799,13.620871543884276,2.948556661605835,0,0,1,0,0,1,1,1,0,46,20.0,20,0.9999999999999332,0,1,1,1,0,1,1,1,1,0,0,0.0,0.0,0.0,0.0,0.0,0.0,0.0,0.0,0.0,0.0,0.0,0.0,0.0,0.0, -1,-1
491,1,-1,-3.297093391418457,13.930545806884766,2.957251787185669,0,0,1,0,0,1,1,1,0,46,20.0,20,0.9999999999999332,0,1,1,1,0,1,1,1,1,0,0,0.0,0.0,0.0,0.0,0.0,0.0,0.0,0.0,0.0,0.0,0.0,0.0,0.0,0.0, -1,-1
