remaining_time,robot_mode,alarm,robot_x,robot_y,robot_theta,tree 1,tree 2,tree 3,tree 4,tree 5,tree 6,tree 7,tree 8,tree 9,battery_level,temperature,water_robot_tank,water_ground_tank,leak 1,leak 2,leak 3,leak 4,leak 5,leak 6,leak 7,leak 8,leak 9,direction,avancement,left,right,push,wrench,leak 1,leak 2,leak 3,leak 4,leak 5,leak 6,leak 7,leak 8,leak 9,rm_alarm,errors,shortcuts
580,1,-1,2.1453962326049805,2.3930864334106445,2.0782179832458496,0,0,1,0,0,0,0,0,0,90,20.0,50,87.57142857142851,0,0,0,0,0,0,0,0,0,0.42400000000000004,0.572,0.0,0.0,0.0,0.0,0.0,0.0,0.0,0.0,0.0,0.0,0.0,0.0,0.0,0.0,-2,-2
579,1,-1,2.1453962326049805,2.3930864334106445,2.0782179832458496,0,0,1,0,0,0,0,0,0,90,20.0,50,89.57142857142851,0,0,0,0,0,0,0,0,0,0.06625,2.5025,0.0,0.0,0.0,0.0,0.0,0.0,0.0,0.0,0.0,0.0,0.0,0.0,0.0,0.0,-2,-2
578,1,-1,1.2300201654434204,3.3804471492767334,2.470010757446289,0,0,1,0,0,0,0,0,0,89,20.0,50,90.57142857142851,0,0,0,0,0,0,0,0,0,0.1325,2.145,0.0,1.0,0.0,0.0,0.0,0.0,0.0,0.0,0.0,0.0,0.0,0.0,0.0,0.0,-2,-2
577,1,4,-0.07609593868255615,4.418342113494873,2.469825267791748,0,0,1,0,0,0,0,0,0,89,20.0,50,91.57142857142851,0,0,0,0,0,0,0,0,0,0.265,1.43,0.0,0.0,1.0,0.0,0.0,0.0,0.0,0.0,0.0,0.0,0.0,0.0,0.0,0.0,-2,-2
576,1,-1,0.15501409769058228,4.231056213378906,2.4677088260650635,0,0,1,0,0,0,0,0,0,88,20.0,50,91.85714285714279,0,0,0,0,0,0,0,0,0,0.53,0.0,0.0,0.0,0.0,0.0,0.0,0.0,0.0,0.0,0.0,0.0,0.0,0.0,0.0,0.0,-2,-2
575,1,-1,-1.6131281852722168,4.838895320892334,3.0254633426666264,0,0,1,0,0,0,0,0,0,88,20.0,50,91.85714285714279,0,0,0,0,0,0,0,0,0,0,0,0.0,0.0,0.0,0.0,0.0,0.0,0.0,0.0,0.0,0.0,0.0,0.0,0.0,0.0,-2,-2
574,1,-1,-1.8026336431503296,4.857612133026123,2.589526414871216,0,0,1,0,0,0,0,0,0,87,20.0,50,91.85714285714279,0,0,0,0,0,0,0,0,0,0,0,0.0,0.0,0.0,0.0,0.0,0.0,0.0,0.0,0.0,0.0,0.0,0.0,0.0,1.0,-2,-2
573,1,-1,-2.7805609703063965,5.592491149902344,2.4773497581481934,0,0,1,0,0,1,0,0,0,87,20.0,50,91.85714285714279,0,0,0,0,0,0,0,0,0,0,0,0.0,0.0,0.0,0.0,0.0,0.0,0.0,0.0,0.0,0.0,0.0,0.0,0.0,0.0,-2,-2
572,1,-1,-4.0942349433898935,6.62076473236084,2.477571964263916,0,0,1,0,0,1,0,0,0,86,20.0,50,91.85714285714279,0,0,0,0,0,0,0,0,0,0,0,0.0,0.0,0.0,0.0,0.0,0.0,0.0,0.0,0.0,0.0,0.0,0.0,0.0,0.0,-2,-2
571,1,-1,-5.407500743865967,7.65043830871582,2.476372241973877,0,0,1,0,0,1,0,0,0,86,20.0,50,91.85714285714279,0,0,0,0,0,0,0,0,0,0.0,2.86,0.0,0.0,0.0,0.0,0.0,0.0,0.0,0.0,0.0,0.0,0.0,0.0,0.0,0.0,-2,-2
