remaining_time,robot_mode,alarm,robot_x,robot_y,robot_theta,tree 1,tree 2,tree 3,tree 4,tree 5,tree 6,tree 7,tree 8,tree 9,battery_level,temperature,water_robot_tank,water_ground_tank,leak 1,leak 2,leak 3,leak 4,leak 5,leak 6,leak 7,leak 8,leak 9,direction,avancement,left,right,push,wrench,leak 1,leak 2,leak 3,leak 4,leak 5,leak 6,leak 7,leak 8,leak 9,rm_alarm,errors,shortcuts
570,1,-1,-6.71871280670166,8.68166446685791,2.4690825939178467,0,0,1,0,0,1,0,0,0,85,20.0,50,91.85714285714279,0,0,0,0,0,0,0,0,0,0.1325,0.715,0.0,0.0,0.0,0.0,0.0,0.0,0.0,0.0,0.0,0.0,0.0,0.0,0.0,0.0,-2,-2
569,1,-1,-8.02135181427002,9.723459243774414,2.4670398235321045,0,0,1,0,0,1,0,0,0,85,20.0,50,91.85714285714279,0,0,0,0,0,0,0,0,0,0.0,0.9533333333333333,0.0,0.0,0.0,0.0,0.0,0.0,0.0,0.0,0.0,0.0,0.0,0.0,0.0,0.0,-2,-2
568,1,-1,-9.322196006774902,10.768656730651855,2.4615910053253174,0,0,1,0,0,1,0,0,0,84,20.0,50,91.85714285714279,0,0,0,0,0,0,0,0,0,0,0,0.0,0.0,0.0,0.0,0.0,0.0,0.0,0.0,0.0,0.0,0.0,0.0,0.0,0.0,-2,-2
567,1,-1,-10.616985321044922,11.821538925170898,2.4557583332061768,0,0,1,0,0,1,0,1,0,84,20.0,50,91.85714285714279,0,0,0,0,0,0,0,0,0,0,0,0.0,0.0,0.0,0.0,0.0,0.0,0.0,0.0,0.0,0.0,0.0,0.0,0.0,0.0,-2,-2
566,1,-1,-11.80430507659912,12.81527042388916,2.4404749870300293,0,0,1,0,0,1,0,1,0,83,20.0,50,91.85714285714279,0,0,0,0,0,0,0,0,0,0,0,0.0,0.0,0.0,0.0,0.0,0.0,0.0,0.0,0.0,0.0,0.0,0.0,0.0,0.0,-2,-2
565,1,-1,-12.68509292602539,13.561039924621582,2.436046600341797,0,0,1,0,0,1,0,1,0,83,20.0,50,91.85714285714279,0,0,0,0,0,0,0,0,0,0,0,0.0,0.0,0.0,0.0,0.0,0.0,0.0,0.0,0.0,0.0,0.0,0.0,0.0,0.0,-2,-2
564,1,-1,-13.322164535522461,14.114249229431152,2.4190380573272705,0,0,0,0,0,1,0,1,0,82,20.0,40,91.85714285714279,0,0,0,0,0,0,0,0,0,0,0,0.0,0.0,0.0,0.0,0.0,0.0,0.0,0.0,0.0,0.0,0.0,0.0,0.0,0.0,-2,-2
563,1,-1,-13.786895751953125,14.524001121520994,2.4198906421661377,0,0,0,0,0,1,0,1,0,82,20.0,40,91.85714285714279,0,0,0,0,0,0,0,0,0,0,0,0.0,0.0,0.0,0.0,0.0,0.0,0.0,0.0,0.0,0.0,0.0,0.0,0.0,0.0,-2,-2
562,1,-1,-12.240501403808596,13.168644905090332,2.4227066040039062,0,0,0,0,0,1,0,1,0,81,20.0,40,91.85714285714279,0,0,0,0,0,0,0,0,0,0,0,0.0,0.0,0.0,0.0,0.0,0.0,0.0,0.0,0.0,0.0,0.0,0.0,0.0,0.0,-2,-2
561,1,-1,-12.240501403808596,13.168644905090332,2.4227066040039062,0,0,0,0,0,1,0,1,0,81,20.0,40,91.85714285714279,0,0,0,0,0,0,0,0,0,-0.53,0.0,0.0,0.0,0.0,0.0,0.0,0.0,0.0,0.0,0.0,0.0,0.0,0.0,0.0,0.0,-2,-2
