remaining_time,robot_mode,alarm,robot_x,robot_y,robot_theta,tree 1,tree 2,tree 3,tree 4,tree 5,tree 6,tree 7,tree 8,tree 9,battery_level,temperature,water_robot_tank,water_ground_tank,leak 1,leak 2,leak 3,leak 4,leak 5,leak 6,leak 7,leak 8,leak 9,direction,avancement,left,right,push,wrench,leak 1,leak 2,leak 3,leak 4,leak 5,leak 6,leak 7,leak 8,leak 9,rm_alarm,errors,shortcuts
310,1,-1,0.05031093209981918,-9.70574188232422,-1.7746750116348269,1,1,1,1,1,1,1,1,1,59,20.0,40,0.8253968253955303,0,0,1,0,1,1,1,0,1,0,0,0.0,0.0,0.0,0.0,0.0,0.0,0.0,0.0,0.0,0.0,0.0,0.0,0.0,0.0,-2,-2
309,1,-1,0.05031093209981918,-9.70574188232422,-1.7746750116348269,1,1,1,1,1,1,1,1,1,59,20.0,40,0.8253968253955303,0,0,1,0,1,1,1,0,1,0,0,0.0,0.0,0.0,0.0,0.0,0.0,0.0,0.0,0.0,0.0,0.0,0.0,0.0,0.0,-2,-2
308,1,-1,0.0503113754093647,-9.70574188232422,-1.7746750116348269,1,1,1,1,1,1,1,1,1,58,20.0,40,0.8253968253955303,0,0,1,0,1,1,1,0,1,0,0,0.0,0.0,0.0,0.0,0.0,0.0,0.0,0.0,0.0,0.0,0.0,0.0,0.0,0.0,-2,-2
307,1,-1,0.0503113754093647,-9.70574188232422,-1.7746750116348269,1,1,1,1,1,1,1,1,1,58,20.0,40,0.8253968253955303,0,0,1,0,1,1,1,0,1,0,0,0.0,0.0,0.0,0.0,0.0,0.0,0.0,0.0,0.0,0.0,0.0,0.0,0.0,0.0,-2,-2
306,1,-1,0.050311822444200516,-9.70574188232422,-1.7746750116348269,1,1,1,1,1,1,1,1,1,57,20.0,40,0.8253968253955303,0,0,1,0,1,1,1,0,1,0,0,0.0,0.0,0.0,0.0,0.0,0.0,0.0,0.0,0.0,0.0,0.0,0.0,0.0,0.0,-2,-2
305,1,-1,0.050311822444200516,-9.70574188232422,-1.7746750116348269,1,1,1,1,1,1,1,1,1,57,20.0,40,0.8253968253955303,0,0,1,0,1,1,1,0,1,0,0,0.0,0.0,0.0,0.0,0.0,0.0,0.0,0.0,0.0,0.0,0.0,0.0,0.0,0.0,-2,-2
304,1,-1,0.05031226947903633,-9.70574188232422,-1.7746750116348269,1,1,1,1,1,1,1,1,1,56,20.0,40,0.8253968253955303,0,0,1,0,1,1,1,0,1,0,0,0.0,0.0,0.0,0.0,0.0,0.0,0.0,0.0,0.0,0.0,0.0,0.0,0.0,0.0,-2,-2
303,1,-1,0.05031226947903633,-9.70574188232422,-1.7746750116348269,1,1,1,1,1,1,1,1,1,56,20.0,40,0.8253968253955303,0,0,1,0,1,1,1,0,1,0,0,0.0,0.0,0.0,0.0,0.0,0.0,0.0,0.0,0.0,0.0,0.0,0.0,0.0,0.0,-2,-2
302,1,-1,0.05031271651387215,-9.70574188232422,-1.7746750116348269,1,1,1,1,1,1,1,1,1,55,20.0,40,0.8253968253955303,0,0,1,0,1,1,1,0,1,0,0,0.0,0.0,0.0,0.0,0.0,0.0,0.0,0.0,0.0,0.0,0.0,0.0,0.0,0.0,-2,-2
301,1,-1,0.05031271651387215,-9.70574188232422,-1.7746750116348269,1,1,1,1,1,1,1,1,1,55,20.0,40,0.8253968253955303,0,0,1,0,1,1,1,0,1,0,0,0.0,0.0,0.0,0.0,0.0,0.0,0.0,0.0,0.0,0.0,0.0,0.0,0.0,0.0,-2,-2
