remaining_time,robot_mode,alarm,robot_x,robot_y,robot_theta,tree 1,tree 2,tree 3,tree 4,tree 5,tree 6,tree 7,tree 8,tree 9,battery_level,temperature,water_robot_tank,water_ground_tank,leak 1,leak 2,leak 3,leak 4,leak 5,leak 6,leak 7,leak 8,leak 9,direction,avancement,left,right,push,wrench,leak 1,leak 2,leak 3,leak 4,leak 5,leak 6,leak 7,leak 8,leak 9,rm_alarm,errors,shortcuts
590,1,-1,-0.3834240138530731,-3.487931728363037,-1.5457851886749268,0,0,0,0,0,0,0,0,0,95,20.0,50,47.222222222222136,0,0,1,0,0,1,0,0,0,0.0,2.86,0.0,0.0,0.0,0.0,0.0,0.0,0.0,0.0,0.0,0.0,0.0,0.0,0.0,0.0, -1, -1
589,1,-1,-0.3834240138530731,-3.487931728363037,-1.5457851886749268,0,0,0,0,0,0,0,0,0,95,20.0,50,46.11111111111104,0,0,1,0,0,1,0,0,0,0.0,2.86,0.0,0.0,0.0,0.0,0.0,0.0,0.0,0.0,0.0,0.0,0.0,0.0,0.0,0.0, -1, -1
588,1,-1,-0.35602426528930664,-4.539083003997803,-1.0628389120101929,0,0,0,0,0,0,0,0,0,94,20.0,50,44.999999999999936,0,0,1,0,0,1,0,0,0,0,0,0.0,0.0,0.0,0.0,0.0,0.0,0.0,0.0,0.0,0.0,0.0,0.0,0.0,0.0, -1, -1
587,1,-1,-0.3548797070980072,-4.539770126342773,-0.4700671136379242,0,0,0,0,0,0,0,0,0,94,20.0,50,43.999999999999936,0,0,0,0,0,1,0,0,0,0,0,0.0,0.0,0.0,1.0,0.0,0.0,1.0,0.0,0.0,0.0,0.0,0.0,0.0,0.0, -1,1
586,1,-1,-0.353581041097641,-4.53981876373291,0.11092285811901093,0,0,0,0,0,0,0,0,0,93,20.0,50,43.44444444444436,0,0,0,0,0,1,0,0,0,0,0,0.0,0.0,0.0,1.0,0.0,0.0,0.0,0.0,0.0,1.0,0.0,0.0,0.0,0.0, -1,10
585,1,-1,-0.35209783911705017,-4.539124488830566,0.6866389513015747,0,0,0,0,0,0,0,0,0,93,20.0,50,43.222222222222136,0,0,0,0,0,0,0,1,0,0,0,0.0,0.0,0.0,1.0,0.0,0.0,0.0,0.0,0.0,1.0,0.0,0.0,0.0,0.0, -1,1
584,1,-1,0.22023597359657288,-3.8576927185058594,0.8801311254501343,0,0,0,0,0,0,0,0,0,92,20.0,50,42.66666666666656,0,0,0,0,0,0,0,1,0,0,0,0.0,0.0,0.0,0.0,0.0,0.0,0.0,0.0,0.0,0.0,0.0,0.0,0.0,0.0, -1, -1
583,1,-1,1.2840832471847534,-2.572796106338501,0.8784485459327698,0,0,0,0,0,0,0,0,0,92,20.0,50,42.111111111110986,0,0,0,0,0,0,0,0,0,0,0,0.0,0.0,0.0,1.0,0.0,0.0,0.0,0.0,0.0,0.0,0.0,1.0,0.0,0.0, -1,2
582,1,-1,2.3471903800964355,-1.288375973701477,0.8820191025733948,0,0,0,0,0,0,0,0,0,91,20.0,50,42.111111111110986,0,0,0,0,0,0,0,0,0,0,0,0.0,0.0,0.0,1.0,0.0,0.0,0.0,0.0,0.0,0.0,0.0,0.0,0.0,0.0, -1,2
581,1,-1,3.4056434631347656,0.0007782354950904846,0.8853867053985596,0,0,0,0,0,0,0,0,0,91,20.0,50,42.111111111110986,0,0,0,0,0,0,0,0,0,0,0,1.0,0.0,0.0,0.0,0.0,0.0,0.0,0.0,0.0,0.0,0.0,0.0,0.0,0.0, -1,1
