remaining_time,robot_mode,alarm,robot_x,robot_y,robot_theta,tree 1,tree 2,tree 3,tree 4,tree 5,tree 6,tree 7,tree 8,tree 9,battery_level,temperature,water_robot_tank,water_ground_tank,leak 1,leak 2,leak 3,leak 4,leak 5,leak 6,leak 7,leak 8,leak 9,direction,avancement,left,right,push,wrench,leak 1,leak 2,leak 3,leak 4,leak 5,leak 6,leak 7,leak 8,leak 9,rm_alarm,errors,shortcuts
560,1,-1,4.964081764221191,-1.8574674129486084,2.389870405197144,1,1,1,0,0,0,0,0,0,80,20.0,40,5.555555555555415,0,0,1,0,0,1,1,0,0,0,0,0.0,0.0,0.0,0.0,0.0,0.0,0.0,0.0,0.0,0.0,0.0,0.0,0.0,0.0, -1,-1
559,1,-1,3.746218919754028,-0.7167872786521912,2.389606714248657,1,1,1,0,0,0,0,0,0,80,20.0,40,3.888888888888749,0,0,1,0,0,1,1,0,0,0,0,0.0,0.0,0.0,0.0,0.0,0.0,0.0,0.0,0.0,0.0,0.0,0.0,0.0,0.0, -1,-1
558,1,6,2.525967597961426,0.4211724698543549,2.3911008834838867,1,1,1,0,0,0,0,0,0,79,20.0,40,2.222222222222082,0,0,1,0,0,1,1,0,0,0,0,0.0,0.0,0.0,0.0,0.0,0.0,0.0,0.0,0.0,0.0,0.0,0.0,0.0,0.0, -1,-1
557,1,-1,1.298433542251587,1.5507980585098269,2.399766206741333,1,1,1,0,0,0,0,0,0,79,20.0,40,0.8888888888887491,0,0,1,0,0,1,1,0,0,0,0,0.0,0.0,0.0,0.0,0.0,0.0,0.0,0.0,0.0,0.0,0.0,0.0,0.0,0.0, -1,-1
556,1,-1,0.06959008425474167,2.679532051086426,2.396901845932007,1,1,1,0,0,0,0,0,0,78,20.0,40,0.8888888888887491,0,0,1,0,0,1,1,0,0,0,0,0.0,0.0,0.0,0.0,0.0,0.0,0.0,0.0,0.0,0.0,0.0,0.0,0.0,0.0, -1,-1
555,1,-1,-1.1598602533340454,3.807478427886963,2.400856733322144,1,1,1,0,0,1,0,0,0,78,20.0,40,0.8888888888887491,0,0,1,0,0,1,1,0,0,0,0,0.0,0.0,0.0,0.0,0.0,0.0,0.0,0.0,0.0,0.0,0.0,0.0,0.0,0.0, -1,-1
554,1,-1,-2.392131805419922,4.932481288909912,2.409592390060425,1,1,1,0,0,1,0,0,0,77,20.0,40,0.8888888888887491,0,0,1,0,0,1,1,0,0,0,0,0.0,0.0,0.0,0.0,0.0,0.0,0.0,0.0,0.0,0.0,0.0,0.0,0.0,0.0, -1,-1
553,1,-1,-3.6350421905517583,6.045875549316406,2.410365581512451,1,1,1,0,0,1,0,0,0,77,20.0,40,0.8888888888887491,0,0,1,0,0,1,1,0,0,0,0,0.0,0.0,0.0,0.0,0.0,0.0,0.0,0.0,0.0,0.0,0.0,0.0,0.0,0.0, -1,-1
552,1,-1,-4.878007411956787,7.1591835021972665,2.409799337387085,1,1,1,0,0,1,0,0,0,76,20.0,40,0.8888888888887491,0,0,1,0,0,1,1,0,0,0,0,0.0,0.0,0.0,0.0,0.0,0.0,0.0,0.0,0.0,0.0,0.0,0.0,0.0,0.0, -1,-1
551,1,-1,-6.122079372406006,8.270760536193848,2.414665699005127,1,1,1,0,0,1,0,0,0,76,20.0,40,0.8888888888887491,0,0,1,0,0,1,1,0,0,0,0,0.0,0.0,0.0,0.0,0.0,0.0,0.0,0.0,0.0,0.0,0.0,0.0,0.0,0.0, -1,-1
