remaining_time,robot_mode,alarm,robot_x,robot_y,robot_theta,tree 1,tree 2,tree 3,tree 4,tree 5,tree 6,tree 7,tree 8,tree 9,battery_level,temperature,water_robot_tank,water_ground_tank,leak 1,leak 2,leak 3,leak 4,leak 5,leak 6,leak 7,leak 8,leak 9,direction,avancement,left,right,push,wrench,leak 1,leak 2,leak 3,leak 4,leak 5,leak 6,leak 7,leak 8,leak 9,rm_alarm,errors,shortcuts
90,1,-1,-3.731467485427856,4.943597316741943,1.4393240213394165,0,1,1,0,1,1,1,1,0,71,20.0,60,18.944444444444372,1,1,1,0,0,0,0,1,0,0.0,2.2244444444444444,0.0,0.0,0.0,0.0,0.0,0.0,0.0,0.0,0.0,0.0,0.0,0.0,0.0,0.0, -1, -1
89,1,-1,-3.8669819831848153,6.371060371398926,1.2388873100280762,0,1,1,0,1,1,1,1,0,71,20.0,60,16.72222222222216,1,1,1,0,0,0,0,1,0,-0.1325,2.145,0.0,0.0,0.0,0.0,0.0,0.0,0.0,0.0,0.0,0.0,0.0,0.0,0.0,0.0, -1, -1
88,1,-1,-3.614938497543335,6.78505802154541,0.993897259235382,0,1,1,0,1,1,1,1,0,70,20.0,60,14.49999999999994,1,1,1,0,0,0,0,1,0,0.0,2.86,0.0,0.0,0.0,0.0,0.0,0.0,0.0,0.0,0.0,0.0,0.0,0.0,0.0,0.0, -1, -1
87,1,-1,-3.044872045516968,7.64219331741333,0.9724963903427124,0,1,1,1,0,1,1,1,0,70,20.0,50,12.277777777777715,1,1,1,0,0,0,0,1,0,0,0,0.0,0.0,0.0,1.0,1.0,0.0,0.0,0.0,0.0,0.0,0.0,0.0,0.0,0.0, -1,1
86,1,-1,-2.6194872856140137,8.266866683959961,0.9740211963653564,0,1,1,1,0,1,1,1,0,69,29.836879088734925,50,10.277777777777716,0,1,1,0,0,0,0,1,0,0,0,1.0,0.0,0.0,1.0,1.0,0.0,0.0,0.0,0.0,0.0,0.0,0.0,0.0,0.0, -1,4
85,1,-1,-3.848238229751587,6.48067045211792,0.969431459903717,0,1,1,1,0,1,1,1,0,69,41.34658739086821,50,8.388888888888824,0,1,1,0,0,0,1,1,0,0,0,1.0,0.0,0.0,0.0,0.0,0.0,0.0,0.0,0.0,0.0,0.0,0.0,0.0,0.0, -1,1
84,1,-1,-3.848238229751587,6.48067045211792,0.969431459903717,0,1,1,1,0,1,1,1,0,68,41.34658739086821,50,6.1666666666665995,0,1,1,0,0,0,1,1,0,0,0,1.0,0.0,0.0,1.0,0.0,0.0,0.0,0.0,0.0,0.0,0.0,0.0,0.0,0.0, -1,2
83,1,-1,-3.9368562698364262,6.352119445800781,0.5532676577568054,0,1,1,0,0,1,1,1,0,68,38.013254057534866,40,4.833333333333266,0,0,0,0,0,0,1,1,0,0,0,0.0,0.0,0.0,1.0,0.0,1.0,1.0,0.0,0.0,0.0,0.0,0.0,0.0,0.0, -1,2
82,1,-1,-3.80247974395752,6.401668071746826,0.3123895227909088,0,1,1,0,0,1,1,1,0,67,34.67992072420154,40,4.277777777777714,0,0,0,0,0,0,1,0,0,0,0,0.0,0.0,0.0,1.0,0.0,0.0,0.0,0.0,0.0,0.0,1.0,1.0,0.0,0.0, -1,2
81,1,-1,-5.8862152099609375,5.742500305175781,0.3056769073009491,0,1,1,0,0,1,1,1,0,67,31.34658739086821,40,4.055555555555491,0,0,0,0,0,0,0,0,0,0,0,0.0,0.0,0.0,1.0,0.0,0.0,0.0,0.0,0.0,0.0,1.0,0.0,0.0,0.0, -1,1
