remaining_time,robot_mode,alarm,robot_x,robot_y,robot_theta,tree 1,tree 2,tree 3,tree 4,tree 5,tree 6,tree 7,tree 8,tree 9,battery_level,temperature,water_robot_tank,water_ground_tank,leak 1,leak 2,leak 3,leak 4,leak 5,leak 6,leak 7,leak 8,leak 9,direction,avancement,left,right,push,wrench,leak 1,leak 2,leak 3,leak 4,leak 5,leak 6,leak 7,leak 8,leak 9,rm_alarm,errors,shortcuts
390,1,-1,-3.7111492156982417,9.843022346496582,2.691911220550537,0,0,1,0,0,1,1,1,1,90,20.0,70,0.8968253968254123,0,1,0,1,1,1,1,1,0,0,0,0.0,0.0,0.0,0.0,0.0,0.0,0.0,0.0,0.0,0.0,0.0,0.0,0.0,0.0,-2,-2
389,1,-1,-5.213736057281494,10.568472862243652,2.6873550415039062,0,0,1,0,0,1,1,1,1,90,20.0,70,0.8968253968254123,0,1,0,1,1,1,1,1,0,0,0,0.0,0.0,0.0,0.0,0.0,0.0,0.0,0.0,0.0,0.0,0.0,0.0,0.0,0.0,-2,-2
388,1,-1,-6.713734149932861,11.299192428588867,2.68316912651062,0,0,1,0,0,1,1,1,1,89,20.0,70,0.8968253968254123,0,1,0,1,1,1,1,1,0,0,0,0.0,0.0,0.0,0.0,0.0,0.0,0.0,0.0,0.0,0.0,0.0,0.0,0.0,0.0,-2,-2
387,1,-1,-8.232096672058105,12.055357933044435,2.679593324661255,0,0,1,0,0,1,1,1,1,89,20.0,70,0.8968253968254123,0,1,0,1,1,1,1,1,0,0,0,0.0,0.0,0.0,0.0,0.0,0.0,0.0,0.0,0.0,0.0,0.0,0.0,0.0,0.0,-2,-2
386,1,-1,-9.69670867919922,12.795554161071776,2.6669325828552246,0,0,1,0,0,1,1,1,1,88,20.0,70,0.8968253968254123,0,1,0,1,1,1,1,1,0,0,0,0.0,0.0,0.0,0.0,0.0,0.0,0.0,0.0,0.0,0.0,0.0,0.0,0.0,0.0,-2,-2
385,1,-1,-11.127508163452148,13.533496856689453,2.661318778991699,0,0,1,0,0,1,1,1,1,88,20.0,70,0.8968253968254123,1,1,0,1,1,1,1,1,0,0,0,0.0,0.0,0.0,0.0,0.0,0.0,0.0,0.0,0.0,0.0,0.0,0.0,0.0,0.0,-2,-2
384,1,-1,-12.18403434753418,14.08870792388916,2.6573195457458496,0,0,1,0,0,1,1,1,1,87,20.0,70,0.8968253968254123,1,1,0,1,1,1,1,1,0,0,0,0.0,0.0,0.0,0.0,0.0,0.0,0.0,0.0,0.0,0.0,0.0,0.0,0.0,0.0,-2,-2
383,1,-1,-12.952689170837402,14.505208015441895,2.6398725509643555,0,0,0,0,0,1,1,1,1,87,20.0,60,0.8968253968254123,1,1,0,1,1,1,1,1,0,0,0,0.0,0.0,0.0,0.0,0.0,0.0,0.0,0.0,0.0,0.0,0.0,0.0,0.0,0.0,-2,-2
382,1,-1,-13.51321029663086,14.81424045562744,2.636265754699707,0,0,0,0,0,1,1,1,1,86,20.0,60,0.8968253968254123,1,1,0,1,1,1,1,1,0,0,0,0.0,0.0,0.0,0.0,0.0,0.0,0.0,0.0,0.0,0.0,0.0,0.0,0.0,0.0,-2,-2
381,1,-1,-13.51321029663086,14.81424045562744,2.636265754699707,0,0,0,0,0,1,1,1,1,86,20.0,60,0.8968253968254123,1,1,0,1,1,1,1,1,0,0,0,0.0,0.0,0.0,0.0,0.0,0.0,0.0,0.0,0.0,0.0,0.0,0.0,0.0,0.0,-2,-2
