remaining_time,robot_mode,alarm,robot_x,robot_y,robot_theta,tree 1,tree 2,tree 3,tree 4,tree 5,tree 6,tree 7,tree 8,tree 9,battery_level,temperature,water_robot_tank,water_ground_tank,leak 1,leak 2,leak 3,leak 4,leak 5,leak 6,leak 7,leak 8,leak 9,direction,avancement,left,right,push,wrench,leak 1,leak 2,leak 3,leak 4,leak 5,leak 6,leak 7,leak 8,leak 9,rm_alarm,errors,shortcuts
460,1,-1,0.2876158654689789,-10.02318286895752,-1.7275853157043457,1,0,0,0,0,1,1,0,1,30,20.0,70,5.515873015873005,0,0,0,0,0,0,0,0,0,0,0,0.0,0.0,1.0,0.0,0.0,0.0,0.0,0.0,0.0,0.0,0.0,0.0,0.0,0.0,-2,-2
459,1,-1,0.28494173288345337,-10.023208618164062,-1.1860240697860718,1,0,0,0,0,1,1,0,1,30,20.0,70,7.801587301587291,0,0,0,0,0,0,0,0,0,0,0,0.0,0.0,1.0,0.0,0.0,0.0,0.0,0.0,0.0,0.0,0.0,0.0,0.0,0.0,-2,-2
458,1,-1,0.2820965051651001,-10.01949405670166,-0.6388643383979797,1,0,0,0,0,1,1,0,1,29,20.0,70,9.658730158730148,0,0,0,0,0,0,0,0,0,0,0,1.0,1.0,0.0,0.0,0.0,0.0,0.0,0.0,0.0,0.0,0.0,0.0,0.0,0.0,-2,-2
457,1,-1,0.28014591336250305,-10.026381492614746,-0.24774204194545746,1,0,0,0,0,1,1,0,1,29,20.0,80,3.658730158730148,0,0,0,0,0,0,0,0,0,0,0,0.0,0.0,1.0,0.0,0.0,0.0,0.0,0.0,0.0,0.0,0.0,0.0,0.0,0.0,-2,-2
456,1,-1,1.889179825782776,-10.341906547546387,-0.17457564175128934,1,0,0,0,0,1,1,0,1,28,20.0,80,6.944444444444432,0,0,0,0,0,0,0,0,0,0,0,0.0,0.0,1.0,0.0,0.0,0.0,0.0,0.0,0.0,0.0,0.0,0.0,0.0,0.0,-2,-2
455,1,-1,3.532618284225464,-10.632498741149902,-0.175128772854805,1,0,0,0,0,1,1,0,1,28,20.0,80,9.460317460317448,0,0,1,0,0,0,0,0,0,0,0,0.0,0.0,1.0,0.0,0.0,0.0,0.0,0.0,0.0,0.0,0.0,0.0,0.0,0.0,-2,-2
454,1,-1,5.175721645355225,-10.92711353302002,-0.17373809218406674,1,0,0,0,0,1,1,0,1,27,20.0,80,11.325396825396814,0,0,1,0,0,0,0,0,0,0,0,0.0,0.0,0.0,0.0,0.0,0.0,0.0,0.0,0.0,0.0,0.0,0.0,0.0,0.0,-2,-2
453,1,-1,6.8191466331481925,-11.216019630432127,-0.17550356686115265,1,0,0,0,0,1,1,0,1,27,20.0,80,12.476190476190464,0,0,1,0,0,0,0,0,0,0,0,0.0,0.0,0.0,1.0,0.0,0.0,0.0,0.0,0.0,0.0,0.0,0.0,0.0,0.0,-2,-2
452,1,0,8.465188026428223,-11.489948272705078,-0.16143132746219635,1,0,0,0,0,1,1,0,1,26,20.0,80,13.563492063492054,0,0,0,0,0,0,0,0,0,0,0,1.0,1.0,0.0,0.0,0.0,0.0,1.0,0.0,0.0,0.0,0.0,0.0,0.0,0.0,-2,-2
451,1,-1,10.030137062072754,-11.742291450500488,-0.15594607591629028,1,0,0,0,0,1,1,0,1,26,20.0,80,14.42063492063491,0,0,0,0,0,0,0,0,0,0,0,0.0,0.0,0.0,0.0,0.0,0.0,0.0,0.0,0.0,0.0,0.0,0.0,0.0,0.0,-2,-2
