remaining_time,robot_mode,alarm,robot_x,robot_y,robot_theta,tree 1,tree 2,tree 3,tree 4,tree 5,tree 6,tree 7,tree 8,tree 9,battery_level,temperature,water_robot_tank,water_ground_tank,leak 1,leak 2,leak 3,leak 4,leak 5,leak 6,leak 7,leak 8,leak 9,direction,avancement,left,right,push,wrench,leak 1,leak 2,leak 3,leak 4,leak 5,leak 6,leak 7,leak 8,leak 9,rm_alarm,errors,shortcuts
530,1,-1,-4.0042099952697745,-9.693887710571287,0.20727260410785675,1,0,0,1,0,0,1,0,1,65,20.0,30,0.8888888888888242,1,0,0,0,1,1,0,1,0,0,0,0.0,0.0,0.0,0.0,0.0,0.0,0.0,0.0,0.0,0.0,0.0,0.0,0.0,0.0,-2,-2
529,1,-1,-4.0042099952697745,-9.693887710571287,0.20727260410785675,1,0,0,1,0,0,1,0,1,65,20.0,30,0.8888888888888242,1,0,0,0,1,1,0,1,0,0.0,2.86,0.0,0.0,0.0,0.0,0.0,0.0,0.0,0.0,0.0,0.0,0.0,0.0,0.0,0.0,-2,-2
528,1,-1,-4.006969928741455,-9.692378997802734,-0.4060137271881104,1,0,1,1,0,0,1,0,1,64,20.0,30,0.8888888888888242,1,0,0,0,1,1,0,1,0,0,0,0.0,0.0,0.0,0.0,0.0,0.0,0.0,0.0,0.0,0.0,0.0,0.0,0.0,0.0,-2,-2
527,1,-1,-4.0085201263427725,-9.689576148986816,-0.9653601646423341,1,0,1,1,0,0,1,0,1,64,20.0,30,0.8888888888888242,1,0,0,0,1,1,0,1,0,0,0,0.0,0.0,0.0,0.0,0.0,0.0,0.0,0.0,0.0,0.0,0.0,0.0,0.0,0.0,-2,-2
526,1,-1,-4.0091304779052725,-9.688448905944824,-1.4991437196731567,1,0,1,1,0,0,1,0,1,63,20.0,30,0.8888888888888242,1,0,0,0,1,1,0,1,0,0,0,0.0,0.0,0.0,0.0,0.0,0.0,0.0,0.0,0.0,0.0,0.0,0.0,0.0,0.0,-2,-2
525,1,-1,-4.0104589462280265,-9.68600368499756,-2.0819432735443115,1,0,1,1,0,0,1,0,1,63,20.0,30,0.8888888888888242,1,0,0,0,1,1,0,1,1,0,0,0.0,0.0,0.0,0.0,0.0,0.0,0.0,0.0,0.0,0.0,0.0,0.0,0.0,0.0,-2,-2
524,1,-1,-4.010432243347168,-9.68531894683838,-2.549884080886841,1,0,1,1,0,0,1,0,1,62,20.0,30,0.8888888888888242,1,0,0,0,1,1,0,1,1,0,0,0.0,0.0,0.0,0.0,0.0,0.0,0.0,0.0,0.0,0.0,0.0,0.0,0.0,0.0,-2,-2
523,1,-1,-5.220890522003174,-10.3695650100708,-2.640278577804565,1,0,1,1,0,0,1,0,1,62,20.0,30,0.8888888888888242,1,0,0,0,1,1,0,1,1,0,0,0.0,0.0,0.0,0.0,0.0,0.0,0.0,0.0,0.0,0.0,0.0,0.0,0.0,0.0,-2,-2
522,1,-1,-6.6850104331970215,-11.170443534851074,-2.6408703327178955,1,0,1,1,0,0,1,0,1,61,20.0,30,0.8888888888888242,1,0,0,0,1,1,0,1,1,0,0,0.0,0.0,0.0,0.0,0.0,0.0,0.0,0.0,0.0,0.0,0.0,0.0,0.0,0.0,-2,-2
521,1,-1,-8.150162696838379,-11.96920680999756,-2.645099401473999,1,0,1,1,0,0,1,0,1,61,20.0,30,0.8888888888888242,1,0,0,0,1,1,0,1,1,0,0,0.0,0.0,0.0,0.0,0.0,0.0,0.0,0.0,0.0,0.0,0.0,0.0,0.0,0.0,-2,-2
