remaining_time,robot_mode,alarm,robot_x,robot_y,robot_theta,tree 1,tree 2,tree 3,tree 4,tree 5,tree 6,tree 7,tree 8,tree 9,battery_level,temperature,water_robot_tank,water_ground_tank,leak 1,leak 2,leak 3,leak 4,leak 5,leak 6,leak 7,leak 8,leak 9,direction,avancement,left,right,push,wrench,leak 1,leak 2,leak 3,leak 4,leak 5,leak 6,leak 7,leak 8,leak 9,rm_alarm,errors,shortcuts
410,1,-1,15.283886909484865,16.312385559082028,0.5348025560379028,0,0,0,0,0,0,1,0,0,10,20.0,0,80.55555555555536,1,0,0,0,0,0,1,1,0,-0.15142857142857144,2.0428571428571427,0.0,0.0,0.0,0.0,0.0,0.0,0.0,0.0,0.0,0.0,0.0,0.0,0.0,0.0, -1, -1
409,1,-1,16.680049896240234,17.142013549804688,0.3934011459350586,0,0,0,0,0,0,1,0,0,20,20.0,0,78.88888888888872,1,0,0,0,0,0,1,1,0,-0.53,0.0,0.0,0.0,0.0,0.0,0.0,0.0,0.0,0.0,0.0,0.0,0.0,0.0,0.0,0.0, -1, -1
408,1,-1,16.680049896240234,17.142013549804688,0.39344656467437744,0,0,0,0,0,0,1,0,0,29,20.0,0,77.22222222222206,1,0,0,0,0,0,1,1,0,0,0,0.0,0.0,0.0,0.0,0.0,0.0,0.0,0.0,0.0,0.0,0.0,0.0,0.0,0.0, -1, -1
407,1,-1,16.680049896240234,17.142013549804688,0.3934919238090515,0,0,0,0,0,0,1,0,0,39,20.0,0,75.77777777777763,0,0,0,0,0,0,1,1,0,0,0,0.0,0.0,0.0,1.0,1.0,0.0,0.0,0.0,0.0,0.0,0.0,0.0,0.0,0.0, -1,2
406,1,-1,16.680049896240234,17.142013549804688,0.3934919238090515,0,0,0,0,0,0,1,0,0,48,20.0,0,75.11111111111093,0,0,0,0,0,0,0,1,0,0,0,0.0,0.0,0.0,1.0,0.0,0.0,0.0,0.0,0.0,0.0,1.0,0.0,0.0,0.0, -1,1
405,1,-1,16.679506301879886,17.14077377319336,0.036510366946458817,0,0,1,0,0,0,1,0,0,58,20.0,0,75.11111111111093,0,0,0,0,0,0,0,0,0,0,0,0.0,0.0,0.0,0.0,0.0,0.0,0.0,0.0,0.0,0.0,0.0,1.0,0.0,0.0, -1, -1
404,1,-1,16.680288314819336,17.14121437072754,-0.43904757499694813,0,0,1,0,0,0,1,0,0,67,20.0,0,75.11111111111093,0,0,0,0,0,0,0,0,0,0,0,0.0,1.0,0.0,0.0,0.0,0.0,0.0,0.0,0.0,0.0,0.0,0.0,0.0,0.0, -1,2
403,1,-1,16.681121826171875,17.141607284545902,-0.9148873686790466,0,0,1,0,0,0,1,0,0,77,20.0,0,75.11111111111093,0,0,0,0,0,0,0,0,0,0,0,0.0,1.0,0.0,0.0,0.0,0.0,0.0,0.0,0.0,0.0,0.0,0.0,0.0,0.0, -1,1
402,1,-1,16.682489395141598,17.140932083129886,-1.394878387451172,0,0,1,0,0,0,1,0,0,86,20.0,0,75.11111111111093,0,0,0,0,0,0,0,0,0,0,0,1.0,0.0,0.0,0.0,0.0,0.0,0.0,0.0,0.0,0.0,0.0,0.0,0.0,0.0, -1,1
401,1,-1,16.68354606628418,17.139900207519528,-1.87274432182312,0,0,1,0,0,0,1,0,0,96,20.0,0,75.11111111111093,0,0,0,0,0,0,0,0,0,0,0,1.0,0.0,0.0,0.0,0.0,0.0,0.0,0.0,0.0,0.0,0.0,0.0,0.0,0.0, -1,1
