remaining_time,robot_mode,alarm,robot_x,robot_y,robot_theta,tree 1,tree 2,tree 3,tree 4,tree 5,tree 6,tree 7,tree 8,tree 9,battery_level,temperature,water_robot_tank,water_ground_tank,leak 1,leak 2,leak 3,leak 4,leak 5,leak 6,leak 7,leak 8,leak 9,direction,avancement,left,right,push,wrench,leak 1,leak 2,leak 3,leak 4,leak 5,leak 6,leak 7,leak 8,leak 9,rm_alarm,errors,shortcuts
370,1,-1,14.013943672180176,15.353650093078613,0.4736076891422272,1,0,1,1,1,0,0,0,1,13,102.883845787256,30,24.031746031745172,0,0,0,0,0,1,0,0,1,0,0,0.0,0.0,0.0,0.0,0.0,0.0,0.0,0.0,0.0,0.0,0.0,0.0,0.0,0.0,-2,-2
369,1,-1,14.510019302368164,15.604643821716307,0.4653343260288239,1,0,1,1,1,0,0,0,1,13,99.55051245392266,30,22.920634920634065,0,0,0,0,0,1,0,0,1,0,0,0.0,0.0,0.0,0.0,0.0,0.0,0.0,0.0,0.0,0.0,0.0,0.0,0.0,0.0,-2,-2
368,1,-1,14.867167472839355,15.783564567565918,0.4520753622055054,1,0,1,1,1,0,0,0,1,12,96.21717912058935,30,21.80952380952296,0,0,0,0,0,1,0,0,1,0,0,0.0,0.0,0.0,0.0,0.0,0.0,0.0,0.0,0.0,0.0,0.0,0.0,0.0,0.0,-2,-2
367,1,-1,15.12928581237793,15.913554191589355,0.4402993619441986,1,0,1,1,1,0,0,0,1,12,92.88384578725599,30,20.952380952380107,0,0,0,0,0,1,0,0,1,0,0,0.0,0.0,0.0,1.0,0.0,0.0,0.0,0.0,0.0,0.0,0.0,0.0,0.0,0.0,-2,-2
366,1,-1,15.332818984985352,16.008562088012695,0.43322494626045227,1,0,1,1,1,0,0,0,1,16,89.55051245392269,30,20.682539682538835,0,0,0,0,0,1,0,0,1,0,0,0.0,0.0,0.0,0.0,0.0,0.0,0.0,0.0,0.0,0.0,0.0,0.0,0.0,0.0,-2,-2
365,1,-1,15.482832908630373,16.077152252197266,0.4267039895057678,1,0,1,1,1,0,0,0,1,26,86.21717912058935,30,20.12698412698328,0,0,0,0,0,1,0,0,1,0,0,0.0,0.0,0.0,1.0,0.0,0.0,0.0,0.0,0.0,0.0,0.0,0.0,0.0,0.0,-2,-2
364,1,-1,15.593573570251465,16.126529693603516,0.4124329686164856,1,0,1,1,1,0,0,0,1,35,82.883845787256,30,19.238095238094395,0,0,0,0,0,1,0,0,1,0,0,0.0,0.0,0.0,1.0,0.0,0.0,0.0,0.0,0.0,0.0,0.0,0.0,0.0,0.0,-2,-2
363,1,-1,15.674739837646484,16.161968231201172,0.4092317819595337,1,0,1,1,1,0,0,0,1,45,79.55051245392269,30,18.126984126983288,0,0,0,0,0,1,0,0,1,0,0,0.0,1.0,0.0,0.0,0.0,0.0,0.0,0.0,0.0,0.0,0.0,0.0,0.0,0.0,-2,-2
362,1,-1,15.722393035888672,16.182390213012695,0.4017103612422943,1,0,1,1,1,0,0,0,1,54,72.88384578725605,30,17.01587301587218,0,0,0,0,0,0,0,0,1,0,0,0.0,0.0,0.0,1.0,0.0,0.0,0.0,0.0,0.0,1.0,0.0,0.0,0.0,0.0,-2,-2
361,1,-1,15.722393035888672,16.182390213012695,0.4017103612422943,1,0,1,1,1,0,0,0,1,64,72.88384578725605,30,16.460317460316627,0,0,0,0,0,0,0,0,1,0,0,0.0,0.0,0.0,1.0,0.0,0.0,0.0,0.0,0.0,1.0,0.0,0.0,0.0,0.0,-2,-2
