remaining_time,robot_mode,alarm,robot_x,robot_y,robot_theta,tree 1,tree 2,tree 3,tree 4,tree 5,tree 6,tree 7,tree 8,tree 9,battery_level,temperature,water_robot_tank,water_ground_tank,leak 1,leak 2,leak 3,leak 4,leak 5,leak 6,leak 7,leak 8,leak 9,direction,avancement,left,right,push,wrench,leak 1,leak 2,leak 3,leak 4,leak 5,leak 6,leak 7,leak 8,leak 9,rm_alarm,errors,shortcuts
380,1,-1,1.070479154586792,8.021475791931152,0.5367757678031921,1,0,1,1,1,0,0,0,1,18,136.21717912058944,30,21.158730158729288,0,0,0,0,0,0,0,0,0,0,0,0.0,0.0,0.0,0.0,0.0,0.0,0.0,0.0,0.0,0.0,0.0,0.0,0.0,0.0,-2,-2
379,1,-1,2.5037384033203125,8.875153541564941,0.5329506397247314,1,0,1,1,1,0,0,0,1,18,132.8838457872561,30,21.158730158729288,0,0,0,0,0,0,0,0,0,0,0,0.0,0.0,0.0,0.0,0.0,0.0,0.0,0.0,0.0,0.0,0.0,0.0,0.0,0.0,-2,-2
378,1,-1,3.942291736602783,9.720259666442873,0.5301339030265808,1,0,1,1,1,0,0,0,1,17,129.55051245392275,30,21.158730158729288,0,0,0,0,0,0,0,0,0,0,0,1.0,0.0,0.0,0.0,0.0,0.0,0.0,0.0,0.0,0.0,0.0,0.0,0.0,0.0,-2,-2
377,1,-1,5.3828768730163565,10.56306266784668,0.5291107296943665,1,0,1,1,1,0,0,0,1,17,126.2171791205894,30,21.158730158729288,0,0,0,0,0,0,0,0,0,0,0,1.0,0.0,1.0,0.0,0.0,0.0,0.0,0.0,0.0,0.0,0.0,0.0,0.0,0.0,-2,-2
376,1,-1,6.829605102539063,11.394636154174805,0.5190758109092712,1,0,1,1,1,0,0,0,1,16,122.88384578725606,30,21.158730158729288,0,0,0,0,0,0,0,0,0,0,0,0.0,1.0,0.0,0.0,0.0,0.0,0.0,0.0,0.0,0.0,0.0,0.0,0.0,0.0,-2,-2
375,1,-1,8.276803970336914,12.2241849899292,0.5163063406944275,1,0,1,1,1,0,0,0,1,16,119.55051245392272,30,23.73015873015786,0,0,0,0,0,0,0,0,1,0,0,0.0,1.0,0.0,0.0,0.0,0.0,0.0,0.0,0.0,0.0,0.0,0.0,0.0,0.0,-2,-2
374,1,-1,9.73230266571045,13.039840698242188,0.5118858814239502,1,0,1,1,1,0,0,0,1,15,116.21717912058938,30,26.253968253967386,0,0,0,0,0,0,0,0,1,0,0,1.0,0.0,0.0,0.0,0.0,0.0,0.0,0.0,0.0,0.0,0.0,0.0,0.0,0.0,-2,-2
373,1,-1,11.189958572387695,13.849342346191404,0.5038597583770752,1,0,1,1,1,0,0,0,1,15,112.88384578725604,30,25.698412698411836,0,0,0,0,0,0,0,0,1,0,0,1.0,0.0,1.0,0.0,0.0,0.0,0.0,0.0,0.0,0.0,0.0,0.0,0.0,0.0,-2,-2
372,1,-1,12.426910400390625,14.520306587219238,0.4933659732341766,1,0,1,1,1,0,0,0,1,14,109.55051245392272,30,25.142857142856283,0,0,0,0,0,0,0,0,1,0,0,1.0,0.0,0.0,0.0,0.0,0.0,0.0,0.0,0.0,0.0,0.0,0.0,0.0,0.0,-2,-2
371,1,-1,13.34000301361084,15.005660057067873,0.4818843007087708,1,0,1,1,1,0,0,0,1,14,106.21717912058935,30,24.587301587300725,0,0,0,0,0,0,0,0,1,0,0,0.0,0.0,0.0,1.0,0.0,0.0,0.0,0.0,0.0,0.0,0.0,0.0,0.0,0.0,-2,-2
