remaining_time,robot_mode,alarm,robot_x,robot_y,robot_theta,tree 1,tree 2,tree 3,tree 4,tree 5,tree 6,tree 7,tree 8,tree 9,battery_level,temperature,water_robot_tank,water_ground_tank,leak 1,leak 2,leak 3,leak 4,leak 5,leak 6,leak 7,leak 8,leak 9,direction,avancement,left,right,push,wrench,leak 1,leak 2,leak 3,leak 4,leak 5,leak 6,leak 7,leak 8,leak 9,rm_alarm,errors,shortcuts
520,1,-1,5.660158157348633,10.923761367797852,1.8912638425827024,1,0,1,1,0,1,1,0,1,60,20.0,70,0.9761904761902632,0,0,0,0,0,0,0,0,1,0,0,0.0,0.0,0.0,0.0,0.0,0.0,0.0,0.0,0.0,0.0,0.0,0.0,0.0,0.0,-2,-2
519,1,-1,5.347178936004639,11.89112377166748,1.877644419670105,0,0,1,1,0,1,1,0,1,60,20.0,60,0.9761904761902632,0,0,0,0,0,0,0,0,1,0,0,0.0,0.0,0.0,0.0,0.0,0.0,0.0,0.0,0.0,0.0,0.0,0.0,0.0,0.0,-2,-2
518,1,-1,5.122641086578369,12.603092193603516,1.8756043910980225,0,0,1,1,0,1,1,0,1,59,20.0,60,0.9761904761902632,0,0,0,0,0,0,0,0,1,0,0,0.0,0.0,0.0,0.0,0.0,0.0,0.0,0.0,0.0,0.0,0.0,0.0,0.0,0.0,-2,-2
517,1,-1,5.559364318847656,11.181464195251463,1.8685688972473145,0,0,1,1,0,1,1,0,1,59,20.0,60,0.9761904761902632,0,0,0,0,0,0,0,0,1,0,0,0.0,0.0,0.0,0.0,0.0,0.0,0.0,0.0,0.0,0.0,0.0,0.0,0.0,0.0,-2,-2
516,1,-1,5.967062950134277,9.850125312805176,1.8696755170822144,0,0,1,1,0,1,1,0,1,58,20.0,60,0.9761904761902632,0,0,0,0,0,0,0,0,1,0,0,0.0,0.0,0.0,0.0,0.0,0.0,0.0,0.0,0.0,0.0,0.0,0.0,0.0,0.0,-2,-2
515,1,-1,5.263397216796875,10.588407516479492,2.38028621673584,0,0,1,1,0,1,1,0,1,58,20.0,60,0.9761904761902632,0,0,0,0,0,0,0,0,1,0,0,0.0,0.0,0.0,0.0,0.0,0.0,0.0,0.0,0.0,0.0,0.0,0.0,0.0,0.0,-2,-2
514,1,-1,5.122972011566162,10.71827507019043,2.420743703842163,0,0,1,1,0,1,1,0,1,57,20.0,60,0.9761904761902632,0,0,0,0,0,0,0,0,1,0,0,0.0,0.0,0.0,0.0,0.0,0.0,0.0,0.0,0.0,0.0,0.0,0.0,0.0,0.0,-2,-2
513,1,-1,5.122972011566162,10.71827507019043,2.420743703842163,0,0,1,1,0,1,1,0,1,57,20.0,60,0.9761904761902632,0,0,0,0,0,0,0,0,1,0,0,0.0,0.0,0.0,0.0,0.0,0.0,0.0,0.0,0.0,0.0,0.0,0.0,0.0,0.0,-2,-2
512,1,-1,5.12299919128418,10.71743106842041,2.801146984100342,0,0,1,1,0,1,1,0,1,56,20.0,60,0.9761904761902632,0,0,0,0,0,0,0,0,1,0,0,0.0,0.0,0.0,0.0,0.0,0.0,0.0,0.0,0.0,0.0,0.0,0.0,0.0,0.0,-2,-2
511,1,-1,5.121941089630127,10.719321250915527,-2.936650037765503,0,0,1,1,0,1,1,0,1,56,20.0,60,0.9761904761902632,0,0,0,0,0,0,0,0,1,0,0,0.0,0.0,0.0,0.0,0.0,0.0,0.0,0.0,0.0,0.0,0.0,0.0,0.0,0.0,-2,-2
