remaining_time,robot_mode,alarm,robot_x,robot_y,robot_theta,tree 1,tree 2,tree 3,tree 4,tree 5,tree 6,tree 7,tree 8,tree 9,battery_level,temperature,water_robot_tank,water_ground_tank,leak 1,leak 2,leak 3,leak 4,leak 5,leak 6,leak 7,leak 8,leak 9,direction,avancement,left,right,push,wrench,leak 1,leak 2,leak 3,leak 4,leak 5,leak 6,leak 7,leak 8,leak 9,rm_alarm,errors,shortcuts
490,1,-1,0.6746734380722046,12.678207397460938,2.926478147506714,0,0,1,0,0,1,1,0,1,45,20.0,30,60.134920634920576,0,0,0,0,0,1,0,0,0,0.0,2.86,1.0,0.0,0.0,0.0,0.0,0.0,0.0,0.0,0.0,0.0,0.0,0.0,0.0,0.0,-2,-2
489,1,-1,0.6746734380722046,12.678207397460938,2.926478147506714,0,0,1,0,0,1,1,0,1,45,20.0,30,59.579365079365004,0,0,0,0,0,1,0,0,0,0.0,2.86,1.0,0.0,0.0,1.0,0.0,0.0,0.0,0.0,0.0,0.0,0.0,0.0,0.0,0.0,-2,-2
488,1,-1,-3.194034576416016,13.52022647857666,2.929452657699585,0,0,1,0,0,1,1,0,1,44,20.0,30,59.13492063492056,0,0,0,0,0,0,0,0,0,0,0,0.0,0.0,0.0,0.0,0.0,0.0,0.0,0.0,0.0,1.0,0.0,0.0,0.0,0.0,-2,-2
487,1,-1,-4.823768138885498,13.87452220916748,2.926933765411377,0,0,1,0,0,1,1,0,1,44,20.0,30,59.13492063492056,0,0,0,0,0,0,0,0,0,0,0,0.0,0.0,0.0,0.0,0.0,0.0,0.0,0.0,0.0,0.0,0.0,0.0,0.0,0.0,-2,-2
486,1,-1,-6.45536470413208,14.22337532043457,2.9339678287506104,0,0,1,0,0,1,1,0,1,43,20.0,30,59.13492063492056,0,0,0,0,0,0,0,0,0,0,0,0.0,0.0,0.0,0.0,0.0,0.0,0.0,0.0,0.0,0.0,0.0,0.0,0.0,0.0,-2,-2
485,1,-1,-8.089207649230957,14.563322067260742,2.9442334175109863,0,0,1,0,0,1,1,0,1,43,20.0,30,59.13492063492056,0,0,0,0,0,0,1,0,0,0,0,0.0,0.0,0.0,0.0,0.0,0.0,0.0,0.0,0.0,0.0,0.0,0.0,0.0,0.0,-2,-2
484,1,-1,-9.724713325500488,14.886659622192385,2.9483816623687744,0,0,1,0,0,1,1,0,1,42,20.0,30,60.857142857142776,0,0,0,0,0,0,1,0,0,0,0,0.0,1.0,1.0,0.0,0.0,0.0,0.0,0.0,0.0,0.0,0.0,0.0,0.0,0.0,-2,-2
483,1,-1,-11.1192045211792,15.149393081665039,2.9634900093078613,0,0,1,0,0,1,1,0,1,42,20.0,30,63.46825396825387,0,0,0,0,0,0,0,0,0,0,0,0.0,0.0,1.0,1.0,0.0,0.0,0.0,0.0,0.0,0.0,1.0,0.0,0.0,0.0,-2,-2
482,1,-1,-12.134799003601074,15.33407974243164,2.959642171859741,0,0,1,0,0,1,1,0,1,41,20.014935630366573,30,63.46825396825387,0,0,0,0,0,0,0,0,0,0,0,0.0,1.0,1.0,0.0,0.0,0.0,0.0,0.0,0.0,0.0,0.0,0.0,0.0,0.0,-2,-2
481,1,-1,-12.908900260925293,15.467687606811525,2.977527618408203,0,0,0,0,0,1,1,0,1,41,20.0,20,63.46825396825387,0,0,0,0,0,0,0,0,0,0,0,0.0,0.0,1.0,0.0,0.0,0.0,0.0,0.0,0.0,0.0,0.0,0.0,0.0,0.0,-2,-2
