remaining_time,robot_mode,alarm,robot_x,robot_y,robot_theta,tree 1,tree 2,tree 3,tree 4,tree 5,tree 6,tree 7,tree 8,tree 9,battery_level,temperature,water_robot_tank,water_ground_tank,leak 1,leak 2,leak 3,leak 4,leak 5,leak 6,leak 7,leak 8,leak 9,direction,avancement,left,right,push,wrench,leak 1,leak 2,leak 3,leak 4,leak 5,leak 6,leak 7,leak 8,leak 9,rm_alarm,errors,shortcuts
260,1,3,0.9199912548065186,12.35236644744873,2.147701978683472,0,0,1,0,0,1,0,0,1,53,20.0,20,64.12698412698279,0,0,0,0,0,0,1,0,0,0,0,1.0,0.0,0.0,0.0,0.0,0.0,0.0,0.0,0.0,0.0,0.0,0.0,0.0,0.0, -1,1
259,1,-1,0.5101800560951233,12.981524467468262,2.1542065143585205,0,0,1,0,0,1,0,0,1,53,20.0,20,63.57142857142722,0,0,0,0,0,0,1,0,0,0,0,0.0,0.0,0.0,0.0,0.0,0.0,0.0,0.0,0.0,0.0,0.0,0.0,0.0,0.0, -1, -1
258,1,-1,0.5101800560951233,12.981524467468262,2.1542065143585205,0,0,1,0,0,1,0,0,1,52,20.0,20,63.499999999998636,0,0,0,0,0,0,1,0,0,0,0,0.0,0.0,0.0,0.0,0.0,0.0,0.0,0.0,0.0,0.0,0.0,0.0,0.0,1.0, click, -1
257,1,-1,1.59442138671875,11.334854125976562,2.53542423248291,0,0,1,0,0,1,0,0,1,52,20.0,20,65.0476190476177,0,0,0,0,0,0,0,0,0,0,0,0.0,0.0,0.0,1.0,0.0,0.0,0.0,0.0,0.0,0.0,1.0,0.0,0.0,0.0, -1,1
256,1,-1,1.224433422088623,11.457693099975586,2.83945894241333,0,0,1,0,0,1,0,0,1,51,20.0,20,66.90476190476056,0,0,0,0,0,0,0,0,0,0,0,0.0,0.0,1.0,0.0,0.0,0.0,0.0,0.0,0.0,0.0,0.0,0.0,0.0,0.0, -1,3
255,1,-1,-0.3751824498176575,11.93174648284912,2.852915048599243,0,0,1,0,0,1,0,0,1,51,20.0,20,67.19047619047484,0,0,0,0,0,0,0,0,0,0,0,0.0,1.0,1.0,0.0,0.0,0.0,0.0,0.0,0.0,0.0,0.0,0.0,0.0,0.0, -1,10
254,1,-1,-1.976165771484375,12.400402069091795,2.86279034614563,0,0,1,0,0,1,0,0,1,50,20.0,20,67.19047619047484,0,0,0,0,0,0,0,0,0,0,0,0.0,1.0,1.0,0.0,0.0,0.0,0.0,0.0,0.0,0.0,0.0,0.0,0.0,0.0, -1,2
253,1,-1,-3.580452919006348,12.859241485595705,2.864295244216919,0,0,1,0,0,1,0,0,1,50,20.0,20,67.76190476190341,0,0,0,0,0,0,0,0,0,0,0,0.0,0.0,1.0,0.0,0.0,0.0,0.0,0.0,0.0,0.0,0.0,0.0,0.0,0.0, -1,11
252,1,-1,-5.185724258422852,13.315321922302244,2.866319179534912,0,0,1,0,0,1,0,0,1,49,20.0,20,71.0476190476177,0,0,0,0,0,0,0,0,0,0,0,0.0,0.0,1.0,0.0,0.0,0.0,0.0,0.0,0.0,0.0,0.0,0.0,0.0,0.0, -1,10
251,1,-1,-6.7933411598205575,13.7627592086792,2.8713104724884038,0,0,1,0,0,1,0,0,1,49,20.0,20,74.33333333333198,0,0,0,0,0,0,0,0,0,0,0,0.0,0.0,1.0,0.0,0.0,0.0,0.0,0.0,0.0,0.0,0.0,0.0,0.0,0.0, -1,9
