remaining_time,robot_mode,alarm,robot_x,robot_y,robot_theta,tree 1,tree 2,tree 3,tree 4,tree 5,tree 6,tree 7,tree 8,tree 9,battery_level,temperature,water_robot_tank,water_ground_tank,leak 1,leak 2,leak 3,leak 4,leak 5,leak 6,leak 7,leak 8,leak 9,direction,avancement,left,right,push,wrench,leak 1,leak 2,leak 3,leak 4,leak 5,leak 6,leak 7,leak 8,leak 9,rm_alarm,errors,shortcuts
510,1,-1,-11.052287101745604,14.532021522521973,-2.5103321075439453,0,0,0,1,1,0,0,1,1,55,20.0,20,0.555555555555425,0,1,1,1,1,1,1,1,1,0,0,0.0,0.0,0.0,0.0,0.0,0.0,0.0,0.0,0.0,0.0,0.0,0.0,0.0,0.0, -1, -1
509,1,-1,-11.052287101745604,14.532021522521973,-2.5103321075439453,0,0,0,1,1,0,0,1,1,55,20.0,20,0.555555555555425,0,1,1,1,1,1,1,1,1,0,0,0.0,0.0,0.0,0.0,0.0,0.0,0.0,0.0,0.0,0.0,0.0,0.0,0.0,0.0, -1, -1
508,1,-1,-11.053162574768066,14.529657363891602,-2.03759503364563,0,0,0,1,1,0,0,1,1,54,20.0,20,0.555555555555425,0,1,1,1,1,1,1,1,1,0,0,0.0,0.0,0.0,0.0,0.0,0.0,0.0,0.0,0.0,0.0,0.0,0.0,0.0,0.0, -1, -1
507,1,-1,-11.053963661193848,14.525514602661133,-1.5005646944046018,0,0,0,1,1,0,0,1,1,54,20.0,20,0.555555555555425,0,1,1,1,1,1,1,1,1,0,0,0.0,0.0,0.0,0.0,0.0,0.0,0.0,0.0,0.0,0.0,0.0,0.0,0.0,0.0, -1, -1
506,1,-1,-11.056654930114746,14.525201797485352,-0.962805151939392,0,0,0,1,1,0,0,1,1,53,20.0,20,0.555555555555425,0,1,1,1,1,1,1,1,1,0,0,0.0,0.0,0.0,0.0,0.0,0.0,0.0,0.0,0.0,0.0,0.0,0.0,0.0,0.0, -1, -1
505,1,-1,-11.057453155517578,14.523816108703613,-0.5421815514564514,0,0,0,1,1,0,0,1,1,53,20.0,20,0.555555555555425,0,1,1,1,1,1,1,1,1,0,0,0.0,0.0,0.0,0.0,0.0,0.0,0.0,0.0,0.0,0.0,0.0,0.0,0.0,0.0, -1, -1
504,1,-1,-9.720558166503906,13.840803146362305,-0.4512877464294434,0,0,0,1,1,0,0,1,1,52,20.0,20,0.555555555555425,0,1,1,1,1,1,1,1,1,0,0,0.0,0.0,0.0,0.0,0.0,0.0,0.0,0.0,0.0,0.0,0.0,0.0,0.0,0.0, -1, -1
503,1,-1,-8.24516487121582,13.123169898986815,-0.4529654681682586,0,0,0,1,1,0,0,1,1,52,20.0,20,0.555555555555425,0,1,1,1,1,1,1,1,1,0,0,0.0,0.0,0.0,0.0,0.0,0.0,0.0,0.0,0.0,0.0,0.0,0.0,0.0,0.0, -1, -1
502,1,-1,-6.717122554779053,12.386200904846193,-0.4440099596977234,0,0,0,1,1,0,0,1,1,51,20.0,20,0.555555555555425,0,1,1,1,1,1,1,1,1,0,0,0.0,0.0,0.0,0.0,0.0,0.0,0.0,0.0,0.0,0.0,0.0,0.0,0.0,0.0, -1, -1
501,1,-1,-5.324110984802246,11.728094100952148,-0.4360897839069367,0,0,0,1,1,0,0,1,1,51,20.0,20,0.555555555555425,0,1,1,1,1,1,1,1,1,0,0,0.0,0.0,0.0,0.0,0.0,0.0,0.0,0.0,0.0,0.0,0.0,0.0,0.0,0.0, -1, -1
