remaining_time,robot_mode,alarm,robot_x,robot_y,robot_theta,tree 1,tree 2,tree 3,tree 4,tree 5,tree 6,tree 7,tree 8,tree 9,battery_level,temperature,water_robot_tank,water_ground_tank,leak 1,leak 2,leak 3,leak 4,leak 5,leak 6,leak 7,leak 8,leak 9,direction,avancement,left,right,push,wrench,leak 1,leak 2,leak 3,leak 4,leak 5,leak 6,leak 7,leak 8,leak 9,rm_alarm,errors,shortcuts
580,1,-1,-0.9021218419075012,7.62990665435791,1.7160780429840088,1,0,0,0,0,0,0,0,0,90,20.0,40,57.14285714285715,0,0,1,0,0,0,0,0,0,0,0,0.0,0.0,1.0,0.0,0.0,0.0,0.0,0.0,0.0,0.0,0.0,0.0,0.0,0.0,-2,-2
579,1,-1,-0.9944859147071838,8.243096351623535,1.7251647710800169,1,0,0,1,0,0,0,0,0,90,20.0,40,58.6984126984127,0,0,1,0,0,0,0,0,0,0,0,0.0,0.0,0.0,0.0,0.0,0.0,0.0,0.0,0.0,0.0,0.0,0.0,0.0,0.0,-2,-2
578,1,-1,-0.6558895111083984,6.094786643981934,1.7295856475830078,1,0,0,1,0,0,0,0,0,89,26.326848019339636,40,58.14285714285713,0,0,1,0,0,0,0,0,0,0,0,0.0,1.0,0.0,0.0,0.0,0.0,0.0,0.0,0.0,0.0,0.0,0.0,0.0,0.0,-2,-2
577,1,-1,-0.6558895111083984,6.094786643981934,1.7295856475830078,1,0,0,1,0,0,0,0,0,89,26.326848019339636,40,57.58730158730155,0,0,1,0,0,0,0,0,0,0,0,0.0,1.0,0.0,0.0,0.0,0.0,0.0,0.0,0.0,0.0,0.0,0.0,0.0,0.0,-2,-2
576,1,-1,-0.6314039826393127,5.93857479095459,2.156549453735352,1,0,0,1,0,0,1,0,0,88,32.13898106483229,40,57.65873015873011,0,0,1,0,0,0,0,0,0,0,0,1.0,1.0,0.0,0.0,0.0,0.0,0.0,0.0,0.0,0.0,0.0,0.0,0.0,0.0,-2,-2
575,1,-1,-0.6318621635437012,5.938181400299072,2.639429807662964,1,0,0,0,0,0,1,0,0,88,28.805647731498958,30,59.039682539682495,0,0,1,0,0,0,0,0,0,0,0,1.0,0.0,0.0,0.0,0.0,0.0,0.0,0.0,0.0,0.0,0.0,0.0,0.0,0.0,-2,-2
574,1,-1,-1.0630019903182983,6.134763240814209,2.7361032962799072,1,0,0,0,0,0,1,0,0,87,22.138981064832286,30,58.484126984126924,0,0,1,0,0,0,0,0,0,0,0,0.0,1.0,0.0,0.0,0.0,0.0,0.0,0.0,0.0,0.0,0.0,0.0,0.0,0.0,-2,-2
573,1,-1,-1.0630019903182983,6.134763240814209,2.7361032962799072,1,0,0,0,0,0,1,1,0,87,22.138981064832286,30,58.72222222222216,0,0,1,0,0,0,0,0,0,0,0,0.0,1.0,0.0,0.0,0.0,0.0,0.0,0.0,0.0,0.0,0.0,0.0,0.0,0.0,-2,-2
572,1,-1,0.1704394668340683,5.605104923248291,2.30623459815979,1,0,0,0,0,0,1,1,0,86,20.0,30,58.33333333333325,0,0,1,0,0,0,0,0,0,0,0,1.0,0.0,0.0,0.0,0.0,0.0,0.0,0.0,0.0,0.0,0.0,0.0,0.0,0.0,-2,-2
571,1,-1,0.1712365299463272,5.605243682861328,1.7683842182159424,1,0,0,0,0,0,1,1,0,86,20.0,30,57.77777777777769,0,0,1,0,0,0,0,0,0,0,0,1.0,0.0,0.0,0.0,0.0,0.0,0.0,0.0,0.0,0.0,0.0,0.0,0.0,0.0,-2,-2
