remaining_time,robot_mode,alarm,robot_x,robot_y,robot_theta,tree 1,tree 2,tree 3,tree 4,tree 5,tree 6,tree 7,tree 8,tree 9,battery_level,temperature,water_robot_tank,water_ground_tank,leak 1,leak 2,leak 3,leak 4,leak 5,leak 6,leak 7,leak 8,leak 9,direction,avancement,left,right,push,wrench,leak 1,leak 2,leak 3,leak 4,leak 5,leak 6,leak 7,leak 8,leak 9,rm_alarm,errors,shortcuts
490,1,-1,15.301679611206055,-13.438619613647461,-0.9891725778579712,0,0,0,1,0,0,1,0,0,45,20.0,10,85.40476190476191,0,0,0,0,0,0,0,0,1,0,0,0.0,0.0,1.0,0.0,0.0,0.0,0.0,0.0,0.0,0.0,0.0,0.0,0.0,0.0,-2,-2
489,1,-1,15.706502914428713,-14.06604290008545,-1.0017570257186892,0,0,0,1,0,0,0,0,0,45,20.0,0,89.69841269841271,0,0,0,0,0,0,0,0,1,0,0,0.0,0.0,1.0,0.0,0.0,0.0,0.0,0.0,0.0,0.0,0.0,0.0,0.0,0.0,-2,-2
488,1,-1,16.02680778503418,-14.570446014404295,-1.00967538356781,0,0,0,1,0,0,0,0,0,44,20.0,0,93.56349206349206,0,0,0,0,0,0,0,0,1,0,0,0.0,0.0,1.0,0.0,0.0,0.0,0.0,0.0,0.0,0.0,0.0,0.0,0.0,0.0,-2,-2
487,1,-1,16.02680778503418,-14.570446014404295,-1.00967538356781,0,0,0,1,0,0,0,0,0,44,20.0,0,96.71428571428572,0,0,0,0,0,0,0,0,0,0,0,0.0,0.0,0.0,1.0,0.0,0.0,0.0,0.0,0.0,0.0,0.0,0.0,1.0,0.0,-2,-2
486,1,-1,15.134041786193848,-13.159454345703125,-1.4489884376525881,0,0,0,1,0,0,0,0,0,43,20.0,0,99.42857142857142,0,0,0,0,0,0,0,0,0,0,0,0.0,1.0,0.0,0.0,0.0,0.0,0.0,0.0,0.0,0.0,0.0,0.0,0.0,0.0,-2,-2
485,1,-1,15.133360862731935,-13.164731979370115,-2.0022752285003658,0,0,0,1,0,0,0,0,0,43,20.0,0,100.0,0,0,0,0,0,0,0,0,0,0,0,1.0,0.0,1.0,0.0,0.0,0.0,0.0,0.0,0.0,0.0,0.0,0.0,0.0,0.0,-2,-2
484,1,-1,15.130435943603516,-13.168392181396484,-2.535897970199585,0,0,0,1,0,0,0,0,0,42,20.0,0,100.0,0,0,0,0,0,0,0,0,0,0,0,0.0,0.0,1.0,0.0,0.0,0.0,0.0,0.0,0.0,0.0,0.0,0.0,0.0,0.0,-2,-2
483,1,-1,15.126927375793455,-13.170674324035645,-3.076755285263061,0,0,0,1,0,1,0,0,0,42,20.0,0,100.0,0,0,0,0,0,0,0,0,0,0,0,0.0,0.0,1.0,0.0,0.0,0.0,0.0,0.0,0.0,0.0,0.0,0.0,0.0,0.0,-2,-2
482,1,-1,14.33045482635498,-13.034937858581545,2.9554920196533203,0,0,0,1,0,1,0,0,0,41,24.686515038069246,0,100.0,0,0,0,0,0,0,0,0,0,0,0,0.0,0.0,1.0,0.0,0.0,0.0,0.0,0.0,0.0,0.0,0.0,0.0,0.0,0.0,-2,-2
481,1,-1,12.691633224487305,-12.729554176330565,2.9572904109954834,0,0,0,1,0,1,0,0,0,41,21.35318170473591,0,100.0,0,0,0,0,0,0,0,0,0,0,0,1.0,0.0,1.0,0.0,0.0,0.0,0.0,0.0,0.0,0.0,0.0,0.0,0.0,0.0,-2,-2
