remaining_time,robot_mode,alarm,robot_x,robot_y,robot_theta,tree 1,tree 2,tree 3,tree 4,tree 5,tree 6,tree 7,tree 8,tree 9,battery_level,temperature,water_robot_tank,water_ground_tank,leak 1,leak 2,leak 3,leak 4,leak 5,leak 6,leak 7,leak 8,leak 9,direction,avancement,left,right,push,wrench,leak 1,leak 2,leak 3,leak 4,leak 5,leak 6,leak 7,leak 8,leak 9,rm_alarm,errors,shortcuts
230,1,-1,-0.8532066345214844,6.707596778869629,1.8431861400604248,0,1,1,0,0,0,0,0,0,16,20.0,50,0.8888888888888619,0,0,0,0,1,0,0,0,1,-0.53,0.0,0.0,0.0,0.0,0.0,0.0,0.0,0.0,0.0,0.0,0.0,0.0,0.0,0.0,0.0,-2,-2
229,1,-1,-0.8533700108528137,6.707486629486084,1.6395297050476074,0,1,1,0,0,0,0,0,0,16,20.0,50,0.8888888888888619,0,0,0,0,1,0,0,0,1,-0.3028571428571429,1.2257142857142858,0.0,0.0,0.0,0.0,0.0,0.0,0.0,0.0,0.0,0.0,0.0,0.0,0.0,0.0,-2,-2
228,1,-1,-0.8533700108528137,6.707486629486084,1.6395297050476074,0,1,1,0,0,0,0,0,0,15,20.0,50,0.8888888888888619,0,0,0,0,1,0,0,0,1,0,0,0.0,0.0,0.0,0.0,0.0,0.0,0.0,0.0,0.0,0.0,0.0,0.0,0.0,0.0,-2,-2
227,1,-1,-0.8533700108528137,6.707486629486084,1.6395297050476074,0,1,1,0,0,0,0,0,0,15,20.0,50,0.8888888888888619,0,0,0,0,1,0,0,0,1,0,0,0.0,0.0,0.0,0.0,0.0,0.0,0.0,0.0,0.0,0.0,0.0,0.0,0.0,0.0,-2,-2
226,1,-1,-0.8533700108528137,6.707486629486084,1.6395297050476074,0,1,1,0,0,0,0,0,0,14,20.0,50,0.8888888888888619,0,0,0,0,0,0,0,0,0,0,0,0.0,0.0,0.0,1.0,0.0,0.0,0.0,0.0,1.0,0.0,0.0,0.0,1.0,0.0,-2,-2
225,1,-1,-0.852519690990448,6.707010269165039,1.218305230140686,0,1,1,0,0,0,0,0,0,14,20.0,50,0.8888888888888619,0,0,1,0,0,0,0,0,0,0,0,1.0,0.0,0.0,0.0,0.0,0.0,0.0,0.0,0.0,0.0,0.0,0.0,0.0,0.0,-2,-2
224,1,-1,-0.8514142036437988,6.706340789794923,0.6882387399673462,0,1,1,0,0,0,0,0,0,13,20.0,50,0.8888888888888619,0,0,1,0,0,0,0,0,0,0,0,1.0,0.0,0.0,0.0,0.0,0.0,0.0,0.0,0.0,0.0,0.0,0.0,0.0,0.0,-2,-2
223,1,-1,0.0265146903693676,7.243647575378418,0.5361152291297913,0,1,1,0,0,0,0,0,0,13,20.0,50,0.8888888888888619,0,0,0,0,0,0,0,0,0,0,0,0.0,0.0,0.0,1.0,0.0,0.0,1.0,0.0,0.0,0.0,0.0,0.0,0.0,0.0,-2,-2
222,1,-1,1.461982250213623,8.094108581542969,0.5353712439537048,0,1,1,0,0,0,0,0,0,12,20.0,50,0.8888888888888619,0,0,0,0,0,0,0,0,0,0,0,0.0,0.0,0.0,0.0,0.0,0.0,0.0,0.0,0.0,0.0,0.0,0.0,0.0,0.0,-2,-2
221,1,-1,2.899003744125366,8.942428588867188,0.531830370426178,0,1,1,0,0,0,0,0,0,12,20.0,50,0.8888888888888619,0,0,0,0,0,0,0,0,0,0,0,0.0,1.0,0.0,0.0,0.0,0.0,0.0,0.0,0.0,0.0,0.0,0.0,0.0,0.0,-2,-2
