remaining_time,robot_mode,alarm,robot_x,robot_y,robot_theta,tree 1,tree 2,tree 3,tree 4,tree 5,tree 6,tree 7,tree 8,tree 9,battery_level,temperature,water_robot_tank,water_ground_tank,leak 1,leak 2,leak 3,leak 4,leak 5,leak 6,leak 7,leak 8,leak 9,direction,avancement,left,right,push,wrench,leak 1,leak 2,leak 3,leak 4,leak 5,leak 6,leak 7,leak 8,leak 9,rm_alarm,errors,shortcuts
570,1,-1,0.8278829455375671,5.711251735687256,1.6761046648025513,1,1,0,0,0,1,1,0,0,85,32.88445165893831,30,18.22222222222215,1,0,0,0,1,0,0,0,1,0,0,0.0,0.0,0.0,0.0,0.0,0.0,0.0,0.0,0.0,0.0,0.0,0.0,0.0,0.0, -1,-1
569,1,-1,0.8721963167190552,5.843127727508545,1.2452242374420166,1,1,0,0,0,1,1,0,0,85,29.551118325604975,30,16.555555555555483,1,0,0,0,1,0,0,0,1,0,0,0.0,0.0,0.0,1.0,0.0,0.0,0.0,0.0,1.0,0.0,0.0,0.0,0.0,0.0, -1,-1
568,1,-1,1.4664644002914429,7.40156364440918,1.197604775428772,1,1,0,0,0,1,1,0,0,84,26.217784992271646,30,15.111111111111045,0,0,0,0,1,0,0,0,1,0,0,0.0,0.0,0.0,0.0,1.0,0.0,0.0,0.0,0.0,0.0,0.0,0.0,0.0,0.0, -1,-1
567,1,-1,2.0752651691436768,8.95477294921875,1.1967251300811768,1,1,0,0,0,1,1,0,0,84,22.884451658938296,30,13.999999999999936,0,0,0,0,1,0,0,0,1,0,0,0.0,0.0,0.0,1.0,0.0,0.0,0.0,0.0,0.0,0.0,0.0,0.0,0.0,0.0, -1,-1
566,1,-1,2.6678929328918457,10.436502456665039,1.1881558895111084,1,1,1,0,0,1,1,0,0,83,20.0,30,13.333333333333274,0,0,0,0,0,0,0,0,1,0,0,0.0,0.0,0.0,1.0,0.0,0.0,0.0,0.0,1.0,0.0,0.0,0.0,0.0,0.0, -1,-1
565,1,-1,3.12856674194336,11.556049346923828,1.1730284690856934,1,1,1,0,0,1,1,0,0,83,20.0,30,12.888888888888829,0,1,0,0,0,0,0,0,0,0,0,0.0,0.0,0.0,0.0,0.0,0.0,0.0,0.0,0.0,0.0,0.0,0.0,1.0,0.0, -1,-1
564,1,-1,3.4742562770843506,12.373089790344238,1.1668343544006348,0,1,1,0,0,1,1,0,0,82,20.0,20,12.333333333333275,0,1,0,0,0,0,0,0,0,0,0,1.0,0.0,0.0,0.0,0.0,0.0,0.0,0.0,0.0,0.0,0.0,0.0,0.0,0.0, -1,-1
563,1,-1,3.73300838470459,12.968889236450195,1.1477212905883791,0,1,1,0,0,1,1,0,0,82,20.0,20,11.777777777777722,0,1,0,0,0,0,0,0,0,0,0,0.0,0.0,0.0,0.0,0.0,0.0,0.0,0.0,0.0,0.0,0.0,0.0,0.0,0.0, -1,-1
562,1,-1,2.8364489078521733,10.988266944885254,1.1448628902435305,0,1,1,0,0,1,1,0,0,81,20.0,20,11.222222222222168,0,1,0,0,0,0,0,0,0,0,0,1.0,0.0,0.0,0.0,0.0,0.0,0.0,0.0,0.0,0.0,0.0,0.0,0.0,0.0, -1,-1
561,1,-1,2.8364489078521733,10.988266944885254,1.1448628902435305,0,1,1,0,0,1,1,0,0,81,20.0,20,10.666666666666618,0,1,0,0,0,0,0,0,0,0,0,1.0,0.0,0.0,0.0,0.0,0.0,0.0,0.0,0.0,0.0,0.0,0.0,0.0,0.0, -1,-1
