remaining_time,robot_mode,alarm,robot_x,robot_y,robot_theta,tree 1,tree 2,tree 3,tree 4,tree 5,tree 6,tree 7,tree 8,tree 9,battery_level,temperature,water_robot_tank,water_ground_tank,leak 1,leak 2,leak 3,leak 4,leak 5,leak 6,leak 7,leak 8,leak 9,direction,avancement,left,right,push,wrench,leak 1,leak 2,leak 3,leak 4,leak 5,leak 6,leak 7,leak 8,leak 9,rm_alarm,errors,shortcuts
430,1,-1,15.396883010864258,-7.68995189666748,1.5158900022506714,1,1,1,0,1,1,1,0,1,15,51.711146304815315,40,12.4047619047618,0,0,0,0,0,0,0,0,0,0,0,1.0,0.0,1.0,0.0,0.0,0.0,0.0,0.0,0.0,0.0,0.0,0.0,0.0,0.0,-2,-2
429,1,-1,15.49130153656006,-6.023746013641357,1.5147175788879397,1,1,1,0,1,1,1,0,1,15,48.37781297148199,40,12.833333333333227,0,0,0,0,0,0,0,0,0,0,0,1.0,0.0,1.0,0.0,0.0,0.0,0.0,0.0,0.0,0.0,0.0,0.0,0.0,0.0,-2,-2
428,1,-1,15.583462715148926,-4.358118534088135,1.5171155929565432,1,1,1,0,1,1,1,0,1,14,45.04447963814866,40,15.976190476190373,0,0,0,0,0,0,0,0,0,0,0,0.0,0.0,1.0,0.0,0.0,0.0,0.0,0.0,0.0,0.0,0.0,0.0,0.0,0.0,-2,-2
427,1,-1,15.668768882751465,-2.691525459289551,1.521631360054016,1,1,1,0,1,1,1,0,1,14,41.71114630481533,40,16.690476190476087,0,0,0,0,0,0,0,0,0,0,0,0.0,1.0,1.0,0.0,0.0,0.0,0.0,0.0,0.0,0.0,0.0,0.0,0.0,0.0,-2,-2
426,1,-1,15.75125503540039,-1.0248866081237793,1.5225068330764768,1,1,1,0,1,1,1,0,1,13,38.377812971482,40,16.690476190476087,0,0,0,0,0,0,0,0,0,0,0,0.0,1.0,0.0,0.0,0.0,0.0,0.0,0.0,0.0,0.0,0.0,0.0,0.0,0.0,-2,-2
425,1,-1,15.827125549316404,0.6419404745101929,1.5271605253219604,1,1,1,0,1,1,1,0,1,13,35.04447963814867,40,16.690476190476087,0,0,0,0,0,0,0,0,0,0,0,0.0,1.0,1.0,0.0,0.0,0.0,0.0,0.0,0.0,0.0,0.0,0.0,0.0,0.0,-2,-2
424,1,-1,15.895606994628904,2.309213876724243,1.5330485105514526,1,1,1,0,1,1,1,0,1,12,31.711146304815337,40,17.690476190476087,0,0,0,0,0,0,0,0,0,0,0,1.0,0.0,1.0,0.0,0.0,0.0,0.0,0.0,0.0,0.0,0.0,0.0,0.0,0.0,-2,-2
423,1,-1,15.957901000976562,3.976850986480713,1.5333824157714844,1,1,1,0,1,1,1,0,1,12,28.377812971482,40,18.83333333333323,0,0,0,0,0,0,0,0,0,0,0,1.0,0.0,1.0,0.0,0.0,0.0,0.0,0.0,0.0,0.0,0.0,0.0,0.0,0.0,-2,-2
422,1,-1,16.010438919067386,5.645154476165772,1.5402988195419312,1,1,1,0,1,1,1,0,1,11,25.04447963814866,40,19.69047619047608,0,0,0,0,0,0,0,0,0,0,0,0.0,1.0,1.0,0.0,0.0,0.0,0.0,0.0,0.0,0.0,0.0,0.0,0.0,0.0,-2,-2
421,1,-1,16.058704376220707,7.3131585121154785,1.5463868379592896,1,1,1,0,1,1,1,0,1,11,21.71114630481533,40,23.833333333333226,0,0,0,0,0,0,0,0,0,0,0,0.0,0.0,1.0,0.0,0.0,0.0,0.0,0.0,0.0,0.0,0.0,0.0,0.0,0.0,-2,-2
