remaining_time,robot_mode,alarm,robot_x,robot_y,robot_theta,tree 1,tree 2,tree 3,tree 4,tree 5,tree 6,tree 7,tree 8,tree 9,battery_level,temperature,water_robot_tank,water_ground_tank,leak 1,leak 2,leak 3,leak 4,leak 5,leak 6,leak 7,leak 8,leak 9,direction,avancement,left,right,push,wrench,leak 1,leak 2,leak 3,leak 4,leak 5,leak 6,leak 7,leak 8,leak 9,rm_alarm,errors,shortcuts
230,1,-1,10.601312637329102,7.018265724182129,1.012990117073059,0,0,1,0,1,0,1,1,0,17,20.0,100,22.436507936507677,0,0,0,0,0,0,0,0,0,0,0,1.0,0.0,1.0,0.0,0.0,0.0,0.0,0.0,0.0,0.0,0.0,0.0,0.0,0.0,-2,-2
229,1,-1,11.482783317565918,8.43543815612793,1.016224384307861,0,0,1,0,1,0,1,1,0,17,20.0,100,25.436507936507677,0,0,0,0,0,0,0,0,0,0,0,0.0,1.0,1.0,0.0,0.0,0.0,0.0,0.0,0.0,0.0,0.0,0.0,0.0,0.0,-2,-2
228,1,-1,12.359009742736815,9.855710983276367,1.0205612182617188,0,0,1,0,1,0,1,1,0,16,20.0,100,27.29365079365053,0,0,0,0,0,0,0,0,0,0,0,0.0,0.0,1.0,0.0,0.0,0.0,0.0,0.0,0.0,0.0,0.0,0.0,0.0,0.0,-2,-2
227,1,-1,13.214919090270994,11.2884521484375,1.031067132949829,0,0,1,0,1,0,1,1,0,16,20.0,100,27.29365079365053,0,0,0,0,0,0,0,0,0,0,0,0.0,1.0,1.0,0.0,0.0,0.0,0.0,0.0,0.0,0.0,0.0,0.0,0.0,0.0,-2,-2
226,1,-1,13.98137378692627,12.575143814086914,1.0380698442459106,0,0,1,0,1,0,1,1,0,15,20.0,100,27.29365079365053,0,0,0,0,0,0,0,0,0,0,0,1.0,0.0,1.0,0.0,0.0,0.0,0.0,0.0,0.0,0.0,0.0,0.0,0.0,0.0,-2,-2
225,1,-1,14.534809112548828,13.528114318847654,1.049840211868286,0,0,1,1,1,0,1,1,0,15,20.0,100,27.29365079365053,0,0,0,0,0,0,0,0,0,0,0,0.0,0.0,1.0,0.0,0.0,0.0,0.0,0.0,0.0,0.0,0.0,0.0,0.0,0.0,-2,-2
224,1,-1,14.931328773498535,14.231298446655273,1.0629924535751345,0,0,1,1,1,0,1,1,0,14,20.0,100,27.29365079365053,0,0,0,0,0,0,0,0,0,0,0,0.0,1.0,0.0,0.0,0.0,0.0,0.0,0.0,0.0,0.0,0.0,0.0,0.0,0.0,-2,-2
223,1,-1,15.218318939208984,14.748114585876465,1.0731267929077148,0,0,1,1,1,0,1,1,0,14,20.0,100,27.29365079365053,0,0,0,0,0,0,0,0,0,0,0,0.0,0.0,1.0,0.0,0.0,0.0,0.0,0.0,0.0,0.0,0.0,0.0,0.0,0.0,-2,-2
222,1,-1,15.42392349243164,15.119577407836914,1.0796412229537964,0,0,1,1,1,0,1,1,0,13,20.0,100,29.15079365079339,0,0,0,0,0,0,0,0,0,0,0,1.0,0.0,1.0,0.0,0.0,0.0,0.0,0.0,0.0,0.0,0.0,0.0,0.0,0.0,-2,-2
221,1,-1,15.57273769378662,15.396628379821776,1.0932433605194092,0,0,1,1,1,0,1,1,0,13,20.0,100,32.15079365079339,0,0,0,0,0,0,0,0,0,0,0,0.0,0.0,1.0,0.0,0.0,0.0,0.0,0.0,0.0,0.0,0.0,0.0,0.0,0.0,-2,-2
