remaining_time,robot_mode,alarm,robot_x,robot_y,robot_theta,tree 1,tree 2,tree 3,tree 4,tree 5,tree 6,tree 7,tree 8,tree 9,battery_level,temperature,water_robot_tank,water_ground_tank,leak 1,leak 2,leak 3,leak 4,leak 5,leak 6,leak 7,leak 8,leak 9,direction,avancement,left,right,push,wrench,leak 1,leak 2,leak 3,leak 4,leak 5,leak 6,leak 7,leak 8,leak 9,rm_alarm,errors,shortcuts
430,1,-1,3.1820297241210938,-4.455658435821533,0.9931370615959167,1,1,1,0,1,0,1,1,0,15,20.0,0,0.7777777777777981,1,1,1,1,1,1,1,1,1,0,0,0.0,0.0,0.0,0.0,0.0,0.0,0.0,0.0,0.0,0.0,0.0,0.0,0.0,0.0,-2,-2
429,1,-1,4.093787670135498,-3.0600955486297607,0.9909200072288512,1,1,1,0,1,0,1,1,0,15,20.0,0,0.7777777777777981,1,1,1,1,1,1,1,1,1,0,0,0.0,0.0,0.0,0.0,0.0,0.0,0.0,0.0,0.0,0.0,0.0,0.0,0.0,0.0,-2,-2
428,1,-1,5.005614280700684,-1.6627984046936035,0.9920738339424132,1,1,1,0,1,0,1,1,0,14,20.0,0,0.7777777777777981,1,1,1,1,1,1,1,1,1,0,0,0.0,0.0,0.0,0.0,0.0,0.0,0.0,0.0,0.0,0.0,0.0,0.0,0.0,0.0,-2,-2
427,1,-1,5.871933937072754,-0.33515265583992004,0.9922775626182556,1,1,1,0,1,0,1,1,0,14,20.0,0,0.7777777777777981,1,1,1,1,1,1,1,1,1,0,0,0.0,0.0,0.0,0.0,0.0,0.0,0.0,0.0,0.0,0.0,0.0,0.0,0.0,0.0,-2,-2
426,1,-1,6.827792644500732,1.133901596069336,0.9930554032325744,1,1,1,0,1,0,1,1,0,13,20.0,0,0.7777777777777981,1,1,1,1,1,1,1,1,1,0,0,0.0,0.0,0.0,0.0,0.0,0.0,0.0,0.0,0.0,0.0,0.0,0.0,0.0,0.0,-2,-2
425,1,-1,7.720848083496094,2.5105788707733154,0.996379852294922,1,1,1,0,1,0,1,1,0,13,20.0,0,0.7777777777777981,1,1,1,1,1,1,1,1,1,0,0,0.0,0.0,0.0,0.0,0.0,0.0,0.0,0.0,0.0,0.0,0.0,0.0,0.0,0.0,-2,-2
424,1,-1,8.638469696044924,3.937506914138794,1.002890944480896,1,1,1,0,1,0,1,1,0,12,20.0,0,0.7777777777777981,1,1,1,1,1,1,1,1,1,0,0,0.0,0.0,0.0,0.0,0.0,0.0,0.0,0.0,0.0,0.0,0.0,0.0,0.0,0.0,-2,-2
423,1,-1,9.50643539428711,5.296970844268799,1.0075702667236328,1,1,1,0,1,0,1,1,1,12,20.0,0,0.7777777777777981,1,1,1,1,1,1,1,1,1,0,0,0.0,0.0,0.0,0.0,0.0,0.0,0.0,0.0,0.0,0.0,0.0,0.0,0.0,0.0,-2,-2
422,1,-1,10.472859382629396,6.8248958587646475,1.0121053457260132,1,1,1,0,1,0,1,1,1,11,20.0,0,0.7777777777777981,1,1,1,1,1,1,1,1,1,0,0,0.0,0.0,0.0,0.0,0.0,0.0,0.0,0.0,0.0,0.0,0.0,0.0,0.0,0.0,-2,-2
421,1,-1,11.356534957885742,8.240302085876465,1.0199735164642334,1,1,1,0,1,0,1,1,1,11,20.0,0,0.7777777777777981,1,1,1,1,1,1,1,1,1,0,0,0.0,0.0,0.0,0.0,0.0,0.0,0.0,0.0,0.0,0.0,0.0,0.0,0.0,0.0,-2,-2
