remaining_time,robot_mode,alarm,robot_x,robot_y,robot_theta,tree 1,tree 2,tree 3,tree 4,tree 5,tree 6,tree 7,tree 8,tree 9,battery_level,temperature,water_robot_tank,water_ground_tank,leak 1,leak 2,leak 3,leak 4,leak 5,leak 6,leak 7,leak 8,leak 9,direction,avancement,left,right,push,wrench,leak 1,leak 2,leak 3,leak 4,leak 5,leak 6,leak 7,leak 8,leak 9,rm_alarm,errors,shortcuts
490,1,-1,2.6816091537475586,13.755884170532227,-2.077594041824341,0,0,1,1,0,0,1,1,1,45,20.0,30,13.325396825396767,1,0,1,0,0,0,1,1,1,-0.04076923076923077,2.64,0.0,0.0,0.0,0.0,0.0,0.0,0.0,0.0,0.0,0.0,0.0,0.0,0.0,0.0, -1, -1
489,1,-1,2.6816091537475586,13.755884170532227,-2.077594041824341,0,0,1,1,0,0,1,1,1,45,20.0,30,10.547619047618989,1,0,1,0,0,0,1,1,1,-0.06625,2.5025,0.0,0.0,0.0,0.0,0.0,0.0,0.0,0.0,0.0,0.0,0.0,0.0,0.0,0.0, -1, -1
488,1,-1,1.1025938987731934,11.193071365356444,-2.2369306087493896,0,0,1,1,0,0,1,1,1,44,20.0,30,7.769841269841209,1,0,1,0,0,0,1,1,1,0.0,2.86,0.0,0.0,0.0,1.0,0.0,0.0,0.0,0.0,0.0,0.0,0.0,0.0,0.0,0.0, -1, -1
487,1,-1,0.16748568415641785,10.003644943237305,-2.2406206130981445,0,0,1,1,0,0,1,1,1,44,20.0,30,5.214285714285655,1,0,0,0,0,0,1,1,0,0,0,0.0,0.0,0.0,1.0,0.0,0.0,1.0,0.0,0.0,0.0,0.0,0.0,1.0,0.0, -1,2
486,1,-1,-0.5305695533752441,9.132889747619627,-2.251131534576416,0,0,1,1,0,0,1,1,1,43,20.0,30,3.992063492063433,1,0,0,0,0,0,0,0,0,0,0,0.0,0.0,0.0,1.0,0.0,0.0,0.0,0.0,0.0,0.0,1.0,1.0,0.0,0.0, -1,2
485,1,3,-1.0477445125579834,8.501240730285645,-2.264836311340332,0,0,1,0,0,0,1,1,1,43,20.0,20,3.7698412698412103,0,0,0,0,0,0,0,0,0,0,0,1.0,0.0,0.0,1.0,1.0,0.0,0.0,0.0,0.0,0.0,0.0,0.0,0.0,0.0, -1,3
484,1,-1,-1.4321690797805786,8.041156768798826,-2.2765674591064453,0,0,1,0,0,0,1,1,1,42,20.0,20,3.7698412698412103,0,0,0,0,0,0,0,0,0,0,0,1.0,0.0,0.0,0.0,0.0,0.0,0.0,0.0,0.0,0.0,0.0,0.0,0.0,0.0, -1,1
483,1,6,-0.02103906683623791,9.698983192443848,-2.2733690738677983,0,1,1,0,0,0,1,1,1,42,20.0,20,3.7698412698412103,0,0,0,0,0,0,0,0,0,0,0,0.0,0.0,0.0,0.0,0.0,0.0,0.0,0.0,0.0,0.0,0.0,0.0,0.0,1.0, click, -1
482,1,-1,0.8825476765632629,10.76984405517578,-2.2713420391082764,0,1,1,0,0,0,1,1,1,41,20.0,20,3.7698412698412103,0,0,0,0,0,0,0,0,0,0,0,0.0,0.0,0.0,0.0,0.0,0.0,0.0,0.0,0.0,0.0,0.0,0.0,0.0,0.0, -1, -1
481,1,-1,0.6278120279312134,9.73579216003418,-1.7465513944625854,0,1,1,0,0,0,1,1,1,41,20.0,20,3.7698412698412103,0,0,0,0,0,0,0,0,0,0,0,0.0,0.0,0.0,0.0,0.0,0.0,0.0,0.0,0.0,0.0,0.0,0.0,0.0,1.0, click, -1
