remaining_time,robot_mode,alarm,robot_x,robot_y,robot_theta,tree 1,tree 2,tree 3,tree 4,tree 5,tree 6,tree 7,tree 8,tree 9,battery_level,temperature,water_robot_tank,water_ground_tank,leak 1,leak 2,leak 3,leak 4,leak 5,leak 6,leak 7,leak 8,leak 9,direction,avancement,left,right,push,wrench,leak 1,leak 2,leak 3,leak 4,leak 5,leak 6,leak 7,leak 8,leak 9,rm_alarm,errors,shortcuts
260,1,-1,13.221209526062012,-13.395740509033205,-0.6544055938720703,1,0,1,0,1,0,1,0,1,33,20.0,90,52.63492063492055,0,0,0,0,0,0,0,0,0,0,0,1.0,1.0,0.0,0.0,0.0,0.0,0.0,0.0,0.0,0.0,0.0,0.0,0.0,0.0, -1,2
259,1,-1,14.15394115447998,-14.106624603271484,-0.6483201384544373,1,0,1,0,1,0,1,0,1,33,20.0,90,55.06349206349197,0,0,0,0,0,0,0,0,0,0,0,0.0,0.0,1.0,0.0,0.0,0.0,0.0,0.0,0.0,0.0,0.0,0.0,0.0,0.0, -1,1
258,1,-1,14.84199333190918,-14.621261596679688,-0.636206328868866,1,0,1,0,1,0,0,0,1,32,20.0,80,56.77777777777769,0,0,0,0,0,0,0,0,0,0,0,1.0,1.0,0.0,0.0,0.0,0.0,0.0,0.0,0.0,0.0,0.0,0.0,0.0,0.0, -1,2
257,1,-1,15.349581718444824,-14.99295425415039,-0.6284324526786804,1,0,1,0,1,0,0,0,1,32,20.0,80,60.20634920634912,0,0,0,0,0,0,0,0,0,0,0,0.0,0.0,1.0,0.0,0.0,0.0,0.0,0.0,0.0,0.0,0.0,0.0,0.0,0.0, -1,3
256,1,-1,13.649199485778807,-13.753551483154295,-0.6301292181015015,1,0,1,0,1,0,0,0,1,31,20.0,80,62.92063492063483,0,0,0,0,0,0,0,0,0,0,0,0.0,0.0,1.0,0.0,0.0,0.0,0.0,0.0,0.0,0.0,0.0,0.0,0.0,0.0, -1, -1
255,1,-1,13.649199485778807,-13.753551483154295,-0.6301292181015015,1,0,1,0,1,0,0,0,1,31,20.0,80,65.72222222222211,0,0,0,0,0,0,1,0,0,0,0,0.0,0.0,0.0,0.0,0.0,0.0,0.0,0.0,0.0,0.0,0.0,0.0,0.0,0.0, -1,1
254,1,-1,13.520492553710938,-13.657329559326172,-0.23972047865390775,1,0,1,0,1,0,0,0,1,30,20.0,80,68.30158730158718,0,0,0,0,0,0,1,0,0,0,0,0.0,0.0,1.0,1.0,0.0,0.0,0.0,0.0,0.0,0.0,0.0,0.0,0.0,0.0, -1,3
253,1,-1,13.521092414855955,-13.65456771850586,0.2916584014892578,1,0,1,0,1,0,0,0,1,30,20.0,80,70.3333333333332,0,0,0,0,0,0,0,0,0,0,0,0.0,0.0,0.0,0.0,0.0,0.0,0.0,0.0,0.0,0.0,1.0,0.0,0.0,0.0, -1,1
252,1,-1,13.524371147155762,-13.652458190917967,0.8066890239715576,1,0,1,0,1,0,0,0,1,29,20.0,80,71.76190476190467,0,0,0,0,0,0,0,0,0,0,0,0.0,0.0,1.0,0.0,0.0,0.0,0.0,0.0,0.0,0.0,0.0,0.0,0.0,0.0, -1,1
251,1,-1,13.52495002746582,-13.648672103881836,1.3472493886947632,1,0,1,0,1,0,0,0,1,29,20.0,80,72.47619047619038,0,0,0,0,0,0,0,0,0,0,0,0.0,0.0,1.0,0.0,0.0,0.0,0.0,0.0,0.0,0.0,0.0,0.0,0.0,0.0, -1,1
