remaining_time,robot_mode,alarm,robot_x,robot_y,robot_theta,tree 1,tree 2,tree 3,tree 4,tree 5,tree 6,tree 7,tree 8,tree 9,battery_level,temperature,water_robot_tank,water_ground_tank,leak 1,leak 2,leak 3,leak 4,leak 5,leak 6,leak 7,leak 8,leak 9,direction,avancement,left,right,push,wrench,leak 1,leak 2,leak 3,leak 4,leak 5,leak 6,leak 7,leak 8,leak 9,rm_alarm,errors,shortcuts
550,1,-1,1.1440925598144531,12.982402801513672,2.355199813842773,0,0,0,0,0,1,1,0,1,75,20.0,30,11.753968253968324,0,0,0,1,0,0,1,0,0,0,0,0.0,0.0,0.0,0.0,0.0,0.0,0.0,0.0,0.0,0.0,0.0,0.0,0.0,0.0, -1,-1
549,1,-1,0.6750117540359497,13.448070526123047,2.3684155941009517,0,0,0,0,0,1,1,0,1,75,20.0,30,10.642857142857217,0,0,0,1,0,0,1,0,0,0,0,1.0,0.0,0.0,0.0,0.0,0.0,0.0,0.0,0.0,0.0,0.0,0.0,0.0,0.0, -1,-1
548,1,-1,2.2301161289215092,11.929649353027346,2.3688385486602783,0,0,0,0,0,1,1,0,1,74,20.0,30,9.53174603174611,0,0,0,1,0,0,1,0,0,0,0,0.0,0.0,0.0,0.0,0.0,0.0,0.0,0.0,0.0,0.0,0.0,0.0,0.0,0.0, -1,-1
547,1,-1,2.2301161289215092,11.929649353027346,2.3688385486602783,0,0,0,0,0,1,1,0,1,74,20.0,30,8.420634920635003,0,0,0,1,0,0,1,0,0,0,0,1.0,0.0,0.0,0.0,0.0,0.0,0.0,0.0,0.0,0.0,0.0,0.0,0.0,0.0, -1,-1
546,1,-1,2.3432047367095947,11.818830490112305,2.771576166152954,0,0,0,0,0,1,1,0,1,73,20.0,30,7.309523809523893,0,0,0,1,0,0,1,0,0,0,0,0.0,0.0,0.0,0.0,0.0,0.0,0.0,0.0,0.0,0.0,0.0,0.0,0.0,0.0, -1,-1
545,1,-1,2.3429524898529053,11.8183012008667,-2.9895973205566406,0,0,0,0,0,1,1,0,1,73,20.0,30,6.198412698412781,0,0,0,1,0,0,1,0,0,0,0,0.0,0.0,0.0,0.0,0.0,0.0,0.0,0.0,0.0,0.0,0.0,0.0,0.0,0.0, -1,-1
544,1,-1,2.341862916946411,11.816795349121096,-2.4560508728027344,0,0,0,0,0,1,1,0,1,72,20.0,30,5.087301587301669,0,0,0,1,0,0,1,0,0,0,0,0.0,0.0,0.0,0.0,0.0,0.0,0.0,0.0,0.0,0.0,0.0,0.0,0.0,0.0, -1,-1
543,1,-1,2.342062473297119,11.817534446716307,-1.9331347942352293,0,0,0,0,0,1,1,0,1,72,20.0,30,3.976190476190557,0,0,0,1,0,0,1,0,0,0,0,0.0,0.0,0.0,0.0,0.0,0.0,0.0,0.0,0.0,0.0,0.0,0.0,0.0,0.0, -1,-1
542,1,-1,2.34102725982666,11.81910800933838,-1.4016605615615845,0,0,0,0,0,1,1,0,1,71,20.0,30,3.30952380952389,0,0,0,1,0,0,1,0,0,0,0,0.0,0.0,0.0,0.0,0.0,0.0,0.0,0.0,0.0,0.0,0.0,0.0,0.0,0.0, click,-1
541,1,-1,2.5518698692321777,11.396989822387695,-1.0853539705276491,0,0,0,0,0,1,1,0,1,71,20.0,30,2.420634920635001,0,0,0,1,0,0,1,0,0,0,0,0.0,0.0,0.0,0.0,0.0,0.0,0.0,0.0,0.0,0.0,0.0,0.0,0.0,0.0, -1,-1
