remaining_time,robot_mode,alarm,robot_x,robot_y,robot_theta,tree 1,tree 2,tree 3,tree 4,tree 5,tree 6,tree 7,tree 8,tree 9,battery_level,temperature,water_robot_tank,water_ground_tank,leak 1,leak 2,leak 3,leak 4,leak 5,leak 6,leak 7,leak 8,leak 9,direction,avancement,left,right,push,wrench,leak 1,leak 2,leak 3,leak 4,leak 5,leak 6,leak 7,leak 8,leak 9,rm_alarm,errors,shortcuts
480,1,-1,15.559188842773438,-12.464038848876953,-1.185572624206543,1,0,0,0,0,0,1,1,1,40,20.0,10,0.555555555555489,0,1,1,1,0,1,1,1,1,0,0,0.0,0.0,0.0,0.0,0.0,0.0,0.0,0.0,0.0,0.0,0.0,0.0,0.0,0.0,-1,-1
479,1,-1,15.559188842773438,-12.464038848876953,-1.185572624206543,1,0,0,0,0,0,1,1,1,40,20.0,10,0.555555555555489,0,1,1,1,0,1,1,1,1,0,0,0.0,0.0,0.0,0.0,0.0,0.0,0.0,0.0,0.0,0.0,0.0,0.0,0.0,0.0,-1,-1
478,1,-1,15.88803005218506,-13.282465934753418,-1.2003735303878784,1,0,0,0,0,0,0,1,1,39,20.0,0,0.555555555555489,0,1,1,1,0,1,1,1,1,0,0,0.0,0.0,0.0,0.0,0.0,0.0,0.0,0.0,0.0,0.0,0.0,0.0,0.0,0.0,-1,-1
477,1,-1,16.17093276977539,-14.010448455810547,-1.2001910209655762,1,0,0,0,0,0,0,1,1,39,20.0,0,0.555555555555489,0,1,1,1,0,1,1,1,1,0,0,0.0,0.0,0.0,0.0,0.0,0.0,0.0,0.0,0.0,0.0,0.0,0.0,0.0,0.0,-1,-1
476,1,-1,15.387081146240234,-11.98858642578125,-1.2016037702560425,1,0,0,0,0,0,0,1,1,38,20.0,0,0.555555555555489,0,1,1,1,0,1,1,1,1,0,0,0.0,0.0,0.0,0.0,0.0,0.0,0.0,0.0,0.0,0.0,0.0,0.0,0.0,0.0,-1,-1
475,1,-1,15.387081146240234,-11.98858642578125,-1.2016037702560425,1,0,0,0,0,0,0,1,1,38,20.0,0,0.555555555555489,0,1,1,1,0,1,1,1,1,0,0,0.0,0.0,0.0,0.0,0.0,0.0,0.0,0.0,0.0,0.0,0.0,0.0,0.0,0.0,-1,-1
474,1,-1,15.329544067382812,-11.841888427734375,-1.5741056203842163,1,0,0,0,0,0,0,1,1,37,20.0,0,0.555555555555489,0,1,1,1,0,1,1,1,1,0,0,0.0,0.0,0.0,0.0,0.0,0.0,0.0,0.0,0.0,0.0,0.0,0.0,0.0,0.0,-1,-1
473,1,-1,15.329437255859375,-11.846348762512207,-2.104663372039795,1,0,0,0,0,0,0,1,1,37,20.0,0,0.555555555555489,0,1,1,1,0,1,1,1,1,0,0,0.0,0.0,0.0,0.0,0.0,0.0,0.0,0.0,0.0,0.0,0.0,0.0,0.0,0.0,-1,-1
472,1,-1,15.326786994934082,-11.850622177124025,-2.651578664779663,1,0,0,0,0,0,0,1,1,36,20.0,0,0.555555555555489,0,1,1,1,0,1,1,1,1,0,0,0.0,0.0,0.0,0.0,0.0,0.0,0.0,0.0,0.0,0.0,0.0,0.0,0.0,0.0,-1,-1
471,1,-1,15.323636054992676,-11.852418899536133,-3.1035861968994136,1,0,0,1,0,0,0,1,1,36,20.0,0,0.555555555555489,0,1,1,1,0,1,1,1,1,0,0,0.0,0.0,0.0,0.0,0.0,0.0,0.0,0.0,0.0,0.0,0.0,0.0,0.0,0.0,-1,-1
