remaining_time,robot_mode,alarm,robot_x,robot_y,robot_theta,tree 1,tree 2,tree 3,tree 4,tree 5,tree 6,tree 7,tree 8,tree 9,battery_level,temperature,water_robot_tank,water_ground_tank,leak 1,leak 2,leak 3,leak 4,leak 5,leak 6,leak 7,leak 8,leak 9,direction,avancement,left,right,push,wrench,leak 1,leak 2,leak 3,leak 4,leak 5,leak 6,leak 7,leak 8,leak 9,rm_alarm,errors,shortcuts
570,1,-1,3.167814016342163,-10.68228530883789,-2.0258796215057373,0,0,1,0,1,0,0,1,1,85,20.0,50,28.888888888888783,0,0,0,0,0,0,1,0,0,0,0,0.0,0.0,0.0,0.0,0.0,0.0,0.0,0.0,0.0,0.0,1.0,0.0,0.0,0.0,-2,-2
569,1,-1,3.167814016342163,-10.68228530883789,-2.0258796215057373,0,0,1,0,1,0,0,1,1,85,20.0,50,28.333333333333236,0,0,0,0,0,0,1,0,0,0,0,0.0,0.0,0.0,0.0,0.0,0.0,0.0,0.0,0.0,0.0,1.0,0.0,0.0,0.0,-2,-2
568,1,-1,2.5817112922668457,-11.88165283203125,-2.0237703323364262,0,0,1,0,1,0,0,1,1,84,20.0,50,27.777777777777683,0,0,0,0,0,0,1,0,0,0,0,0.0,0.0,0.0,0.0,0.0,0.0,0.0,0.0,0.0,0.0,0.0,0.0,0.0,0.0,-2,-2
567,1,-1,2.0394692420959477,-12.998656272888185,-2.0187408924102783,0,0,1,0,1,0,0,1,1,84,20.0,50,27.22222222222213,0,0,0,0,0,0,1,0,0,0,0,0.0,0.0,0.0,0.0,0.0,0.0,0.0,0.0,0.0,0.0,0.0,0.0,0.0,0.0,-2,-2
566,1,-1,1.6468771696090698,-13.824243545532227,-2.0075325965881348,0,0,1,0,1,0,0,0,1,83,20.0,40,26.66666666666657,0,0,0,0,0,0,1,0,0,0,0,1.0,0.0,0.0,0.0,0.0,0.0,0.0,0.0,0.0,0.0,0.0,0.0,0.0,0.0,-2,-2
565,1,-1,1.368527889251709,-14.424159049987793,-1.9933172464370728,0,0,1,0,1,0,0,0,1,83,20.0,40,26.111111111111022,0,0,0,0,0,1,1,0,0,0,0,1.0,0.0,0.0,0.0,0.0,0.0,0.0,0.0,0.0,0.0,0.0,0.0,0.0,0.0,-2,-2
564,1,-1,2.258030891418457,-12.441473007202148,-1.9908901453018188,0,0,1,0,1,0,0,0,1,82,20.0,40,24.999999999999908,0,0,0,0,0,1,1,0,0,0,0,0.0,0.0,0.0,0.0,0.0,0.0,0.0,0.0,0.0,0.0,0.0,0.0,0.0,0.0,-2,-2
563,1,-1,2.258030891418457,-12.441473007202148,-1.9908901453018188,0,0,1,0,1,0,0,0,1,82,20.0,40,23.999999999999915,0,0,0,0,0,1,1,0,0,0,0,0.0,0.0,0.0,0.0,0.0,0.0,0.0,0.0,0.0,0.0,0.0,0.0,0.0,0.0,-2,-2
562,1,-1,2.3202712535858154,-12.29603385925293,-2.439539670944214,0,0,1,0,1,0,0,0,1,81,20.0,40,23.222222222222143,0,0,0,0,0,1,1,0,0,0,0,0.0,0.0,0.0,0.0,0.0,0.0,0.0,0.0,0.0,0.0,0.0,0.0,0.0,0.0,-2,-2
561,1,-1,2.2653334140777592,-12.311565399169922,-2.8684206008911133,0,0,1,0,1,0,0,0,1,81,20.0,40,22.111111111111036,0,0,0,0,0,1,1,0,0,0,0,0.0,0.0,0.0,0.0,0.0,0.0,0.0,0.0,0.0,0.0,0.0,0.0,0.0,0.0,-2,-2
