remaining_time,robot_mode,alarm,robot_x,robot_y,robot_theta,tree 1,tree 2,tree 3,tree 4,tree 5,tree 6,tree 7,tree 8,tree 9,battery_level,temperature,water_robot_tank,water_ground_tank,leak 1,leak 2,leak 3,leak 4,leak 5,leak 6,leak 7,leak 8,leak 9,direction,avancement,left,right,push,wrench,leak 1,leak 2,leak 3,leak 4,leak 5,leak 6,leak 7,leak 8,leak 9,rm_alarm,errors,shortcuts
590,1,-1,-0.4765869081020355,-9.446765899658203,-1.4074232578277588,0,0,0,1,0,0,0,0,0,95,20.0,60,37.22222222222214,0,0,0,0,0,0,0,1,0,0.0,2.86,0.0,0.0,0.0,0.0,0.0,0.0,0.0,0.0,0.0,0.0,0.0,0.0,0.0,0.0,-2,-2
589,1,-1,-0.4765869081020355,-9.446765899658203,-1.4074232578277588,0,0,0,1,0,0,0,0,0,95,20.0,80,16.66666666666658,0,0,0,0,0,0,0,1,0,0,0,0.0,0.0,0.0,0.0,0.0,0.0,0.0,0.0,0.0,0.0,0.0,0.0,0.0,0.0,-2,-2
588,1,-1,-0.2729484438896179,-10.43008041381836,-0.9520892500877379,0,0,0,1,1,0,0,0,0,94,20.0,90,6.1111111111110255,0,0,0,0,0,0,0,1,0,0,0,0.0,0.0,0.0,0.0,0.0,0.0,0.0,0.0,0.0,0.0,0.0,0.0,0.0,0.0,-2,-2
587,1,6,-0.2694348096847534,-10.430685997009276,-0.4574917554855346,0,0,0,1,1,0,0,0,0,94,20.0,90,5.555555555555471,0,0,0,0,0,0,0,1,0,0,0,0.0,0.0,0.0,1.0,0.0,0.0,0.0,0.0,0.0,0.0,0.0,0.0,0.0,0.0,-2,-2
586,1,-1,-0.2670448124408722,-10.433223724365234,0.03751203790307045,0,0,0,1,1,0,0,0,0,93,20.0,90,4.999999999999917,0,0,0,0,0,0,0,1,0,0,0,0.0,0.0,0.0,0.0,0.0,0.0,0.0,0.0,0.0,0.0,0.0,0.0,0.0,0.0,-2,-2
585,1,-1,-0.26162827014923096,-10.432645797729492,0.5332753658294678,0,0,0,1,1,0,0,0,0,93,20.0,90,4.444444444444366,0,0,0,0,0,0,0,1,0,0,0,0.0,0.0,0.0,1.0,0.0,0.0,0.0,0.0,0.0,0.0,0.0,0.0,0.0,1.0,-2,-2
584,1,-1,-0.2579782009124756,-10.430439949035645,1.0234199762344358,0,0,0,1,1,0,0,0,0,92,20.0,90,3.88888888888881,0,0,0,0,0,0,0,0,0,0,0,0.0,0.0,0.0,1.0,0.0,0.0,0.0,0.0,0.0,0.0,0.0,1.0,0.0,0.0,-2,-2
583,1,-1,-0.2567242980003357,-10.429792404174805,1.5229902267456057,0,0,0,1,1,0,0,0,0,92,20.0,90,3.88888888888881,0,0,0,0,0,0,0,0,0,0,0,0.0,1.0,0.0,0.0,0.0,0.0,0.0,0.0,0.0,0.0,0.0,0.0,0.0,0.0,-2,-2
582,1,-1,-0.332082599401474,-9.57209587097168,1.6821190118789673,0,0,0,1,1,0,1,0,0,91,20.0,90,3.88888888888881,0,0,0,0,0,0,0,0,0,0,0,0.0,0.0,1.0,0.0,0.0,0.0,0.0,0.0,0.0,0.0,0.0,0.0,0.0,0.0,-2,-2
581,1,-1,-0.5171301364898682,-7.886130809783935,1.6784203052520752,0,0,0,1,1,0,1,0,0,91,20.0,90,3.88888888888881,0,0,0,0,0,0,0,0,0,0,0,0.0,1.0,1.0,0.0,0.0,0.0,0.0,0.0,0.0,0.0,0.0,0.0,0.0,0.0,-2,-2
