remaining_time,robot_mode,alarm,robot_x,robot_y,robot_theta,tree 1,tree 2,tree 3,tree 4,tree 5,tree 6,tree 7,tree 8,tree 9,battery_level,temperature,water_robot_tank,water_ground_tank,leak 1,leak 2,leak 3,leak 4,leak 5,leak 6,leak 7,leak 8,leak 9,direction,avancement,left,right,push,wrench,leak 1,leak 2,leak 3,leak 4,leak 5,leak 6,leak 7,leak 8,leak 9,rm_alarm,errors,shortcuts
230,1,-1,9.627073287963867,15.484436988830565,-2.995662212371826,0,1,1,0,1,1,0,1,1,95,20.0,20,62.48412698412647,0,0,0,0,0,0,0,0,0,0,0,0.0,0.0,1.0,0.0,0.0,0.0,0.0,0.0,0.0,0.0,0.0,0.0,0.0,0.0,-2,-2
229,1,-1,8.665313720703125,15.832568168640135,2.7482759952545166,0,1,1,0,1,1,0,1,1,95,20.0,20,66.76984126984074,0,0,0,0,0,0,0,0,0,0,0,0.0,0.0,1.0,0.0,0.0,0.0,0.0,0.0,0.0,0.0,0.0,0.0,0.0,0.0,-2,-2
228,1,-1,8.49002742767334,15.908358573913574,2.708144426345825,0,1,1,0,1,1,0,1,1,94,20.0,20,67.19841269841218,0,0,0,0,0,0,0,0,0,0,0,1.0,0.0,1.0,0.0,0.0,0.0,0.0,0.0,0.0,0.0,0.0,0.0,0.0,0.0,-2,-2
227,1,-1,8.49002742767334,15.908358573913574,2.708144426345825,0,1,1,0,1,1,0,1,1,94,20.0,20,70.05555555555503,0,0,0,0,0,0,0,0,0,0,0,0.0,1.0,1.0,0.0,0.0,0.0,0.0,0.0,0.0,0.0,0.0,0.0,0.0,0.0,-2,-2
226,1,-1,8.489302635192871,15.90857982635498,3.1135470867156982,0,1,1,0,1,1,0,1,1,93,20.0,20,71.19841269841217,0,0,0,0,0,0,0,0,0,0,0,0.0,1.0,1.0,0.0,0.0,0.0,0.0,0.0,0.0,0.0,0.0,0.0,0.0,0.0,-2,-2
225,1,-1,7.463801860809326,15.818427085876465,-3.041529893875122,0,1,1,0,1,1,0,1,1,93,20.0,20,71.19841269841217,0,0,0,0,0,0,0,0,0,0,0,0.0,1.0,1.0,0.0,0.0,0.0,0.0,0.0,0.0,0.0,0.0,0.0,0.0,0.0,-2,-2
224,1,-1,5.803751468658447,15.649222373962402,-3.0359365940093994,0,1,1,0,1,1,0,1,1,92,20.0,20,72.05555555555502,0,0,0,0,0,0,0,0,0,0,0,0.0,0.0,1.0,0.0,0.0,0.0,0.0,0.0,0.0,0.0,0.0,0.0,0.0,0.0,-2,-2
223,1,-1,4.17402982711792,15.473329544067385,-3.0224480628967285,0,1,1,0,1,1,0,1,1,92,20.0,20,74.055555555555,0,0,0,0,0,0,0,0,0,0,0,0.0,0.0,1.0,0.0,0.0,0.0,0.0,0.0,0.0,0.0,0.0,0.0,0.0,0.0,-2,-2
222,1,-1,2.8643252849578857,15.315505027770994,-3.0207056999206543,0,1,1,0,1,1,0,1,1,91,20.0,20,76.6269841269836,0,0,0,0,0,0,0,0,0,0,0,0.0,0.0,1.0,0.0,0.0,0.0,0.0,0.0,0.0,0.0,0.0,0.0,0.0,0.0,-2,-2
221,1,-1,1.9433032274246216,15.19772720336914,-3.009974956512451,0,0,1,0,1,1,0,1,1,91,20.0,10,76.6269841269836,0,0,0,0,0,0,0,0,0,0,0,0.0,0.0,1.0,0.0,0.0,0.0,0.0,0.0,0.0,0.0,0.0,0.0,0.0,0.0,-2,-2
