remaining_time,robot_mode,alarm,robot_x,robot_y,robot_theta,tree 1,tree 2,tree 3,tree 4,tree 5,tree 6,tree 7,tree 8,tree 9,battery_level,temperature,water_robot_tank,water_ground_tank,leak 1,leak 2,leak 3,leak 4,leak 5,leak 6,leak 7,leak 8,leak 9,direction,avancement,left,right,push,wrench,leak 1,leak 2,leak 3,leak 4,leak 5,leak 6,leak 7,leak 8,leak 9,rm_alarm,errors,shortcuts
260,1,-1,0.262168824672699,-11.883113861083984,-0.4930960536003113,0,1,1,1,0,1,1,1,1,37,20.0,90,27.460317460315913,0,0,0,0,0,0,0,0,0,0,0,0.0,1.0,0.0,0.0,0.0,0.0,0.0,0.0,0.0,0.0,0.0,0.0,0.0,0.0, -1,1
259,1,-1,0.25992488861083984,-11.881226539611815,-0.9526406526565552,0,1,1,1,0,1,1,1,1,37,20.0,90,27.460317460315913,0,0,0,0,0,0,0,0,0,0,0,0.0,1.0,0.0,0.0,0.0,0.0,0.0,0.0,0.0,0.0,0.0,0.0,0.0,0.0, -1,1
258,1,-1,0.2577641010284424,-11.881752967834473,-1.3897095918655396,0,1,1,1,0,1,1,1,1,36,20.0,90,27.460317460315913,0,0,0,0,0,0,0,0,0,0,0,0.0,0.0,0.0,0.0,0.0,0.0,0.0,0.0,0.0,0.0,0.0,0.0,0.0,0.0, -1, -1
257,1,-1,0.3805408179759979,-12.947860717773438,-1.470942139625549,0,1,1,1,0,1,1,1,1,36,20.0,90,27.460317460315913,0,0,0,0,0,0,0,0,0,0,0,0.0,0.0,1.0,0.0,0.0,0.0,0.0,0.0,0.0,0.0,0.0,0.0,0.0,0.0, -1,1
256,1,-1,0.463435024023056,-13.798077583312988,-1.4781447649002075,0,1,1,1,0,1,1,0,1,35,20.0,80,28.460317460315913,0,0,0,0,0,0,0,0,0,0,0,1.0,0.0,1.0,0.0,0.0,0.0,0.0,0.0,0.0,0.0,0.0,0.0,0.0,0.0, -1,5
255,1,-1,0.5173549056053162,-14.42042350769043,-1.4865208864212036,0,1,1,1,0,1,1,0,1,35,20.0,80,28.460317460315913,0,0,0,0,0,0,0,0,0,0,0,1.0,0.0,0.0,0.0,0.0,0.0,0.0,0.0,0.0,0.0,0.0,0.0,0.0,0.0, -1,1
254,1,-1,0.5173549056053162,-14.42042350769043,-1.4865208864212036,0,1,1,1,0,1,1,0,1,34,20.0,80,28.460317460315913,0,0,0,0,0,0,0,0,0,0,0,0.0,0.0,0.0,0.0,0.0,0.0,0.0,0.0,0.0,0.0,0.0,0.0,0.0,0.0, -1, -1
253,1,-1,0.3614639639854431,-12.566245079040527,-1.0978429317474363,0,1,1,1,0,1,1,0,1,34,20.0,80,28.460317460315913,0,0,0,0,0,0,0,0,0,0,0,0.0,0.0,0.0,0.0,0.0,0.0,0.0,0.0,0.0,0.0,0.0,0.0,0.0,0.0, -1, -1
252,1,-1,0.3627696633338928,-12.566109657287598,-0.5694308280944824,0,1,1,1,0,1,1,0,1,33,20.0,80,28.460317460315913,0,0,0,0,0,0,0,0,0,0,0,0.0,0.0,0.0,0.0,0.0,0.0,0.0,0.0,0.0,0.0,0.0,0.0,0.0,0.0, -1, -1
251,1,-1,0.36567676067352295,-12.566191673278807,-0.10246561467647552,0,1,1,1,0,1,1,0,1,33,20.0,80,28.460317460315913,0,0,0,0,0,0,0,0,0,0,0,0.0,0.0,0.0,0.0,0.0,0.0,0.0,0.0,0.0,0.0,0.0,0.0,0.0,0.0, -1, -1
