remaining_time,robot_mode,alarm,robot_x,robot_y,robot_theta,tree 1,tree 2,tree 3,tree 4,tree 5,tree 6,tree 7,tree 8,tree 9,battery_level,temperature,water_robot_tank,water_ground_tank,leak 1,leak 2,leak 3,leak 4,leak 5,leak 6,leak 7,leak 8,leak 9,direction,avancement,left,right,push,wrench,leak 1,leak 2,leak 3,leak 4,leak 5,leak 6,leak 7,leak 8,leak 9,rm_alarm,errors,shortcuts
440,1,0,-2.138368368148804,9.7565279006958,1.3210444450378418,1,1,0,0,0,1,0,0,1,20,20.0,50,47.57142857142832,0,0,0,0,0,0,0,0,0,0,0,0.0,0.0,1.0,0.0,0.0,0.0,0.0,0.0,0.0,0.0,0.0,0.0,0.0,0.0, -1,13
439,1,-1,-2.1905803680419917,10.99600601196289,1.762006163597107,1,1,0,0,0,1,0,0,1,20,20.0,50,51.428571428571175,0,0,0,0,0,0,0,0,0,0,0,0.0,0.0,1.0,0.0,0.0,0.0,0.0,0.0,0.0,0.0,0.0,0.0,0.0,0.0, -1,28
438,1,-1,-2.1906001567840576,10.995747566223145,1.7619256973266602,1,1,0,0,1,1,0,0,1,19,31.335437457484723,50,55.14285714285688,0,0,0,0,0,0,0,0,0,0,0,0.0,0.0,1.0,0.0,0.0,0.0,0.0,0.0,0.0,0.0,0.0,0.0,0.0,0.0, -1,20
437,1,-1,-2.1906001567840576,10.995747566223145,1.7619256973266602,1,1,0,0,1,1,0,0,1,19,31.335437457484723,50,58.14285714285688,0,0,0,0,0,0,0,0,0,0,0,0.0,0.0,1.0,0.0,0.0,0.0,0.0,0.0,0.0,0.0,0.0,0.0,0.0,1.0, click,1
436,1,-1,-2.1897995471954346,10.99648380279541,1.3299723863601685,1,1,0,0,1,1,0,0,1,18,42.67071629555261,50,60.428571428571175,0,0,0,0,0,0,0,0,0,0,0,0.0,0.0,1.0,0.0,0.0,0.0,0.0,0.0,0.0,0.0,0.0,0.0,0.0,0.0, -1,5
435,1,-1,-2.1891024112701416,10.996106147766113,0.7924304604530334,1,1,0,0,1,1,0,0,1,18,54.0109545724431,50,61.999999999999744,0,0,0,0,0,0,0,0,0,0,0,0.0,0.0,1.0,0.0,0.0,0.0,0.0,0.0,0.0,0.0,0.0,0.0,0.0,0.0, -1,28
434,1,-1,-2.188199281692505,10.997634887695312,0.3576898872852325,1,1,0,0,1,1,0,0,1,17,65.34750509136778,50,63.71428571428546,0,0,0,0,0,0,0,0,0,0,0,0.0,0.0,1.0,0.0,0.0,0.0,0.0,0.0,0.0,0.0,0.0,0.0,0.0,0.0, -1,29
433,1,-1,-0.6277797818183899,11.505074501037598,0.3064933717250824,1,1,0,0,1,1,0,0,1,17,74.39399984913051,50,65.14285714285688,0,0,0,0,0,0,0,0,0,0,0,0.0,0.0,1.0,0.0,0.0,0.0,0.0,0.0,0.0,0.0,0.0,0.0,0.0,0.0, -1,8
432,1,-1,0.9614990949630736,12.01207447052002,0.3085085153579712,1,1,0,0,1,1,0,0,1,16,74.14565367172735,50,65.99999999999974,0,0,0,0,0,0,0,0,0,0,0,0.0,0.0,1.0,0.0,0.0,0.0,0.0,0.0,0.0,0.0,0.0,0.0,0.0,0.0, -1,6
431,1,-1,2.551947593688965,12.517601013183596,0.30362004041671753,1,1,0,0,1,1,0,0,1,16,74.57176504064303,50,67.57142857142831,0,0,0,0,0,0,0,0,0,0,0,0.0,0.0,1.0,0.0,0.0,0.0,0.0,0.0,0.0,0.0,0.0,0.0,0.0,0.0, -1,2
