remaining_time,robot_mode,alarm,robot_x,robot_y,robot_theta,tree 1,tree 2,tree 3,tree 4,tree 5,tree 6,tree 7,tree 8,tree 9,battery_level,temperature,water_robot_tank,water_ground_tank,leak 1,leak 2,leak 3,leak 4,leak 5,leak 6,leak 7,leak 8,leak 9,direction,avancement,left,right,push,wrench,leak 1,leak 2,leak 3,leak 4,leak 5,leak 6,leak 7,leak 8,leak 9,rm_alarm,errors,shortcuts
470,1,-1,-3.7645440101623535,-10.269638061523438,-0.011336334981024264,1,0,1,0,1,0,0,0,0,35,20.0,0,1.9841269841267448,0,0,0,1,0,0,1,1,0,0.265,1.43,0.0,0.0,1.0,0.0,0.0,0.0,0.0,0.0,0.0,0.0,0.0,0.0,0.0,0.0, -1,5
469,1,4,-3.7645440101623535,-10.269638061523438,-0.011336334981024264,1,0,1,0,1,0,0,0,0,35,20.0,0,0.9841269841267448,0,0,0,1,0,0,1,1,0,0.04818181818181819,2.5999999999999996,0.0,0.0,0.0,0.0,0.0,0.0,0.0,0.0,0.0,0.0,0.0,0.0,0.0,0.0, -1, -1
468,1,-1,-2.867622375488281,-10.219223976135254,0.07418560981750487,1,0,1,0,1,0,0,0,0,34,20.0,0,0.9841269841267448,0,0,0,1,0,0,1,1,0,0.0,2.86,0.0,0.0,0.0,0.0,0.0,0.0,0.0,0.0,0.0,0.0,0.0,0.0,0.0,0.0, -1, -1
467,1,-1,-2.128912210464477,-10.16366195678711,0.07619279623031616,1,0,1,0,1,0,0,0,0,34,20.0,0,0.9841269841267448,0,0,0,1,0,0,1,1,0,0,0,0.0,0.0,0.0,0.0,0.0,0.0,0.0,0.0,0.0,0.0,0.0,0.0,0.0,0.0, -1, -1
466,1,-1,-1.5881301164627075,-10.122064590454102,0.07764893025159836,1,0,1,0,1,0,0,0,0,33,20.0,0,0.9841269841267448,0,0,0,1,0,0,1,1,0,0,0,0.0,0.0,0.0,0.0,0.0,0.0,0.0,0.0,0.0,0.0,0.0,0.0,0.0,1.0, click, -1
465,1,-1,-1.1992477178573608,-10.0919189453125,0.07105714827775955,1,0,1,0,1,0,0,1,0,33,20.0,0,0.9841269841267448,1,0,0,1,0,0,1,1,0,0.53,0.0,0.0,0.0,0.0,0.0,0.0,0.0,0.0,0.0,0.0,0.0,0.0,0.0,0.0,0.0, -1, -1
464,1,-1,-0.9204005002975464,-10.07108211517334,0.07081948965787888,1,0,1,0,1,0,0,1,0,32,20.0,0,0.9841269841267448,1,0,0,1,0,0,1,1,0,0,0,1.0,0.0,0.0,0.0,0.0,0.0,0.0,0.0,0.0,0.0,0.0,0.0,0.0,0.0, -1,2
463,1,-1,-0.7030028104782104,-10.055407524108887,0.07312174886465073,1,0,1,0,1,0,0,1,0,32,20.0,0,0.9841269841267448,1,0,0,1,0,0,1,1,0,0,0,1.0,0.0,0.0,0.0,0.0,0.0,0.0,0.0,0.0,0.0,0.0,0.0,0.0,0.0, -1,3
462,1,-1,-0.5372722148895264,-10.043620109558104,0.06937878578901291,1,0,1,0,1,0,0,1,0,31,20.0,0,0.9841269841267448,1,0,0,1,0,0,1,1,0,0,0,0.0,0.0,0.0,0.0,0.0,0.0,0.0,0.0,0.0,0.0,0.0,0.0,0.0,0.0, -1, -1
461,1,-1,-0.4220063090324402,-10.035821914672852,0.06802652031183243,1,0,1,0,1,0,0,1,0,31,20.0,0,0.9841269841267448,1,0,0,1,0,0,1,1,0,0,0,0.0,0.0,0.0,0.0,0.0,0.0,0.0,0.0,0.0,0.0,0.0,0.0,0.0,0.0, -1, -1
