remaining_time,robot_mode,alarm,robot_x,robot_y,robot_theta,tree 1,tree 2,tree 3,tree 4,tree 5,tree 6,tree 7,tree 8,tree 9,battery_level,temperature,water_robot_tank,water_ground_tank,leak 1,leak 2,leak 3,leak 4,leak 5,leak 6,leak 7,leak 8,leak 9,direction,avancement,left,right,push,wrench,leak 1,leak 2,leak 3,leak 4,leak 5,leak 6,leak 7,leak 8,leak 9,rm_alarm,errors,shortcuts
510,1,-1,0.7699571251869202,-12.953420639038086,-1.6128273010253906,1,0,1,0,1,0,0,0,1,55,23.269780974024542,10,13.960317460317185,0,0,0,0,1,0,0,0,0,-0.031176470588235295,-2.6917647058823526,0.0,0.0,0.0,0.0,0.0,0.0,0.0,0.0,0.0,0.0,0.0,0.0,0.0,0.0, -1, -1
509,1,4,0.7699571251869202,-12.953420639038086,-1.6128273010253906,1,0,1,0,1,0,0,0,1,55,23.269780974024542,10,13.404761904761633,0,0,0,0,1,0,0,0,0,-0.53,0.0,0.0,0.0,0.0,0.0,0.0,0.0,0.0,0.0,0.0,0.0,0.0,0.0,0.0,0.0, -1, -1
508,1,-1,0.7675340175628662,-12.953369140625,-2.1275885105133057,1,0,1,0,1,0,0,0,1,54,20.0,10,12.849206349206078,0,0,0,0,1,0,0,0,0,-0.53,0.0,0.0,0.0,0.0,0.0,0.0,0.0,0.0,0.0,0.0,0.0,0.0,0.0,0.0,0.0, -1, -1
507,1,-1,0.7654198408126831,-12.95226001739502,-2.6901564598083496,1,0,1,0,1,0,0,0,1,54,20.0,10,12.293650793650524,0,0,0,0,1,0,0,0,0,0,0,0.0,0.0,0.0,0.0,0.0,0.0,0.0,0.0,0.0,0.0,0.0,0.0,0.0,0.0, -1, -1
506,1,-1,0.061102226376533515,-13.121763229370115,-2.926551818847656,1,0,1,0,1,0,0,0,1,53,20.0,10,11.73809523809497,0,0,0,0,1,0,0,0,0,0,0,0.0,0.0,0.0,0.0,0.0,0.0,0.0,0.0,0.0,0.0,0.0,0.0,0.0,0.0, -1, -1
505,1,-1,-1.5688512325286863,-13.475873947143555,-2.9290893077850337,1,0,1,0,1,0,0,0,1,53,20.0,10,11.182539682539415,0,0,0,0,1,1,0,0,0,0,0,0.0,0.0,0.0,0.0,0.0,0.0,0.0,0.0,0.0,0.0,0.0,0.0,0.0,1.0, click, -1
504,1,-1,-3.2008545398712163,-13.826784133911133,-2.9351966381073,1,0,1,0,1,0,0,0,1,52,20.0,10,10.07142857142831,0,0,0,0,1,1,0,0,0,0,0,0.0,0.0,0.0,0.0,0.0,0.0,0.0,0.0,0.0,0.0,0.0,0.0,0.0,0.0, down-up, -1
503,1,-1,-4.833791255950928,-14.17103385925293,-2.9394690990448,1,0,1,0,1,0,0,0,1,52,20.0,10,8.960317460317203,0,0,0,0,1,1,0,0,0,0,0,1.0,0.0,0.0,0.0,0.0,0.0,0.0,0.0,0.0,0.0,0.0,0.0,0.0,0.0, -1,2
502,1,-1,-6.468426704406737,-14.50777816772461,-2.945814847946167,1,0,1,0,1,0,0,0,1,51,20.0,10,7.849206349206095,0,0,0,0,1,1,0,0,0,0,0,1.0,0.0,0.0,0.0,0.0,0.0,0.0,0.0,0.0,0.0,0.0,0.0,0.0,0.0, -1,1
501,1,-1,-8.10651683807373,-14.824809074401855,-2.9515068531036377,1,0,1,0,1,0,0,0,1,51,20.0,10,6.738095238094982,0,0,0,0,1,1,0,0,0,0,0,0.0,0.0,0.0,0.0,0.0,0.0,0.0,0.0,0.0,0.0,0.0,0.0,0.0,0.0, -1, -1
