remaining_time,robot_mode,alarm,robot_x,robot_y,robot_theta,tree 1,tree 2,tree 3,tree 4,tree 5,tree 6,tree 7,tree 8,tree 9,battery_level,temperature,water_robot_tank,water_ground_tank,leak 1,leak 2,leak 3,leak 4,leak 5,leak 6,leak 7,leak 8,leak 9,direction,avancement,left,right,push,wrench,leak 1,leak 2,leak 3,leak 4,leak 5,leak 6,leak 7,leak 8,leak 9,rm_alarm,errors,shortcuts
130,1,-1,0.2942551970481873,-9.62760066986084,-2.2073514461517334,1,1,1,1,1,1,1,1,1,58,20.0,0,0.3571428571428573,0,1,0,0,0,0,0,0,0,0,0,0.0,0.0,0.0,1.0,0.0,0.0,0.0,0.0,0.0,0.0,0.0,1.0,0.0,0.0, -1,1
129,1,-1,0.2942551970481873,-9.62760066986084,-2.2073514461517334,1,1,1,1,1,1,1,1,1,58,20.0,0,0.07936507936507953,0,1,0,0,0,0,0,0,0,0,0,1.0,1.0,0.0,0.0,0.0,0.0,0.0,0.0,0.0,0.0,0.0,0.0,0.0,0.0, -1,2
128,1,-1,0.2368775010108948,-9.70472812652588,-2.21862530708313,1,1,1,1,1,1,1,1,1,57,20.0,0,0.0,0,0,0,0,0,0,0,0,0,0,0,0.0,1.0,0.0,1.0,0.0,1.0,0.0,0.0,0.0,0.0,0.0,0.0,0.0,0.0, -1,2
127,1,-1,0.19209811091423035,-9.76276683807373,-2.21863865852356,1,1,1,1,1,1,1,1,1,57,20.0,0,2.0,0,0,0,0,0,0,0,0,0,0,0,1.0,0.0,1.0,0.0,0.0,0.0,0.0,0.0,0.0,0.0,0.0,0.0,0.0,0.0, -1,3
126,1,-1,0.18409794569015506,-9.7733793258667,-2.2183732986450195,1,1,1,1,1,1,1,1,1,56,20.0,0,6.857142857142858,0,0,0,0,0,0,0,0,0,0,0,0.0,0.0,1.0,0.0,0.0,0.0,0.0,0.0,0.0,0.0,0.0,0.0,0.0,0.0, -1,4
125,1,-1,0.18409794569015506,-9.7733793258667,-2.2183732986450195,1,1,1,1,1,1,1,1,1,56,20.0,0,11.428571428571427,1,0,0,0,0,0,0,0,0,0,0,0.0,0.0,1.0,0.0,0.0,0.0,0.0,0.0,0.0,0.0,0.0,0.0,0.0,0.0, -1,5
124,1,-1,0.18409794569015506,-9.7733793258667,-2.2182695865631104,1,1,1,1,1,1,1,1,1,55,20.0,10,5.293650793650794,1,0,0,0,0,0,0,0,0,0,0,0.0,0.0,1.0,0.0,0.0,0.0,0.0,0.0,0.0,0.0,0.0,0.0,0.0,0.0, -1,4
123,1,-1,0.18409794569015506,-9.7733793258667,-2.2182695865631104,1,1,1,1,1,1,1,1,1,55,20.0,10,8.611111111111112,0,0,0,0,0,0,0,0,0,0,0,0.0,0.0,0.0,1.0,1.0,0.0,0.0,0.0,0.0,0.0,0.0,0.0,0.0,0.0, -1,1
122,1,-1,0.18409794569015506,-9.7733793258667,-2.218165874481201,1,1,1,1,1,1,1,1,1,54,20.0,20,1.3253968253968278,0,0,0,0,0,0,0,0,0,0,0,1.0,1.0,0.0,0.0,0.0,0.0,0.0,0.0,0.0,0.0,0.0,0.0,0.0,0.0, -1,3
121,1,-1,0.18409794569015506,-9.7733793258667,-2.218165874481201,1,1,1,1,1,1,1,1,1,54,20.0,20,3.3253968253968282,0,0,0,0,0,0,0,0,0,0,0,1.0,0.0,0.0,0.0,0.0,0.0,0.0,0.0,0.0,0.0,0.0,0.0,0.0,0.0, -1,1
