remaining_time,robot_mode,alarm,robot_x,robot_y,robot_theta,tree 1,tree 2,tree 3,tree 4,tree 5,tree 6,tree 7,tree 8,tree 9,battery_level,temperature,water_robot_tank,water_ground_tank,leak 1,leak 2,leak 3,leak 4,leak 5,leak 6,leak 7,leak 8,leak 9,direction,avancement,left,right,push,wrench,leak 1,leak 2,leak 3,leak 4,leak 5,leak 6,leak 7,leak 8,leak 9,rm_alarm,errors,shortcuts
510,1,-1,-16.434650421142578,-14.133098602294922,-1.770627498626709,0,0,1,0,0,0,1,1,0,55,22.551426817717655,20,56.444444444444116,1,0,0,0,0,0,0,0,0,0,0,0.0,0.0,0.0,0.0,0.0,0.0,0.0,0.0,0.0,0.0,0.0,0.0,0.0,0.0,-2,-2
509,1,-1,-16.434650421142578,-14.133098602294922,-1.770627498626709,0,0,1,0,0,0,1,1,0,55,22.551426817717655,20,55.88888888888855,1,0,0,0,0,0,0,0,0,0.0,2.86,0.0,0.0,0.0,0.0,0.0,0.0,0.0,0.0,0.0,0.0,0.0,0.0,0.0,0.0,-2,-2
508,1,-1,-16.433246612548828,-14.136761665344238,-1.3364617824554443,0,0,1,0,0,0,1,1,0,54,20.0,20,55.33333333333298,1,0,0,0,0,0,0,0,0,0,0,0.0,0.0,0.0,0.0,0.0,0.0,0.0,0.0,0.0,0.0,0.0,0.0,0.0,1.0,-2,-2
507,1,-1,-16.429376602172848,-14.140121459960938,-0.783610999584198,0,0,1,0,0,0,1,1,0,54,20.0,20,54.7777777777774,1,0,0,0,0,0,0,0,0,0,0,0.0,0.0,0.0,0.0,0.0,0.0,0.0,0.0,0.0,0.0,0.0,0.0,0.0,0.0,-2,-2
506,1,4,-16.427188873291016,-14.141302108764648,-0.2799495160579681,0,0,1,0,0,0,1,1,0,53,20.0,20,54.222222222221845,1,0,0,0,0,0,0,0,0,0.0,2.86,0.0,0.0,0.0,0.0,0.0,0.0,0.0,0.0,0.0,0.0,0.0,0.0,0.0,0.0,-2,-2
505,1,-1,-15.299996376037598,-14.317851066589355,-0.1468573361635208,0,0,1,0,0,0,1,1,0,53,20.0,20,53.66666666666626,1,0,0,0,0,0,0,0,0,-0.53,0.0,0.0,0.0,0.0,0.0,0.0,0.0,0.0,0.0,0.0,0.0,0.0,0.0,0.0,0.0,-2,-2
504,1,-1,-13.649076461791992,-14.562087059020994,-0.1448223888874054,0,0,1,0,0,0,1,1,0,52,20.0,20,53.11111111111071,1,0,0,0,0,0,0,0,0,0,0,0.0,0.0,0.0,0.0,0.0,0.0,0.0,0.0,0.0,0.0,0.0,0.0,0.0,1.0,-2,-2
503,1,-1,-12.025347709655762,-14.797405242919922,-0.14328011870384216,0,0,1,0,0,0,1,1,0,52,20.0,20,52.55555555555512,1,0,0,0,0,0,0,0,0,0,0,0.0,1.0,0.0,0.0,0.0,0.0,0.0,0.0,0.0,0.0,0.0,0.0,0.0,0.0,-2,-2
502,1,-1,-10.346762657165527,-15.039558410644533,-0.14322370290756226,0,0,1,0,0,0,1,1,0,51,20.0,20,51.999999999999545,1,0,0,0,0,0,0,0,0,0,0,0.0,1.0,0.0,0.0,0.0,0.0,0.0,0.0,0.0,0.0,0.0,0.0,0.0,0.0,-2,-2
501,1,-1,-8.693841934204103,-15.270808219909668,-0.1382734477519989,0,0,1,0,0,0,1,1,0,51,20.0,20,51.44444444444398,1,0,0,0,0,0,0,0,0,0,0,0.0,0.0,0.0,0.0,0.0,0.0,0.0,0.0,0.0,0.0,0.0,0.0,0.0,0.0,-2,-2
