remaining_time,robot_mode,alarm,robot_x,robot_y,robot_theta,tree 1,tree 2,tree 3,tree 4,tree 5,tree 6,tree 7,tree 8,tree 9,battery_level,temperature,water_robot_tank,water_ground_tank,leak 1,leak 2,leak 3,leak 4,leak 5,leak 6,leak 7,leak 8,leak 9,direction,avancement,left,right,push,wrench,leak 1,leak 2,leak 3,leak 4,leak 5,leak 6,leak 7,leak 8,leak 9,rm_alarm,errors,shortcuts
400,1,-1,3.0104367733001713,-5.726027965545653,1.0454317331314087,0,0,1,0,1,1,1,1,1,15,20.0,80,0.8492063492058569,1,0,0,1,1,0,0,0,0,0,0,0.0,0.0,0.0,0.0,0.0,0.0,0.0,0.0,0.0,0.0,0.0,0.0,0.0,0.0, -1, -1
399,1,-1,3.848592519760132,-4.2840633392333975,1.0407932996749878,0,0,1,0,1,1,1,1,1,15,20.0,80,0.8492063492058569,0,0,0,1,1,0,0,0,0,0,0,0.0,0.0,0.0,1.0,1.0,0.0,0.0,0.0,0.0,0.0,0.0,0.0,0.0,0.0, -1, -1
398,1,-1,4.734101295471191,-2.7728142738342285,1.041208028793335,0,0,1,0,1,1,1,1,1,14,20.0,80,0.8492063492058569,0,0,0,0,1,0,0,0,0,0,0,0.0,0.0,0.0,1.0,0.0,0.0,0.0,1.0,0.0,0.0,0.0,0.0,0.0,0.0, -1, -1
397,1,-1,5.579453468322754,-1.3343791961669922,1.0384095907211304,0,0,1,0,1,1,1,1,1,14,20.0,80,0.8492063492058569,0,0,0,0,0,0,0,0,0,0,0,0.0,0.0,0.0,1.0,0.0,0.0,0.0,0.0,1.0,0.0,0.0,0.0,0.0,0.0, -1, -1
396,1,-1,6.424714088439941,0.10464134067296982,1.0402969121932983,0,0,1,0,1,1,1,1,1,13,20.0,80,0.8492063492058569,0,0,0,0,0,0,0,0,0,0,0,1.0,0.0,0.0,0.0,0.0,0.0,0.0,0.0,0.0,0.0,0.0,0.0,0.0,0.0, -1,2
395,1,-1,7.2693071365356445,1.5433692932128906,1.0376307964324951,0,0,1,0,1,1,1,1,1,13,20.0,80,0.8492063492058569,0,0,0,0,0,0,0,0,0,0,0,0.0,0.0,0.0,0.0,0.0,0.0,0.0,0.0,0.0,0.0,0.0,0.0,0.0,0.0, -1, -1
394,1,-1,8.11666202545166,2.9805006980896,1.0379482507705688,0,0,1,0,1,1,1,1,1,12,20.0,80,0.8492063492058569,0,0,0,0,0,0,0,0,0,0,0,0.0,0.0,0.0,0.0,0.0,0.0,0.0,0.0,0.0,0.0,0.0,0.0,0.0,0.0, -1, -1
393,1,-1,8.963622093200684,4.418236255645752,1.0396329164505005,0,0,1,0,1,1,1,1,1,12,20.0,80,0.8492063492058569,0,0,0,0,0,0,0,0,0,0,0,0.0,0.0,0.0,0.0,0.0,0.0,0.0,0.0,0.0,0.0,0.0,0.0,0.0,0.0, -1, -1
392,1,-1,9.809820175170898,5.8565306663513175,1.0399982929229736,0,0,1,0,1,1,1,1,1,11,20.0,80,0.8492063492058569,0,0,0,0,0,0,0,0,0,0,0,0.0,1.0,0.0,0.0,0.0,0.0,0.0,0.0,0.0,0.0,0.0,0.0,0.0,0.0, -1,1
391,1,-1,10.658758163452148,7.293343067169189,1.0348014831542969,0,0,1,0,1,1,1,1,1,11,20.0,80,0.8492063492058569,0,0,0,0,0,0,0,0,0,0,0,1.0,0.0,1.0,0.0,0.0,0.0,0.0,0.0,0.0,0.0,0.0,0.0,0.0,0.0, -1,1
