remaining_time,robot_mode,alarm,robot_x,robot_y,robot_theta,tree 1,tree 2,tree 3,tree 4,tree 5,tree 6,tree 7,tree 8,tree 9,battery_level,temperature,water_robot_tank,water_ground_tank,leak 1,leak 2,leak 3,leak 4,leak 5,leak 6,leak 7,leak 8,leak 9,direction,avancement,left,right,push,wrench,leak 1,leak 2,leak 3,leak 4,leak 5,leak 6,leak 7,leak 8,leak 9,rm_alarm,errors,shortcuts
410,1,-1,0.7855344414710999,-9.609874725341797,3.0277099609375,0,0,1,0,1,1,1,1,1,20,20.0,20,68.29365079365033,1,0,0,0,0,0,0,0,0,0.0,-2.86,0.0,0.0,0.0,0.0,0.0,0.0,0.0,0.0,0.0,0.0,0.0,0.0,0.0,0.0, -1, -1
409,1,-1,0.7855558395385742,-9.60986042022705,3.0274949073791504,0,0,1,0,1,1,1,1,1,20,20.0,40,47.73809523809476,1,0,0,0,0,0,0,0,0,0,0,0.0,0.0,0.0,0.0,0.0,0.0,0.0,0.0,0.0,0.0,0.0,0.0,0.0,0.0, -1, -1
408,1,-1,0.7855558395385742,-9.60986042022705,3.0272812843322754,0,0,1,0,1,1,1,1,1,19,20.0,60,27.182539682539183,1,0,0,0,0,0,0,0,0,0,0,0.0,0.0,0.0,0.0,0.0,0.0,0.0,0.0,0.0,0.0,0.0,0.0,0.0,0.0, -1, -1
407,1,-1,0.7855558395385742,-9.60986042022705,3.0272812843322754,0,0,1,0,1,1,1,1,1,19,20.0,80,6.626984126983633,1,0,0,0,0,0,0,0,0,-0.53,0.0,0.0,0.0,0.0,0.0,0.0,0.0,0.0,0.0,0.0,0.0,0.0,0.0,0.0,0.0, -1, -1
406,1,-1,0.7915945053100586,-9.608357429504396,2.627547264099121,0,0,1,0,1,1,1,1,1,18,20.0,80,6.07142857142808,1,0,0,0,0,0,0,0,0,-0.53,0.0,0.0,0.0,0.0,0.0,0.0,0.0,0.0,0.0,0.0,0.0,0.0,0.0,0.0,0.0, -1, -1
405,1,-1,0.7972962260246277,-9.610092163085938,2.12442946434021,0,0,1,0,1,1,1,1,1,18,20.0,80,5.5158730158725255,1,0,0,0,1,0,0,0,0,-0.53,0.0,0.0,0.0,0.0,0.0,0.0,0.0,0.0,0.0,0.0,0.0,0.0,0.0,0.0,0.0, -1, -1
404,1,-1,0.7985848188400269,-9.612489700317383,1.6428709030151367,0,0,1,0,1,1,1,1,1,17,20.0,80,4.404761904761414,1,0,0,0,1,0,0,0,0,-0.53,0.0,0.0,0.0,0.0,0.0,0.0,0.0,0.0,0.0,0.0,0.0,0.0,0.0,0.0,0.0, -1, -1
403,1,4,0.8037718534469604,-9.611776351928713,1.1749962568283079,0,0,1,0,1,1,1,1,1,17,20.0,80,3.2936507936503023,1,0,0,0,1,0,0,0,0,0,0,0.0,0.0,0.0,0.0,0.0,0.0,0.0,0.0,0.0,0.0,0.0,0.0,0.0,1.0, click, -1
402,1,-1,1.3413748741149902,-8.613612174987793,1.0503863096237185,0,0,1,0,1,1,1,1,1,16,20.0,80,2.1825396825391907,1,0,0,0,1,0,0,0,0,0.0,2.86,0.0,0.0,0.0,0.0,0.0,0.0,0.0,0.0,0.0,0.0,0.0,0.0,0.0,0.0, -1, -1
401,1,-1,2.1739604473114014,-7.169675827026367,1.0459114313125608,0,0,1,0,1,1,1,1,1,16,20.0,80,1.0714285714280791,1,0,0,0,1,0,0,0,0,0,0,0.0,0.0,0.0,0.0,0.0,0.0,0.0,0.0,0.0,0.0,0.0,0.0,0.0,1.0, click, -1
