remaining_time,robot_mode,alarm,robot_x,robot_y,robot_theta,tree 1,tree 2,tree 3,tree 4,tree 5,tree 6,tree 7,tree 8,tree 9,battery_level,temperature,water_robot_tank,water_ground_tank,leak 1,leak 2,leak 3,leak 4,leak 5,leak 6,leak 7,leak 8,leak 9,direction,avancement,left,right,push,wrench,leak 1,leak 2,leak 3,leak 4,leak 5,leak 6,leak 7,leak 8,leak 9,rm_alarm,errors,shortcuts
530,1,-1,0.2887497544288635,-1.4353502988815308,2.0762157440185547,0,1,0,1,1,0,0,0,0,65,20.0,70,0.22222222222207927,0,0,0,0,0,0,1,1,1,0.0,2.86,0.0,0.0,0.0,0.0,0.0,0.0,0.0,0.0,0.0,0.0,0.0,0.0,0.0,0.0,-2,-2
529,1,-1,0.2887497544288635,-1.4353502988815308,2.0762157440185547,0,1,0,1,1,0,0,0,0,65,20.0,70,0.22222222222207927,0,0,0,0,0,0,1,1,1,-0.265,1.43,0.0,0.0,0.0,0.0,0.0,0.0,0.0,0.0,0.0,0.0,0.0,0.0,0.0,0.0,-2,-2
528,1,-1,-0.7051596641540527,0.6923956871032715,1.902722716331482,1,1,0,1,1,0,0,0,0,64,20.0,70,0.22222222222207927,0,0,0,0,0,0,1,1,1,0,0,0.0,0.0,0.0,0.0,0.0,0.0,0.0,0.0,0.0,0.0,0.0,0.0,0.0,0.0,-2,-2
527,1,-1,-1.2350667715072632,2.232419490814209,1.8945099115371704,1,1,0,1,1,0,0,0,0,64,20.0,70,0.22222222222207927,0,0,0,0,0,0,1,1,1,0,0,0.0,0.0,0.0,0.0,0.0,0.0,0.0,0.0,0.0,0.0,0.0,0.0,0.0,0.0,-2,-2
526,1,-1,-1.6185756921768188,3.3866851329803467,1.8825666904449463,1,1,0,1,1,0,0,0,0,63,20.0,70,0.22222222222207927,0,0,0,0,0,0,1,1,1,0,0,0.0,0.0,0.0,0.0,0.0,0.0,0.0,0.0,0.0,0.0,0.0,0.0,0.0,0.0,-2,-2
525,1,-1,-1.8951104879379272,4.24641752243042,1.8812905550003047,1,1,0,0,1,0,0,0,0,63,20.0,60,0.22222222222207927,0,0,1,0,0,0,1,1,1,0,0,0.0,0.0,0.0,0.0,0.0,0.0,0.0,0.0,0.0,0.0,0.0,0.0,0.0,0.0,-2,-2
524,1,-1,-2.096304655075073,4.887773990631104,1.8650230169296265,1,1,0,0,1,0,0,0,0,62,20.0,60,0.22222222222207927,0,0,1,0,0,0,1,1,1,0.0,2.86,0.0,0.0,0.0,0.0,0.0,0.0,0.0,0.0,0.0,0.0,0.0,0.0,0.0,0.0,-2,-2
523,1,4,-1.6422467231750488,3.3732573986053467,1.8625451326370241,1,1,0,0,1,0,0,0,0,62,20.0,60,0.22222222222207927,0,0,1,0,0,0,1,1,1,0.0,2.86,0.0,0.0,0.0,0.0,0.0,0.0,0.0,0.0,0.0,0.0,0.0,0.0,0.0,0.0,-2,-2
522,1,-1,-1.2220817804336548,1.9869097471237185,1.8673832416534424,1,1,0,0,1,0,0,1,0,61,20.0,60,0.22222222222207927,0,0,1,0,0,0,1,1,1,0,0,0.0,0.0,0.0,0.0,0.0,0.0,0.0,0.0,0.0,0.0,0.0,0.0,0.0,0.0,-2,-2
521,1,-1,-1.976258635520935,2.8567049503326416,2.3891160488128658,1,1,0,0,1,0,0,1,0,61,20.0,60,0.22222222222207927,0,0,1,0,0,0,1,1,1,0,0,0.0,0.0,0.0,0.0,0.0,0.0,0.0,0.0,0.0,0.0,0.0,0.0,0.0,0.0,-2,-2
