remaining_time,robot_mode,alarm,robot_x,robot_y,robot_theta,tree 1,tree 2,tree 3,tree 4,tree 5,tree 6,tree 7,tree 8,tree 9,battery_level,temperature,water_robot_tank,water_ground_tank,leak 1,leak 2,leak 3,leak 4,leak 5,leak 6,leak 7,leak 8,leak 9,direction,avancement,left,right,push,wrench,leak 1,leak 2,leak 3,leak 4,leak 5,leak 6,leak 7,leak 8,leak 9,rm_alarm,errors,shortcuts
420,1,-1,16.196271896362305,15.470985412597654,1.7745692729949951,1,1,1,1,1,1,0,1,1,10,20.0,20,23.23015873015871,0,0,0,0,0,0,0,0,0,0,0,0.0,1.0,0.0,0.0,0.0,0.0,0.0,0.0,0.0,0.0,0.0,0.0,0.0,0.0,-2,-2
419,1,-1,16.15596580505371,15.662796974182127,1.7812763452529907,1,1,1,1,1,1,0,1,1,20,20.0,20,26.23015873015872,0,0,0,0,0,0,0,0,0,0,0,1.0,0.0,1.0,0.0,0.0,0.0,0.0,0.0,0.0,0.0,0.0,0.0,0.0,0.0,-2,-2
418,1,-1,16.124847412109375,15.804353713989258,1.791816473007202,1,1,1,1,1,1,0,1,1,29,20.0,20,28.94444444444443,0,0,0,0,0,0,0,0,0,0,0,0.0,1.0,0.0,0.0,0.0,0.0,0.0,0.0,0.0,0.0,0.0,0.0,0.0,0.0,-2,-2
417,1,-1,16.101356506347653,15.907795906066895,1.8030643463134768,1,1,1,1,1,1,0,1,1,39,20.0,20,30.94444444444442,0,0,0,0,0,0,0,0,0,0,0,1.0,0.0,0.0,0.0,0.0,0.0,0.0,0.0,0.0,0.0,0.0,0.0,0.0,0.0,-2,-2
416,1,-1,16.08331298828125,15.983489990234375,1.804678440093994,1,1,1,1,1,1,0,1,1,48,20.0,20,32.23015873015871,0,0,0,0,0,0,0,0,0,0,0,0.0,0.0,0.0,0.0,0.0,0.0,0.0,0.0,0.0,0.0,0.0,0.0,0.0,0.0,-2,-2
415,1,-1,16.07735824584961,16.008712768554688,1.804755449295044,1,1,1,1,1,1,0,1,1,58,20.0,20,32.80158730158728,0,0,0,0,0,0,0,0,0,0,0,1.0,0.0,0.0,0.0,0.0,0.0,0.0,0.0,0.0,0.0,0.0,0.0,0.0,0.0,-2,-2
414,1,-1,16.07735824584961,16.008712768554688,1.804755449295044,1,1,1,1,1,1,0,1,1,67,20.0,20,36.65873015873015,0,0,0,0,0,0,0,0,0,0,0,0.0,1.0,1.0,0.0,0.0,0.0,0.0,0.0,0.0,0.0,0.0,0.0,0.0,0.0,-2,-2
413,1,-1,16.07735824584961,16.008712768554688,1.8046104907989504,1,1,1,1,1,1,0,1,1,77,20.0,20,39.80158730158728,0,0,0,0,0,0,0,0,0,0,0,0.0,1.0,0.0,0.0,0.0,0.0,0.0,0.0,0.0,0.0,0.0,0.0,0.0,0.0,-2,-2
412,1,-1,16.07735824584961,16.008712768554688,1.8046104907989504,1,1,1,1,1,1,0,1,1,86,20.0,20,42.23015873015871,0,0,0,0,0,0,0,0,0,0,0,1.0,0.0,1.0,0.0,0.0,0.0,0.0,0.0,0.0,0.0,0.0,0.0,0.0,0.0,-2,-2
411,1,-1,16.07735824584961,16.008712768554688,1.8044633865356443,1,1,1,1,1,1,0,1,1,96,20.0,20,44.944444444444414,0,0,0,0,0,0,0,0,0,0,0,0.0,0.0,1.0,0.0,0.0,0.0,0.0,0.0,0.0,0.0,0.0,0.0,0.0,0.0,-2,-2
