remaining_time,robot_mode,alarm,robot_x,robot_y,robot_theta,tree 1,tree 2,tree 3,tree 4,tree 5,tree 6,tree 7,tree 8,tree 9,battery_level,temperature,water_robot_tank,water_ground_tank,leak 1,leak 2,leak 3,leak 4,leak 5,leak 6,leak 7,leak 8,leak 9,direction,avancement,left,right,push,wrench,leak 1,leak 2,leak 3,leak 4,leak 5,leak 6,leak 7,leak 8,leak 9,rm_alarm,errors,shortcuts
130,1,-1,7.67983341217041,-5.242908000946045,2.3137693405151367,1,1,1,1,1,0,0,0,1,71,20.0,50,24.642857142856425,0,0,0,0,0,0,0,0,0,0,0,0.0,1.0,0.0,0.0,0.0,0.0,0.0,0.0,0.0,0.0,0.0,0.0,0.0,0.0,-2,-2
129,1,-1,6.555619239807129,-4.010317325592041,2.3094289302825928,1,1,1,1,1,0,0,0,1,71,20.0,50,24.642857142856425,0,0,0,0,0,0,0,0,0,0,0,0.0,0.0,0.0,0.0,0.0,0.0,0.0,0.0,0.0,0.0,0.0,0.0,0.0,0.0,-2,-2
128,1,-1,5.43419361114502,-2.774892807006836,2.3051917552948,1,1,1,1,1,0,0,0,1,70,20.0,50,24.642857142856425,0,0,0,0,0,0,0,0,0,0,0,0.0,0.0,1.0,0.0,0.0,0.0,0.0,0.0,0.0,0.0,0.0,0.0,0.0,0.0,-2,-2
127,1,-1,4.3198275566101065,-1.5326071977615356,2.296243906021118,1,1,1,1,1,0,0,0,1,70,20.0,50,24.642857142856425,0,0,0,0,0,0,0,0,0,0,0,0.0,1.0,1.0,0.0,0.0,0.0,0.0,0.0,0.0,0.0,0.0,0.0,0.0,0.0,-2,-2
126,1,-1,3.2143380641937256,-0.2826459109783173,2.2949581146240234,1,1,1,1,1,0,0,0,1,69,20.0,50,24.642857142856425,0,0,0,0,0,0,0,0,0,0,0,0.0,0.0,1.0,0.0,0.0,0.0,0.0,0.0,0.0,0.0,0.0,0.0,0.0,0.0,-2,-2
125,1,-1,2.113626718521118,0.9706190824508668,2.285235643386841,1,1,1,1,1,0,0,0,1,69,20.0,50,26.214285714285,0,0,0,0,0,0,0,0,0,0,0,1.0,0.0,1.0,0.0,0.0,0.0,0.0,0.0,0.0,0.0,0.0,0.0,0.0,0.0,-2,-2
124,1,-1,1.0387924909591677,2.21072006225586,2.2792868614196777,1,1,1,1,1,0,0,0,1,68,20.0,50,29.35714285714214,0,0,0,0,0,0,0,0,0,0,0,0.0,0.0,1.0,0.0,0.0,0.0,0.0,0.0,0.0,0.0,0.0,0.0,0.0,0.0,-2,-2
123,1,-1,0.04122919961810112,3.3832778930664062,2.272816896438598,1,1,1,1,1,0,0,0,1,68,20.0,50,32.785714285713574,0,0,0,0,0,0,0,0,0,0,0,1.0,0.0,1.0,0.0,0.0,0.0,0.0,0.0,0.0,0.0,0.0,0.0,0.0,0.0,-2,-2
122,1,-1,-0.6729845404624939,4.2403531074523935,2.256865262985229,1,1,1,1,1,0,0,0,1,67,20.0,50,35.64285714285642,0,0,0,0,0,0,0,0,0,0,0,0.0,0.0,1.0,0.0,0.0,0.0,0.0,0.0,0.0,0.0,0.0,0.0,0.0,0.0,-2,-2
121,1,-1,-1.189166784286499,4.873631954193115,2.2491371631622314,1,1,1,0,1,0,0,0,1,67,20.0,40,37.785714285713574,0,0,0,0,0,0,0,0,0,0,0,0.0,0.0,1.0,0.0,0.0,0.0,0.0,0.0,0.0,0.0,0.0,0.0,0.0,0.0,-2,-2
