remaining_time,robot_mode,alarm,robot_x,robot_y,robot_theta,tree 1,tree 2,tree 3,tree 4,tree 5,tree 6,tree 7,tree 8,tree 9,battery_level,temperature,water_robot_tank,water_ground_tank,leak 1,leak 2,leak 3,leak 4,leak 5,leak 6,leak 7,leak 8,leak 9,direction,avancement,left,right,push,wrench,leak 1,leak 2,leak 3,leak 4,leak 5,leak 6,leak 7,leak 8,leak 9,rm_alarm,errors,shortcuts
510,1,-1,-4.446576118469238,12.543601989746096,0.0628800243139267,0,0,0,1,1,0,0,1,0,55,20.0,10,0.5555555555554641,0,0,0,1,1,1,0,1,1,0,0,0.0,0.0,0.0,0.0,0.0,0.0,0.0,0.0,0.0,0.0,0.0,0.0,0.0,0.0, -1,-1
509,1,-1,-4.445784091949463,12.542119979858398,-0.4586531519889832,0,0,0,1,1,0,0,1,0,55,20.0,10,0.5555555555554641,0,0,0,1,1,1,0,1,1,0,0,0.0,0.0,0.0,0.0,0.0,0.0,0.0,0.0,0.0,0.0,0.0,0.0,0.0,0.0, -1,-1
508,1,-1,-4.0225000381469735,12.232714653015135,-0.658150315284729,0,0,0,1,1,0,0,1,0,54,20.0,10,0.5555555555554641,0,0,0,1,1,1,0,1,1,0,0,0.0,0.0,0.0,0.0,0.0,0.0,0.0,0.0,0.0,0.0,0.0,0.0,0.0,0.0, -1,-1
507,1,-1,-3.3082664012908936,11.67789363861084,-0.6655316948890686,0,0,0,1,0,0,0,1,0,54,20.0,0,0.5555555555554641,0,0,0,1,1,1,0,1,1,0,0,0.0,0.0,0.0,0.0,0.0,0.0,0.0,0.0,0.0,0.0,0.0,0.0,0.0,0.0, -1,-1
506,1,-1,-2.791088342666626,11.26786994934082,-0.6759787201881409,0,0,0,1,0,0,0,1,0,53,20.0,0,0.5555555555554641,0,0,0,1,1,1,0,1,1,0,0,0.0,0.0,0.0,0.0,0.0,0.0,0.0,0.0,0.0,0.0,0.0,0.0,0.0,0.0, -1,-1
505,1,-1,-2.791088342666626,11.26786994934082,-0.6759787201881409,0,0,0,1,0,0,0,1,0,53,20.0,0,0.5555555555554641,0,0,0,1,1,1,0,1,1,0,0,0.0,0.0,0.0,0.0,0.0,0.0,0.0,0.0,0.0,0.0,0.0,0.0,0.0,0.0, -1,-1
504,1,-1,-3.7142741680145264,12.012289047241213,-1.1028527021408079,0,0,0,1,0,0,0,1,0,52,20.0,0,0.5555555555554641,0,0,0,1,1,1,0,1,1,0,0,0.0,0.0,0.0,0.0,0.0,0.0,0.0,0.0,0.0,0.0,0.0,0.0,0.0,0.0, -1,-1
503,1,-1,-3.615742683410645,11.57886791229248,-1.3657584190368652,0,0,0,1,0,0,0,1,0,52,20.0,0,0.5555555555554641,0,0,0,1,1,1,0,1,1,0,0,0.0,0.0,0.0,0.0,0.0,0.0,0.0,0.0,0.0,0.0,0.0,0.0,0.0,0.0, -1,-1
502,1,-1,-3.294813632965088,9.941205024719238,-1.3798518180847168,0,0,0,1,0,0,0,1,0,51,20.0,0,0.5555555555554641,0,0,0,1,1,1,0,1,1,0,0,0.0,0.0,0.0,0.0,0.0,0.0,0.0,0.0,0.0,0.0,0.0,0.0,0.0,0.0, -1,-1
501,1,-1,-3.337315082550049,10.158651351928713,-1.3781412839889526,0,0,0,1,0,0,0,1,0,51,20.0,0,0.5555555555554641,0,0,0,1,1,1,0,1,1,0,0,0.0,0.0,0.0,0.0,0.0,0.0,0.0,0.0,0.0,0.0,0.0,0.0,0.0,0.0, -1,-1
