remaining_time,robot_mode,alarm,robot_x,robot_y,robot_theta,tree 1,tree 2,tree 3,tree 4,tree 5,tree 6,tree 7,tree 8,tree 9,battery_level,temperature,water_robot_tank,water_ground_tank,leak 1,leak 2,leak 3,leak 4,leak 5,leak 6,leak 7,leak 8,leak 9,direction,avancement,left,right,push,wrench,leak 1,leak 2,leak 3,leak 4,leak 5,leak 6,leak 7,leak 8,leak 9,rm_alarm,errors,shortcuts
500,1,-1,15.170954704284668,-13.124320030212402,-0.12163353711366652,0,0,0,1,1,0,1,0,1,50,24.865840526866897,20,100.0,0,0,0,0,1,0,0,0,0,-0.53,0.0,0.0,0.0,0.0,0.0,0.0,0.0,0.0,0.0,0.0,0.0,0.0,0.0,0.0,0.0,-2,-2
499,1,-1,15.170954704284668,-13.124320030212402,-0.12163353711366652,0,0,0,1,1,0,1,0,1,50,24.865840526866897,20,99.44444444444444,0,0,0,0,1,0,0,0,0,-0.53,0.0,0.0,0.0,0.0,0.0,0.0,0.0,0.0,0.0,0.0,0.0,0.0,0.0,0.0,0.0,-2,-2
498,1,-1,15.171008110046387,-13.126784324645994,-0.7280037403106691,0,0,0,1,1,0,1,0,1,49,22.497791751641252,20,98.88888888888886,0,0,0,0,1,0,0,0,0,-0.53,0.0,0.0,0.0,0.0,0.0,0.0,0.0,0.0,0.0,0.0,0.0,0.0,0.0,0.0,0.0,-2,-2
497,1,-1,15.322609901428224,-13.35396957397461,-1.001037359237671,0,0,0,1,1,0,1,0,1,49,21.947325478032255,20,98.33333333333329,0,0,0,0,1,0,0,0,0,0,0,0.0,0.0,0.0,0.0,0.0,0.0,0.0,0.0,0.0,0.0,0.0,0.0,0.0,0.0,-2,-2
496,1,-1,15.747139930725098,-14.041329383850098,-1.0185712575912476,0,0,0,1,1,0,0,0,1,48,20.0,10,97.77777777777771,0,0,0,0,1,0,0,0,0,0,0,0.0,0.0,0.0,0.0,0.0,0.0,0.0,0.0,0.0,0.0,0.0,0.0,0.0,0.0,-2,-2
495,1,-1,16.04616355895996,-14.538917541503904,-1.0334937572479248,0,0,0,1,1,0,0,0,1,48,20.0,10,97.22222222222214,0,0,1,0,1,0,0,0,0,0,0,0.0,0.0,0.0,0.0,0.0,0.0,0.0,0.0,0.0,0.0,0.0,0.0,0.0,0.0,-2,-2
494,1,-1,14.909059524536133,-12.625715255737305,-1.034188747406006,0,0,0,1,1,0,0,0,1,47,20.0,10,96.11111111111099,0,0,1,0,1,0,0,0,0,0,0,0.0,0.0,0.0,0.0,0.0,0.0,0.0,0.0,0.0,0.0,0.0,0.0,0.0,0.0,-2,-2
493,1,-1,14.909059524536133,-12.625715255737305,-1.034188747406006,0,0,0,1,1,0,0,0,1,47,20.0,10,94.99999999999987,0,0,1,0,1,0,0,0,0,-0.53,0.0,0.0,0.0,0.0,0.0,0.0,0.0,0.0,0.0,0.0,0.0,0.0,0.0,0.0,0.0,-2,-2
492,1,4,14.847105026245115,-12.527508735656738,-1.461568832397461,0,0,0,1,1,0,0,0,1,46,20.0,10,93.88888888888872,0,0,1,0,1,0,0,0,0,-0.53,0.0,0.0,0.0,0.0,0.0,0.0,0.0,0.0,0.0,0.0,0.0,0.0,0.0,0.0,0.0,-2,-2
491,1,-1,14.843893051147461,-12.530904769897461,-1.9930361509323118,0,0,0,1,1,0,0,0,1,46,20.0,10,92.77777777777756,0,0,1,0,1,0,0,0,0,0,0,0.0,0.0,0.0,0.0,0.0,0.0,0.0,0.0,0.0,0.0,0.0,0.0,0.0,0.0,-2,-2
