remaining_time,robot_mode,alarm,robot_x,robot_y,robot_theta,tree 1,tree 2,tree 3,tree 4,tree 5,tree 6,tree 7,tree 8,tree 9,battery_level,temperature,water_robot_tank,water_ground_tank,leak 1,leak 2,leak 3,leak 4,leak 5,leak 6,leak 7,leak 8,leak 9,direction,avancement,left,right,push,wrench,leak 1,leak 2,leak 3,leak 4,leak 5,leak 6,leak 7,leak 8,leak 9,rm_alarm,errors,shortcuts
570,1,-1,8.557456970214844,12.63302516937256,0.4910257160663605,1,0,1,0,0,0,0,0,0,85,20.0,40,19.44444444444442,0,0,1,0,0,1,0,0,1,0,0,0.0,0.0,0.0,0.0,0.0,0.0,0.0,0.0,0.0,0.0,0.0,0.0,0.0,0.0, -1, -1
569,1,-1,10.058494567871094,13.424571990966795,0.4791671335697174,1,0,1,0,0,0,0,0,0,85,20.0,40,17.77777777777776,0,0,1,0,0,1,0,0,1,0,0,0.0,0.0,0.0,0.0,0.0,0.0,0.0,0.0,0.0,0.0,0.0,0.0,0.0,0.0, -1, -1
568,1,-1,11.517782211303713,14.17874526977539,0.4681826829910278,1,0,1,0,0,0,0,0,0,84,20.0,40,16.1111111111111,0,0,1,0,0,1,0,0,1,0,0,0.0,0.0,0.0,0.0,0.0,0.0,0.0,0.0,0.0,0.0,0.0,0.0,0.0,0.0, -1, -1
567,1,-1,12.658125877380373,14.755034446716307,0.4571222960948944,1,0,1,0,0,0,0,0,0,84,20.0,40,14.44444444444443,0,0,1,0,0,1,0,0,1,0,0,0.0,0.0,0.0,0.0,0.0,0.0,0.0,0.0,0.0,0.0,0.0,0.0,0.0,0.0, -1, -1
566,1,6,13.516318321228027,15.17233657836914,0.4519276022911072,1,0,1,0,0,0,0,0,0,83,20.0,40,12.77777777777776,0,0,1,0,0,1,0,0,1,0,0,0.0,0.0,0.0,0.0,0.0,0.0,0.0,0.0,0.0,0.0,0.0,0.0,0.0,0.0, -1, -1
565,1,-1,14.14686679840088,15.477351188659668,0.4471714496612549,1,0,1,0,0,0,0,0,0,83,20.0,40,11.111111111111093,0,0,1,0,0,1,0,0,1,0,0,0.0,0.0,0.0,0.0,0.0,0.0,0.0,0.0,0.0,0.0,0.0,0.0,0.0,0.0, -1, -1
564,1,-1,14.608756065368652,15.695590019226074,0.43294617533683777,1,0,1,0,0,0,0,0,0,82,20.0,40,9.444444444444422,0,0,1,0,0,1,0,0,1,0,0,0.0,0.0,0.0,0.0,0.0,0.0,0.0,0.0,0.0,0.0,0.0,0.0,0.0,0.0, -1, -1
563,1,-1,14.939668655395508,15.850872039794922,0.4177632927894592,1,0,1,0,0,0,0,0,0,82,20.0,40,7.777777777777753,0,0,1,0,0,1,0,0,1,0,0,0.0,0.0,0.0,0.0,0.0,0.0,0.0,0.0,0.0,0.0,0.0,0.0,0.0,1.0, click, -1
562,1,-1,15.189783096313475,15.965893745422365,0.4114943742752075,1,0,1,0,0,0,0,0,0,81,20.0,40,6.111111111111088,0,0,1,0,0,1,0,0,1,0,0,0.0,0.0,0.0,0.0,0.0,0.0,0.0,0.0,0.0,0.0,0.0,0.0,0.0,0.0, -1, -1
561,1,-1,15.377707481384276,16.047321319580078,0.4037837088108063,1,0,1,0,0,0,0,0,0,91,20.0,40,4.444444444444422,0,0,1,0,0,1,0,0,1,0,0,0.0,0.0,0.0,0.0,0.0,0.0,0.0,0.0,0.0,0.0,0.0,0.0,0.0,0.0, -1, -1
