remaining_time,robot_mode,alarm,robot_x,robot_y,robot_theta,tree 1,tree 2,tree 3,tree 4,tree 5,tree 6,tree 7,tree 8,tree 9,battery_level,temperature,water_robot_tank,water_ground_tank,leak 1,leak 2,leak 3,leak 4,leak 5,leak 6,leak 7,leak 8,leak 9,direction,avancement,left,right,push,wrench,leak 1,leak 2,leak 3,leak 4,leak 5,leak 6,leak 7,leak 8,leak 9,rm_alarm,errors,shortcuts
330,1,-1,13.522085189819336,12.32733917236328,-2.1387863159179688,0,0,1,0,1,1,1,1,0,98,20.0,0,0.9603174603170426,1,0,1,1,1,1,1,0,1,0,0,0.0,0.0,0.0,0.0,0.0,0.0,0.0,0.0,0.0,0.0,0.0,0.0,0.0,0.0, -1, -1
329,1,-1,12.64034366607666,10.943825721740724,-2.1370985507965092,0,0,1,0,1,1,1,1,0,98,20.0,0,0.9603174603170426,1,0,1,1,1,1,1,0,1,0,0,0.0,0.0,0.0,0.0,0.0,0.0,0.0,0.0,0.0,0.0,0.0,0.0,0.0,0.0, -1, -1
328,1,-1,11.730234146118164,9.512046813964844,-2.135164976119995,0,0,1,0,1,1,1,1,0,97,20.0,0,0.9603174603170426,1,0,1,1,1,1,1,0,1,0,0,0.0,0.0,0.0,0.0,0.0,0.0,0.0,0.0,0.0,0.0,0.0,0.0,0.0,0.0, -1, -1
327,1,-1,10.83545207977295,8.103531837463379,-2.1364521980285645,0,0,1,0,1,1,1,1,0,97,20.0,0,0.9603174603170426,1,0,1,1,1,1,1,0,1,0,0,0.0,0.0,0.0,0.0,0.0,0.0,0.0,0.0,0.0,0.0,0.0,0.0,0.0,0.0, -1, -1
326,1,-1,9.956744194030762,6.71763277053833,-2.1364085674285893,0,0,1,0,1,1,1,1,0,96,20.0,0,0.9603174603170426,1,0,1,1,1,1,1,0,1,0,0,0.0,0.0,0.0,0.0,0.0,0.0,0.0,0.0,0.0,0.0,0.0,0.0,0.0,0.0, -1, -1
325,1,-1,9.050565719604492,5.283733367919922,-2.133336544036865,0,0,1,0,1,1,1,1,0,96,20.0,0,0.9603174603170426,1,0,1,1,1,1,1,0,1,0,0,0.0,0.0,0.0,0.0,0.0,0.0,0.0,0.0,0.0,0.0,0.0,0.0,0.0,0.0, -1, -1
324,1,-1,8.176852226257324,3.8951377868652335,-2.1299405097961426,0,0,1,0,1,1,1,1,0,95,20.0,0,0.9603174603170426,1,0,1,1,1,1,1,0,1,0,0,0.0,0.0,0.0,0.0,0.0,0.0,0.0,0.0,0.0,0.0,0.0,0.0,0.0,0.0, -1, -1
323,1,-1,7.277482032775879,2.456470251083374,-2.129191875457764,0,0,1,0,1,1,1,1,0,95,20.0,0,0.9603174603170426,1,0,1,1,1,1,1,0,1,0,0,0.0,0.0,0.0,0.0,0.0,0.0,0.0,0.0,0.0,0.0,0.0,0.0,0.0,0.0, -1, -1
322,1,-1,6.394479274749756,1.0407489538192751,-2.1290183067321777,0,0,1,0,1,1,1,1,0,94,20.0,0,0.9603174603170426,1,0,1,1,1,1,1,0,1,0,0,0.0,0.0,0.0,0.0,0.0,0.0,0.0,0.0,0.0,0.0,0.0,0.0,0.0,0.0, -1, -1
321,1,-1,5.513879776000977,-0.3762326240539551,-2.1223220825195312,0,0,1,0,1,1,1,1,1,94,20.0,0,0.9603174603170426,1,0,1,1,1,1,1,0,1,0,0,0.0,0.0,0.0,0.0,0.0,0.0,0.0,0.0,0.0,0.0,0.0,0.0,0.0,0.0, -1, -1
