remaining_time,robot_mode,alarm,robot_x,robot_y,robot_theta,tree 1,tree 2,tree 3,tree 4,tree 5,tree 6,tree 7,tree 8,tree 9,battery_level,temperature,water_robot_tank,water_ground_tank,leak 1,leak 2,leak 3,leak 4,leak 5,leak 6,leak 7,leak 8,leak 9,direction,avancement,left,right,push,wrench,leak 1,leak 2,leak 3,leak 4,leak 5,leak 6,leak 7,leak 8,leak 9,rm_alarm,errors,shortcuts
30,1,-1,14.7527437210083,-12.67357063293457,0.01964202895760536,1,0,1,1,1,0,1,0,1,45,20.0,40,0.9682539682530572,0,0,0,1,1,0,1,0,1,0,0,0.0,0.0,0.0,0.0,0.0,0.0,0.0,0.0,0.0,0.0,0.0,0.0,0.0,0.0, -1, -1
29,1,-1,14.7527437210083,-12.67357063293457,0.01964202895760536,1,0,1,1,1,0,1,0,1,45,20.0,40,0.9682539682530572,0,0,0,1,1,0,1,0,1,0,0,0.0,0.0,0.0,0.0,0.0,0.0,0.0,0.0,0.0,0.0,0.0,0.0,0.0,0.0, -1, -1
28,1,-1,14.75372314453125,-12.675233840942385,-0.3870190382003784,1,0,1,1,1,0,1,0,1,44,20.0,40,0.9682539682530572,0,0,0,1,1,0,1,0,1,0,0,0.0,0.0,0.0,0.0,0.0,0.0,0.0,0.0,0.0,0.0,0.0,0.0,0.0,0.0, -1, -1
27,1,-1,14.7553129196167,-12.68104362487793,-0.8820110559463501,1,0,1,1,1,0,1,0,1,44,20.0,40,0.9682539682530572,0,0,0,1,1,0,1,0,1,0,0,0.0,0.0,0.0,0.0,0.0,0.0,0.0,0.0,0.0,0.0,0.0,0.0,0.0,0.0, -1, -1
26,1,-1,15.225730895996096,-13.366144180297852,-0.983104646205902,1,0,1,1,1,0,1,0,1,43,20.0,40,0.9682539682530572,0,0,0,1,1,0,1,0,1,0,0,0.0,0.0,0.0,0.0,0.0,0.0,0.0,0.0,0.0,0.0,0.0,0.0,0.0,0.0, -1, -1
25,1,-1,15.669447898864744,-14.042010307312012,-0.9996968507766724,1,0,1,1,1,0,0,0,1,43,20.0,30,0.9682539682530572,1,0,0,1,1,0,1,0,1,0,0,0.0,0.0,0.0,0.0,0.0,0.0,0.0,0.0,0.0,0.0,0.0,0.0,0.0,0.0, -1, -1
24,1,-1,15.98884391784668,-14.53834056854248,-1.0021338462829592,1,0,1,1,1,0,0,0,1,42,20.0,30,0.9682539682530572,1,0,0,1,1,0,1,0,1,0,0,0.0,0.0,0.0,0.0,0.0,0.0,0.0,0.0,0.0,0.0,0.0,0.0,0.0,0.0, -1, -1
23,1,-1,15.32585620880127,-13.492196083068848,-1.0050531625747678,1,0,1,1,1,0,0,0,1,42,20.0,30,0.9682539682530572,1,0,0,1,1,0,1,0,1,0,0,0.0,0.0,0.0,0.0,0.0,0.0,0.0,0.0,0.0,0.0,0.0,0.0,0.0,0.0, -1, -1
22,1,-1,14.571568489074707,-12.301691055297852,-1.0055565834045408,1,0,1,1,1,0,0,0,1,41,20.0,30,0.9682539682530572,1,0,0,1,1,0,1,0,1,0,0,0.0,0.0,0.0,0.0,0.0,0.0,0.0,0.0,0.0,0.0,0.0,0.0,0.0,0.0, -1, -1
21,1,-1,15.552343368530273,-12.915721893310547,-0.4698584079742432,1,0,1,1,1,0,0,0,1,41,20.0,30,0.9682539682530572,1,0,0,1,1,0,1,0,1,0,0,0.0,0.0,0.0,0.0,0.0,0.0,0.0,0.0,0.0,0.0,0.0,0.0,0.0,0.0, -1, -1
