remaining_time,robot_mode,alarm,robot_x,robot_y,robot_theta,tree 1,tree 2,tree 3,tree 4,tree 5,tree 6,tree 7,tree 8,tree 9,battery_level,temperature,water_robot_tank,water_ground_tank,leak 1,leak 2,leak 3,leak 4,leak 5,leak 6,leak 7,leak 8,leak 9,direction,avancement,left,right,push,wrench,leak 1,leak 2,leak 3,leak 4,leak 5,leak 6,leak 7,leak 8,leak 9,rm_alarm,errors,shortcuts
30,1,-1,7.012050151824951,1.5717966556549072,1.0706963539123535,1,0,1,1,1,0,1,0,0,22,20.0,20,0.8968253968253963,0,0,0,0,0,0,0,0,1,0.0,2.86,0.0,0.0,0.0,0.0,0.0,0.0,0.0,0.0,0.0,0.0,0.0,0.0,0.0,0.0,-2,-2
29,1,-1,7.1950721740722665,1.907427430152893,1.0722794532775881,1,0,1,1,1,0,1,0,0,22,20.0,20,0.7857142857142851,0,0,0,0,0,0,0,0,1,0.0,2.86,0.0,0.0,0.0,0.0,0.0,0.0,0.0,0.0,0.0,0.0,0.0,0.0,0.0,0.0,-2,-2
28,1,-1,7.1950721740722665,1.907427430152893,1.0723124742507937,1,0,1,1,1,0,1,0,0,21,20.0,20,0.5079365079365072,0,0,0,0,0,0,0,0,1,0.0,2.86,0.0,0.0,0.0,0.0,0.0,0.0,0.0,0.0,0.0,0.0,0.0,0.0,0.0,0.0,-2,-2
27,1,-1,7.1950721740722665,1.907427430152893,1.0723124742507937,1,0,1,1,1,0,1,0,0,21,20.0,20,3.2301587301587302,0,0,0,0,0,0,0,0,1,0,0,0.0,0.0,1.0,0.0,0.0,0.0,0.0,0.0,0.0,0.0,0.0,0.0,0.0,0.0,-2,-2
26,1,-1,7.814523220062256,2.99468994140625,1.0507488250732422,1,0,1,1,1,0,1,0,0,20,20.0,20,3.8412698412698414,0,0,0,0,0,0,0,0,0,0,0,0.0,1.0,1.0,1.0,0.0,0.0,0.0,0.0,0.0,0.0,0.0,0.0,1.0,0.0,-2,-2
25,1,-1,8.631667137145996,4.417519092559815,1.0504680871963499,1,0,1,1,1,0,1,0,0,20,20.0,20,3.8412698412698414,0,0,0,0,0,0,0,0,0,0,0,0.0,1.0,0.0,0.0,0.0,0.0,0.0,0.0,0.0,0.0,0.0,0.0,0.0,0.0,-2,-2
24,1,-1,9.483275413513184,5.88477087020874,1.0419882535934448,1,0,1,1,1,0,1,0,0,19,20.0,20,3.8412698412698414,0,0,0,0,0,0,0,0,0,0,0,0.0,0.0,0.0,0.0,0.0,0.0,0.0,0.0,0.0,0.0,0.0,0.0,0.0,0.0,-2,-2
23,1,-1,10.309788703918457,7.302153587341309,1.0416282415390017,1,0,1,1,1,0,1,0,0,19,20.0,20,3.8412698412698414,0,0,0,0,0,0,0,0,0,0,0,0.0,0.0,1.0,0.0,0.0,0.0,0.0,0.0,0.0,0.0,0.0,0.0,0.0,0.0,-2,-2
22,1,-1,11.161124229431152,8.73697566986084,1.028133988380432,1,0,1,1,1,0,1,0,0,18,20.0,20,4.698412698412699,0,0,0,0,0,0,0,0,0,0,0,0.0,0.0,1.0,0.0,0.0,0.0,0.0,0.0,0.0,0.0,0.0,0.0,0.0,0.0,-2,-2
21,1,-1,12.021944999694824,10.166459083557127,1.0290503501892092,1,0,1,1,1,0,1,0,0,18,20.0,20,7.126984126984127,0,0,0,0,0,0,0,0,0,0,0,1.0,0.0,1.0,0.0,0.0,0.0,0.0,0.0,0.0,0.0,0.0,0.0,0.0,0.0,-2,-2
