remaining_time,robot_mode,alarm,robot_x,robot_y,robot_theta,tree 1,tree 2,tree 3,tree 4,tree 5,tree 6,tree 7,tree 8,tree 9,battery_level,temperature,water_robot_tank,water_ground_tank,leak 1,leak 2,leak 3,leak 4,leak 5,leak 6,leak 7,leak 8,leak 9,direction,avancement,left,right,push,wrench,leak 1,leak 2,leak 3,leak 4,leak 5,leak 6,leak 7,leak 8,leak 9,rm_alarm,errors,shortcuts
500,1,-1,-11.225275039672852,14.677434921264648,-2.3097658157348637,0,0,0,0,1,1,1,1,1,50,20.0,20,52.88095238095181,0,0,0,0,0,0,0,1,0,0.53,0.0,0.0,0.0,0.0,0.0,0.0,0.0,0.0,0.0,0.0,0.0,0.0,0.0,0.0,0.0, -1, -1
499,1,-1,-11.225275039672852,14.677434921264648,-2.3097658157348637,0,0,0,0,1,1,1,1,1,50,20.0,20,52.60317460317402,0,0,0,0,0,0,0,1,0,0.53,0.0,0.0,0.0,0.0,0.0,0.0,0.0,0.0,0.0,0.0,0.0,0.0,0.0,0.0,0.0, -1, -1
498,1,-1,-11.22596263885498,14.676468849182127,-1.6674978733062744,0,0,0,1,1,1,1,1,1,49,20.0,20,52.32539682539624,0,0,0,0,0,0,0,1,0,0.53,0.0,0.0,0.0,0.0,0.0,0.0,0.0,0.0,0.0,0.0,0.0,0.0,0.0,0.0,0.0, -1, -1
497,1,4,-11.22908878326416,14.67695140838623,-1.1249090433120728,0,0,0,1,1,1,1,1,1,49,20.0,20,51.992063492062904,0,0,0,0,0,0,0,1,0,0.53,0.0,0.0,0.0,0.0,0.0,0.0,0.0,0.0,0.0,0.0,0.0,0.0,0.0,0.0,0.0, -1, -1
496,1,-1,-11.231266021728516,14.67652988433838,-0.6111237406730652,0,0,0,1,1,1,1,1,1,48,20.0,20,51.43650793650733,0,0,0,0,0,0,0,1,0,0,0,0.0,0.0,0.0,0.0,0.0,0.0,0.0,0.0,0.0,0.0,0.0,0.0,0.0,0.0, -1, -1
495,1,-1,-10.222023963928224,14.146075248718262,-0.4598771333694458,0,0,0,1,1,1,1,1,1,48,20.0,20,50.880952380951754,0,0,0,0,0,0,0,1,1,0,0,0.0,0.0,0.0,0.0,0.0,0.0,0.0,0.0,0.0,0.0,0.0,0.0,0.0,0.0, -1, -1
494,1,-1,-8.727142333984375,13.404804229736328,-0.4606593549251557,0,0,0,1,1,1,1,1,1,47,20.0,20,49.76984126984065,0,0,0,0,0,0,0,1,1,0,0,0.0,0.0,0.0,0.0,0.0,0.0,0.0,0.0,0.0,0.0,0.0,0.0,0.0,1.0, click-click, -1
493,1,-1,-7.230814456939697,12.666948318481445,-0.4507953524589538,0,0,0,1,1,1,1,1,1,47,20.0,20,48.65873015872955,0,0,0,0,0,0,0,1,1,0,0,0.0,0.0,0.0,0.0,0.0,0.0,0.0,0.0,0.0,0.0,0.0,0.0,0.0,0.0, -1, -1
492,1,-1,-5.765149593353272,11.95815658569336,-0.4492884576320648,0,0,0,1,1,1,1,1,1,46,20.0,20,47.547619047618426,0,0,0,0,0,0,0,1,1,0,0,0.0,1.0,0.0,0.0,0.0,0.0,0.0,0.0,0.0,0.0,0.0,0.0,0.0,0.0, -1,1
491,1,-1,-4.618715763092041,11.420672416687012,-0.4378514885902405,0,0,0,1,1,1,1,1,1,46,20.0,20,46.43650793650733,0,0,0,0,0,0,0,1,1,0,0,0.0,1.0,0.0,0.0,0.0,0.0,0.0,0.0,0.0,0.0,0.0,0.0,0.0,0.0, -1,1
