remaining_time,robot_mode,alarm,robot_x,robot_y,robot_theta,tree 1,tree 2,tree 3,tree 4,tree 5,tree 6,tree 7,tree 8,tree 9,battery_level,temperature,water_robot_tank,water_ground_tank,leak 1,leak 2,leak 3,leak 4,leak 5,leak 6,leak 7,leak 8,leak 9,direction,avancement,left,right,push,wrench,leak 1,leak 2,leak 3,leak 4,leak 5,leak 6,leak 7,leak 8,leak 9,rm_alarm,errors,shortcuts
590,1,-1,1.386228084564209,-0.36760643124580383,-0.25807517766952515,0,0,0,0,0,0,0,0,0,95,20.0,40,47.222222222222136,0,1,0,0,0,0,0,0,1,0,0,0.0,0.0,0.0,0.0,0.0,0.0,0.0,0.0,0.0,0.0,0.0,0.0,0.0,0.0,-2,-2
589,1,-1,1.386228084564209,-0.36760643124580383,-0.25807517766952515,0,0,0,0,0,0,0,0,0,95,20.0,40,46.11111111111104,0,1,0,0,0,0,0,0,1,0,0,0.0,0.0,0.0,0.0,0.0,0.0,0.0,0.0,0.0,0.0,0.0,0.0,0.0,0.0,-2,-2
588,1,-1,1.3867778778076172,-0.3673895299434662,0.18668584525585172,0,0,0,0,0,0,0,0,0,94,20.0,40,44.999999999999936,0,1,0,0,0,0,0,0,1,0,0,0.0,0.0,0.0,0.0,0.0,0.0,0.0,0.0,0.0,0.0,0.0,0.0,0.0,0.0,-2,-2
587,1,-1,1.386818528175354,-0.3668762147426605,0.7296971082687378,0,0,0,0,0,0,0,0,0,94,20.0,40,43.888888888888815,0,1,0,0,0,0,0,0,1,0,0,0.0,0.0,0.0,0.0,0.0,0.0,0.0,0.0,0.0,0.0,0.0,0.0,0.0,0.0,-2,-2
586,1,-1,2.319673776626587,0.6260759234428406,0.8270696401596069,0,0,0,0,0,0,0,0,0,93,20.0,40,42.77777777777772,0,1,0,0,0,0,0,0,1,0,0,0.0,0.0,0.0,0.0,0.0,0.0,0.0,0.0,0.0,0.0,0.0,0.0,0.0,0.0,-2,-2
585,1,-1,3.4696025848388667,1.8732672929763796,0.8261892795562744,0,0,0,0,0,0,0,0,0,93,20.0,40,41.66666666666661,0,1,0,1,0,0,0,0,1,0,0,0.0,0.0,0.0,0.0,0.0,0.0,0.0,0.0,0.0,0.0,0.0,0.0,0.0,0.0,-2,-2
584,1,-1,4.596375465393066,3.103693723678589,0.8319523930549622,0,0,0,0,0,0,0,0,0,92,20.0,40,39.99999999999993,0,1,0,1,0,0,0,0,1,0,0,0.0,0.0,0.0,0.0,0.0,0.0,0.0,0.0,0.0,0.0,0.0,0.0,0.0,0.0,-2,-2
583,1,-1,5.739712238311768,4.3572916984558105,0.8313758373260498,0,0,0,0,0,0,0,0,0,92,20.0,40,38.33333333333325,0,1,0,1,0,0,0,0,1,0,0,0.0,0.0,0.0,0.0,0.0,0.0,0.0,0.0,0.0,0.0,0.0,0.0,0.0,0.0,-2,-2
582,1,-1,6.845335006713867,5.568983554840088,0.829633891582489,0,0,0,0,0,0,0,0,0,91,20.0,40,36.66666666666657,0,1,0,1,0,0,0,0,1,0,0,0.0,0.0,0.0,0.0,0.0,0.0,0.0,0.0,0.0,0.0,0.0,0.0,0.0,0.0,-2,-2
581,1,-1,7.984875679016112,6.825273513793945,0.8386427164077759,0,0,0,0,0,0,0,0,0,91,20.0,40,34.99999999999989,0,1,0,1,0,0,0,0,1,0,0,0.0,0.0,0.0,0.0,0.0,0.0,0.0,0.0,0.0,0.0,0.0,0.0,0.0,0.0,-2,-2
