remaining_time,robot_mode,alarm,robot_x,robot_y,robot_theta,tree 1,tree 2,tree 3,tree 4,tree 5,tree 6,tree 7,tree 8,tree 9,battery_level,temperature,water_robot_tank,water_ground_tank,leak 1,leak 2,leak 3,leak 4,leak 5,leak 6,leak 7,leak 8,leak 9,direction,avancement,left,right,push,wrench,leak 1,leak 2,leak 3,leak 4,leak 5,leak 6,leak 7,leak 8,leak 9,rm_alarm,errors,shortcuts
460,1,-1,2.4766788482666016,10.309823989868164,-1.7514604330062866,0,0,1,1,0,0,1,0,1,30,20.0,0,0.8095238095238093,1,0,0,1,0,0,0,0,1,0,0,1.0,0.0,0.0,0.0,0.0,0.0,0.0,0.0,0.0,0.0,0.0,0.0,0.0,0.0, -1, -1
459,1,-1,2.230274438858032,8.659831047058105,-1.7110475301742554,0,0,1,1,0,0,1,0,1,30,20.0,0,0.8095238095238093,1,0,0,1,0,0,0,0,1,0,0,0.0,0.0,0.0,0.0,0.0,0.0,0.0,0.0,0.0,0.0,0.0,0.0,0.0,0.0, -1,1
458,1,-1,2.0004932880401607,7.007336139678955,-1.7081419229507446,0,0,1,1,0,0,1,0,1,29,20.0,0,0.8095238095238093,1,0,0,1,0,0,0,0,1,0,0,0.0,0.0,0.0,0.0,0.0,0.0,0.0,0.0,0.0,0.0,0.0,0.0,0.0,0.0, -1, -1
457,1,-1,1.7752898931503296,5.353886127471924,-1.7044609785079956,0,0,1,1,0,0,1,0,1,29,20.0,0,0.8095238095238093,1,0,0,1,0,0,0,0,1,0,0,1.0,0.0,0.0,0.0,0.0,0.0,0.0,0.0,0.0,0.0,0.0,0.0,0.0,0.0, -1,1
456,1,-1,1.5547150373458862,3.700770378112793,-1.7013766765594482,0,0,1,1,0,0,1,0,1,28,20.0,0,0.8095238095238093,1,0,0,1,0,0,0,0,1,0,0,1.0,0.0,0.0,0.0,0.0,0.0,0.0,0.0,0.0,0.0,0.0,0.0,0.0,0.0, -1,1
455,1,-1,1.3434507846832275,2.0735552310943604,-1.700480341911316,0,0,1,1,0,0,1,0,1,28,20.0,0,0.14285714285714274,1,0,0,1,0,0,0,0,1,0,0,0.0,0.0,1.0,0.0,0.0,0.0,0.0,0.0,0.0,0.0,0.0,0.0,0.0,0.0, -1, -1
454,1,-1,1.1242303848266602,0.3916871845722199,-1.6991424560546875,0,0,1,1,0,0,1,0,1,27,20.0,0,0.14285714285714274,1,0,0,1,0,0,0,0,1,0,0,0.0,0.0,0.0,0.0,0.0,0.0,0.0,0.0,0.0,0.0,0.0,0.0,0.0,0.0, down-up,1
453,1,-1,0.9110134840011596,-1.262266755104065,-1.7030717134475708,0,0,1,1,0,0,1,0,1,27,20.0,0,0.14285714285714274,1,0,0,1,0,0,0,0,1,0,0,0.0,1.0,0.0,0.0,0.0,0.0,0.0,0.0,0.0,0.0,0.0,0.0,0.0,0.0, -1,1
452,1,-1,0.6913236975669861,-2.9159393310546875,-1.7028002738952637,0,0,1,1,0,0,1,0,1,26,20.0,0,0.14285714285714274,1,0,0,1,0,0,0,0,1,0,0,0.0,1.0,0.0,0.0,0.0,0.0,0.0,0.0,0.0,0.0,0.0,0.0,0.0,0.0, -1,1
451,1,-1,0.4892420768737793,-4.57075834274292,-1.6865631341934204,0,0,1,1,0,0,1,0,1,26,20.0,0,0.14285714285714274,1,0,0,1,0,0,0,0,1,0,0,0.0,1.0,0.0,0.0,0.0,0.0,0.0,0.0,0.0,0.0,0.0,0.0,0.0,0.0, -1,2
