remaining_time,robot_mode,alarm,robot_x,robot_y,robot_theta,tree 1,tree 2,tree 3,tree 4,tree 5,tree 6,tree 7,tree 8,tree 9,battery_level,temperature,water_robot_tank,water_ground_tank,leak 1,leak 2,leak 3,leak 4,leak 5,leak 6,leak 7,leak 8,leak 9,direction,avancement,left,right,push,wrench,leak 1,leak 2,leak 3,leak 4,leak 5,leak 6,leak 7,leak 8,leak 9,rm_alarm,errors,shortcuts
370,1,-1,1.1275676488876345,13.33543300628662,2.4484670162200928,0,0,1,0,0,1,1,0,1,81,24.404064522305937,10,98.33333333333329,0,1,0,0,0,0,0,0,0,0.53,0.0,0.0,0.0,0.0,0.0,0.0,0.0,0.0,0.0,0.0,0.0,0.0,0.0,0.0,0.0,-2,-2
369,1,-1,1.1275676488876345,13.33543300628662,2.4484670162200928,0,0,1,0,0,1,1,0,1,81,24.404064522305937,10,97.77777777777771,0,1,0,0,0,0,0,0,0,0.53,0.0,0.0,0.0,0.0,0.0,0.0,0.0,0.0,0.0,0.0,0.0,0.0,0.0,0.0,0.0,-2,-2
368,1,-1,1.0741850137710571,13.34648609161377,2.92897891998291,0,0,1,0,0,1,1,0,1,80,21.07073118897261,10,97.22222222222214,0,1,0,0,0,0,0,0,0,0.53,0.0,0.0,1.0,0.0,0.0,0.0,0.0,0.0,0.0,0.0,0.0,0.0,0.0,0.0,0.0,-2,-2
367,1,-1,-0.5679247379302979,13.640664100646973,2.970142602920532,0,0,1,0,0,1,1,0,1,80,20.0,10,96.8888888888888,0,0,0,0,0,0,0,0,0,0,0,0.0,1.0,0.0,1.0,0.0,1.0,0.0,0.0,0.0,0.0,0.0,0.0,0.0,0.0,-2,-2
366,1,-1,-2.2125515937805176,13.92245864868164,2.970987558364868,0,1,1,0,0,1,1,0,1,79,20.0,10,96.8888888888888,0,0,0,0,0,0,0,0,0,0,0,1.0,0.0,0.0,0.0,0.0,0.0,0.0,0.0,0.0,0.0,0.0,0.0,0.0,0.0,-2,-2
365,1,-1,-3.8571929931640634,14.205907821655273,2.975841999053955,0,1,1,0,0,1,1,0,1,79,20.0,10,97.83333333333323,1,0,0,0,0,0,0,0,0,0,0,0.0,0.0,1.0,0.0,0.0,0.0,0.0,0.0,0.0,0.0,0.0,0.0,0.0,0.0,-2,-2
364,1,-1,-5.502908229827881,14.483542442321776,2.9734349250793457,0,1,1,0,0,1,1,0,1,78,20.0,10,100.0,1,0,0,0,0,0,0,0,0,0,0,0.0,0.0,1.0,0.0,0.0,0.0,0.0,0.0,0.0,0.0,0.0,0.0,0.0,0.0,-2,-2
363,1,-1,-7.150901794433594,14.745378494262695,2.98547911643982,0,1,1,0,0,1,1,0,1,78,20.0,10,100.0,0,0,0,0,0,0,0,0,0,0,0,0.0,0.0,1.0,1.0,1.0,0.0,0.0,0.0,0.0,0.0,0.0,0.0,0.0,0.0,-2,-2
362,1,-1,-8.799837112426758,15.003423690795898,2.990162134170532,0,1,1,0,0,1,1,0,1,77,20.0,10,100.0,0,0,0,0,0,0,0,0,0,0,0,0.0,0.0,1.0,0.0,0.0,0.0,0.0,0.0,0.0,0.0,0.0,0.0,0.0,0.0,-2,-2
361,1,-1,-10.395230293273926,15.24222183227539,3.000420331954956,0,1,1,0,0,1,1,0,1,77,20.0,10,100.0,0,0,0,0,0,0,0,0,0,0,0,0.0,0.0,1.0,0.0,0.0,0.0,0.0,0.0,0.0,0.0,0.0,0.0,0.0,0.0,-2,-2
