remaining_time,robot_mode,alarm,robot_x,robot_y,robot_theta,tree 1,tree 2,tree 3,tree 4,tree 5,tree 6,tree 7,tree 8,tree 9,battery_level,temperature,water_robot_tank,water_ground_tank,leak 1,leak 2,leak 3,leak 4,leak 5,leak 6,leak 7,leak 8,leak 9,direction,avancement,left,right,push,wrench,leak 1,leak 2,leak 3,leak 4,leak 5,leak 6,leak 7,leak 8,leak 9,rm_alarm,errors,shortcuts
490,1,-1,1.7523701190948486,13.052841186523438,-2.353816509246826,0,0,1,0,0,0,1,1,0,45,20.0,0,0.5555555555554055,1,1,1,1,1,1,0,1,0,0,0,0.0,0.0,0.0,0.0,0.0,0.0,0.0,0.0,0.0,0.0,0.0,0.0,0.0,0.0, -1,-1
489,1,-1,1.7523701190948486,13.052841186523438,-2.353816509246826,1,0,1,0,0,0,1,1,0,45,20.0,0,0.5555555555554055,1,1,1,1,1,1,0,1,0,0,0,0.0,0.0,0.0,0.0,0.0,0.0,0.0,0.0,0.0,0.0,0.0,0.0,0.0,0.0, -1,-1
488,1,-1,1.7534620761871338,13.05289077758789,-1.9524767398834229,1,0,1,0,0,0,1,1,0,44,20.0,0,0.5555555555554055,1,1,1,1,1,1,0,1,0,0,0,0.0,0.0,0.0,0.0,0.0,0.0,0.0,0.0,0.0,0.0,0.0,0.0,0.0,0.0, -1,-1
487,1,-1,1.6787680387496948,12.44616985321045,-1.6720626354217532,1,0,1,0,0,0,1,1,0,44,20.0,0,0.5555555555554055,1,1,1,1,1,1,0,1,0,0,0,0.0,0.0,0.0,0.0,0.0,0.0,0.0,0.0,0.0,0.0,0.0,0.0,0.0,0.0, -1,-1
486,1,-1,1.5163768529891968,10.785884857177734,-1.666601061820984,1,0,1,0,0,0,1,1,0,43,20.0,0,0.5555555555554055,1,1,1,1,1,1,0,1,0,0,0,0.0,0.0,0.0,0.0,0.0,0.0,0.0,0.0,0.0,0.0,0.0,0.0,0.0,0.0, -1,-1
485,1,-1,1.3570072650909424,9.1246337890625,-1.665379762649536,1,0,1,0,0,0,1,1,0,43,20.0,0,0.5555555555554055,1,1,1,1,1,1,0,1,1,0,0,0.0,0.0,0.0,0.0,0.0,0.0,0.0,0.0,0.0,0.0,0.0,0.0,0.0,0.0, -1,-1
484,1,-1,1.1983131170272827,7.463608741760254,-1.6658576726913452,1,0,1,0,0,0,1,1,0,42,20.0,0,0.5555555555554055,1,1,1,1,1,1,0,1,1,0,0,0.0,0.0,0.0,0.0,0.0,0.0,0.0,0.0,0.0,0.0,0.0,0.0,0.0,0.0, -1,-1
483,1,-1,1.0381624698638916,5.802617073059082,-1.6663661003112793,1,0,1,0,0,0,1,1,0,42,20.0,0,0.5555555555554055,1,1,1,1,1,1,0,1,1,0,0,0.0,0.0,0.0,0.0,0.0,0.0,0.0,0.0,0.0,0.0,0.0,0.0,0.0,0.0, -1,-1
482,1,-1,0.8832398056983948,4.1420416831970215,-1.660881280899048,1,0,1,0,0,0,1,1,0,41,20.0,0,0.5555555555554055,1,1,1,1,1,1,0,1,1,0,0,0.0,0.0,0.0,0.0,0.0,0.0,0.0,0.0,0.0,0.0,0.0,0.0,0.0,0.0, -1,-1
481,1,-1,0.7317737936973572,2.4808995723724365,-1.6627649068832395,1,0,1,0,0,0,1,1,0,41,20.0,0,0.5555555555554055,1,1,1,1,1,1,0,1,1,0,0,0.0,0.0,0.0,0.0,0.0,0.0,0.0,0.0,0.0,0.0,0.0,0.0,0.0,0.0, -1,-1
