remaining_time,robot_mode,alarm,robot_x,robot_y,robot_theta,tree 1,tree 2,tree 3,tree 4,tree 5,tree 6,tree 7,tree 8,tree 9,battery_level,temperature,water_robot_tank,water_ground_tank,leak 1,leak 2,leak 3,leak 4,leak 5,leak 6,leak 7,leak 8,leak 9,direction,avancement,left,right,push,wrench,leak 1,leak 2,leak 3,leak 4,leak 5,leak 6,leak 7,leak 8,leak 9,rm_alarm,errors,shortcuts
460,1,-1,0.01695486344397068,-9.170751571655273,-1.2597328424453735,1,0,1,0,1,1,0,1,1,30,20.0,10,0.9523809523809482,1,0,0,0,0,0,0,0,0,0,0,0.0,0.0,0.0,0.0,0.0,0.0,0.0,1.0,0.0,0.0,0.0,0.0,0.0,0.0, -1, -1
459,1,-1,0.01695486344397068,-9.170751571655273,-1.2597328424453735,1,0,1,0,1,1,0,1,1,30,20.0,10,0.9523809523809482,1,0,0,0,0,0,0,0,0,0,0,1.0,0.0,0.0,0.0,0.0,0.0,0.0,0.0,0.0,0.0,0.0,0.0,0.0,0.0, -1, -1
458,1,-1,0.263175904750824,-10.564542770385742,-1.4751042127609253,1,0,1,0,1,1,0,1,1,29,20.0,10,0.9523809523809482,1,0,0,0,0,0,0,0,0,0,0,1.0,0.0,0.0,0.0,0.0,0.0,0.0,0.0,0.0,0.0,0.0,0.0,0.0,0.0, -1, -1
457,1,-1,0.3777303099632263,-12.03052043914795,-1.498113036155701,1,0,1,0,1,1,0,1,1,29,20.0,10,0.7857142857142815,1,0,0,0,0,0,0,0,0,0,0,0.0,1.0,0.0,0.0,0.0,0.0,0.0,0.0,0.0,0.0,0.0,0.0,0.0,0.0, -1, -1
456,1,-1,0.4549621343612671,-13.112483024597168,-1.4994047880172732,1,0,1,0,1,1,0,1,1,28,20.0,10,0.5079365079365036,1,0,0,0,0,0,0,0,0,0,0,0.0,1.0,0.0,0.0,0.0,0.0,0.0,0.0,0.0,0.0,0.0,0.0,0.0,0.0, -1, -1
455,1,-1,0.513649046421051,-13.931619644165039,-1.49853777885437,1,0,1,0,1,1,0,0,1,28,20.0,0,0.2301587301587257,1,0,0,0,0,0,0,0,0,0,0,0.0,0.0,0.0,0.0,0.0,0.0,0.0,0.0,0.0,0.0,0.0,0.0,0.0,0.0, -1, -1
454,1,-1,0.5169137716293335,-13.976802825927734,-1.4984501600265503,1,0,1,0,1,1,0,0,1,27,20.0,0,0.952380952380948,1,0,0,0,0,0,0,0,0,0,0,0.0,0.0,1.0,0.0,0.0,0.0,0.0,0.0,0.0,0.0,0.0,0.0,0.0,0.0, -1, -1
453,1,-1,0.434569776058197,-12.835030555725098,-1.498510241508484,1,0,1,0,1,1,0,0,1,27,20.0,0,5.531746031746027,1,0,0,0,0,0,0,0,0,0,0,0.0,0.0,0.0,0.0,0.0,0.0,0.0,0.0,0.0,0.0,0.0,0.0,0.0,0.0, -1, -1
452,1,-1,0.434569776058197,-12.835030555725098,-1.498510241508484,1,0,1,0,1,1,0,0,1,26,20.0,0,9.396825396825392,1,0,0,0,0,0,0,0,0,0,0,0.0,0.0,0.0,0.0,0.0,0.0,0.0,0.0,0.0,0.0,0.0,0.0,0.0,0.0, -1, -1
451,1,-1,0.4368691444396973,-12.833619117736815,-1.0941269397735596,1,0,1,0,1,1,0,0,1,26,20.0,0,12.54761904761904,1,0,0,0,0,0,0,0,0,0,0,0.0,0.0,0.0,0.0,0.0,0.0,0.0,0.0,0.0,0.0,0.0,0.0,0.0,0.0, -1, -1
