remaining_time,robot_mode,alarm,robot_x,robot_y,robot_theta,tree 1,tree 2,tree 3,tree 4,tree 5,tree 6,tree 7,tree 8,tree 9,battery_level,temperature,water_robot_tank,water_ground_tank,leak 1,leak 2,leak 3,leak 4,leak 5,leak 6,leak 7,leak 8,leak 9,direction,avancement,left,right,push,wrench,leak 1,leak 2,leak 3,leak 4,leak 5,leak 6,leak 7,leak 8,leak 9,rm_alarm,errors,shortcuts
450,1,-1,-0.3779602348804474,-16.465875625610348,1.864879846572876,1,1,1,0,0,1,1,1,0,25,81.07858741853664,0,0.8888888888888022,1,0,1,1,1,0,1,1,1,0,0,0.0,0.0,0.0,0.0,0.0,0.0,0.0,0.0,0.0,0.0,0.0,0.0,0.0,1.0,-2,-2
449,1,-1,-0.3779602348804474,-16.465875625610348,1.864879846572876,1,1,1,0,0,1,1,1,0,25,94.33513440034494,0,0.8888888888888022,1,0,1,1,1,0,1,1,1,0,0,0.0,0.0,0.0,0.0,0.0,0.0,0.0,0.0,0.0,0.0,0.0,0.0,0.0,0.0,-2,-2
448,1,-1,-0.3779602348804474,-16.465875625610348,1.864879846572876,1,1,1,0,0,1,1,1,0,24,107.59168138215321,0,0.8888888888888022,1,0,1,1,1,0,1,1,1,0,0,0.0,0.0,0.0,0.0,0.0,0.0,0.0,0.0,0.0,0.0,0.0,0.0,0.0,0.0,-2,-2
447,1,-1,-0.3779602348804474,-16.465875625610348,1.864879846572876,1,1,1,0,0,1,1,1,1,24,107.59168138215321,0,0.8888888888888022,1,0,1,1,1,0,1,1,1,0,0,0.0,0.0,0.0,0.0,0.0,0.0,0.0,0.0,0.0,0.0,0.0,0.0,0.0,0.0,-2,-2
446,1,-1,-0.3792787790298462,-16.466724395751953,1.4556684494018557,1,1,1,0,0,1,1,1,1,23,120.83839216510697,0,0.8888888888888022,1,0,1,1,1,0,1,1,1,0,0,0.0,0.0,0.0,0.0,0.0,0.0,0.0,0.0,0.0,0.0,0.0,0.0,0.0,0.0,-2,-2
445,1,-1,-0.145393505692482,-15.931649208068848,1.1382920742034912,1,1,1,0,0,1,1,1,1,23,135.41497851270822,0,0.8888888888888022,1,0,1,1,1,0,1,1,1,0,0,0.0,0.0,0.0,0.0,0.0,0.0,0.0,0.0,0.0,0.0,0.0,0.0,0.0,0.0,-2,-2
444,1,-1,0.5698056817054749,-14.393312454223633,1.1352020502090454,1,1,1,0,0,1,1,1,1,22,143.1073881339358,0,0.8888888888888022,1,0,1,1,1,0,1,1,1,0,0,0.0,0.0,0.0,0.0,0.0,0.0,0.0,0.0,0.0,0.0,0.0,0.0,0.0,0.0,-2,-2
443,1,-1,1.2615054845809937,-12.905644416809082,1.1354333162307741,1,1,1,0,0,1,1,1,1,22,140.46132856908605,0,0.8888888888888022,1,0,1,1,1,0,1,1,1,0,0,0.0,0.0,0.0,0.0,0.0,0.0,0.0,0.0,0.0,0.0,0.0,0.0,0.0,0.0,-2,-2
442,1,-1,1.9640945196151731,-11.392574310302734,1.133798360824585,1,1,1,0,0,1,1,1,1,21,137.1279952357527,0,0.8888888888888022,1,0,1,1,1,0,1,1,1,0,0,0.0,0.0,0.0,0.0,0.0,0.0,0.0,0.0,0.0,0.0,0.0,0.0,0.0,0.0,-2,-2
441,1,-1,2.661906719207764,-9.907537460327148,1.1332749128341677,1,1,1,0,0,1,1,1,1,21,133.79466190241934,0,0.8888888888888022,1,0,1,1,1,0,1,1,1,0,0,0.0,0.0,0.0,0.0,0.0,0.0,0.0,0.0,0.0,0.0,0.0,0.0,0.0,0.0,-2,-2
