remaining_time,robot_mode,alarm,robot_x,robot_y,robot_theta,tree 1,tree 2,tree 3,tree 4,tree 5,tree 6,tree 7,tree 8,tree 9,battery_level,temperature,water_robot_tank,water_ground_tank,leak 1,leak 2,leak 3,leak 4,leak 5,leak 6,leak 7,leak 8,leak 9,direction,avancement,left,right,push,wrench,leak 1,leak 2,leak 3,leak 4,leak 5,leak 6,leak 7,leak 8,leak 9,rm_alarm,errors,shortcuts
420,1,-1,0.2656049430370331,-10.122469902038574,1.776447296142578,1,1,0,1,1,1,1,1,1,10,20.0,20,1.7857142857142871,0,0,0,0,1,0,0,1,0,0,0,1.0,0.0,0.0,0.0,0.0,0.0,0.0,0.0,0.0,0.0,0.0,0.0,0.0,0.0, -1,3
419,1,-1,0.2656049430370331,-10.122469902038574,1.776447296142578,1,1,0,1,1,1,1,1,1,10,20.0,20,3.976190476190477,0,0,0,0,1,0,0,1,0,0,0,1.0,0.0,1.0,0.0,0.0,0.0,0.0,0.0,0.0,0.0,0.0,0.0,0.0,0.0, -1,2
418,1,-1,0.2656049430370331,-10.122469902038574,1.776447296142578,1,1,0,1,1,1,1,1,1,9,20.0,20,2.8650793650793656,0,0,0,0,1,0,0,1,0,0,0,0.0,1.0,1.0,0.0,0.0,0.0,0.0,0.0,0.0,0.0,0.0,0.0,0.0,0.0, -1,3
417,1,-1,0.2656049430370331,-10.122469902038574,1.776447296142578,1,1,0,1,1,1,1,1,1,9,20.0,20,1.753968253968254,0,0,0,0,1,0,0,1,0,0,0,0.0,1.0,0.0,0.0,0.0,0.0,0.0,0.0,0.0,0.0,0.0,0.0,0.0,0.0, -1,4
416,1,-1,0.26491037011146545,-10.121251106262207,1.3104104995727541,1,1,0,1,1,1,1,1,1,8,20.0,20,0.8650793650793648,0,0,0,0,1,0,0,1,0,0,0,0.0,0.0,0.0,0.0,0.0,0.0,0.0,0.0,0.0,0.0,0.0,0.0,0.0,0.0, -1, -1
415,1,-1,0.5646094679832458,-9.555326461791992,1.0629804134368896,1,1,0,1,1,1,1,1,1,8,20.0,20,0.8650793650793648,0,0,1,0,0,0,0,1,0,0,0,0.0,0.0,0.0,1.0,0.0,0.0,0.0,0.0,1.0,0.0,0.0,0.0,0.0,0.0, -1,1
414,1,-1,1.3865480422973633,-8.103423118591309,1.0564690828323364,1,1,0,1,1,1,1,1,1,7,20.0,20,0.7539682539682537,0,0,1,0,0,0,0,1,0,0,0,0.0,0.0,0.0,1.0,0.0,0.0,0.0,0.0,0.0,0.0,0.0,0.0,0.0,0.0, -1, -1
413,1,-1,2.208771228790283,-6.651802062988281,1.0553851127624512,1,1,0,1,1,1,1,1,1,7,20.0,20,2.5079365079365084,0,0,1,0,0,0,0,0,0,0,0,0.0,0.0,1.0,0.0,0.0,0.0,0.0,0.0,0.0,0.0,0.0,1.0,0.0,0.0, -1,1
412,1,-1,3.0316972732543945,-5.20009708404541,1.0550111532211304,1,1,0,1,1,1,1,1,1,6,20.0,20,1.9523809523809519,0,0,1,0,0,0,0,0,0,0,0,1.0,0.0,1.0,0.0,0.0,0.0,0.0,0.0,0.0,0.0,0.0,0.0,0.0,0.0, -1,4
411,1,-1,3.8532028198242183,-3.750307559967041,1.0515981912612915,1,1,0,1,1,1,1,1,1,6,20.0,20,1.3968253968253963,0,0,1,0,0,0,0,0,0,0,0,1.0,0.0,0.0,0.0,0.0,0.0,0.0,0.0,0.0,0.0,0.0,0.0,0.0,0.0, -1,3
