remaining_time,robot_mode,alarm,robot_x,robot_y,robot_theta,tree 1,tree 2,tree 3,tree 4,tree 5,tree 6,tree 7,tree 8,tree 9,battery_level,temperature,water_robot_tank,water_ground_tank,leak 1,leak 2,leak 3,leak 4,leak 5,leak 6,leak 7,leak 8,leak 9,direction,avancement,left,right,push,wrench,leak 1,leak 2,leak 3,leak 4,leak 5,leak 6,leak 7,leak 8,leak 9,rm_alarm,errors,shortcuts
550,1,-1,3.674354076385498,11.27987003326416,1.2826977968215942,1,0,1,0,0,1,0,0,1,75,20.0,50,33.33333333333286,0,1,0,0,0,1,0,0,0,0,0,0.0,0.0,0.0,0.0,0.0,0.0,0.0,0.0,0.0,0.0,0.0,0.0,0.0,0.0, -1,-1
549,1,-1,3.925693035125733,12.152128219604492,1.2951264381408691,0,0,1,0,0,1,0,0,1,75,20.0,40,32.22222222222175,0,1,0,0,0,1,0,0,0,0,0,0.0,0.0,0.0,0.0,0.0,0.0,0.0,0.0,0.0,0.0,0.0,0.0,0.0,0.0, -1,-1
548,1,-1,4.102883815765382,12.793112754821776,1.3066833019256592,0,0,1,0,0,1,0,0,1,74,20.0,40,31.111111111110645,0,1,0,0,0,1,0,0,0,0,0,0.0,0.0,0.0,0.0,0.0,0.0,0.0,0.0,0.0,0.0,0.0,0.0,0.0,0.0, -1,-1
547,1,-1,3.536930561065674,10.6954927444458,1.3055530786514282,0,0,1,0,0,1,0,0,1,74,20.0,40,29.999999999999538,0,1,0,0,0,1,0,0,0,0,0,0.0,0.0,0.0,0.0,0.0,0.0,0.0,0.0,0.0,0.0,0.0,0.0,0.0,0.0, -1,-1
546,1,-1,3.536930561065674,10.6954927444458,1.3055530786514282,0,0,1,0,0,1,0,0,1,73,20.0,40,28.88888888888843,0,1,0,0,0,1,0,0,0,0,0,0.0,0.0,0.0,0.0,0.0,0.0,0.0,0.0,0.0,0.0,0.0,0.0,0.0,0.0, -1,-1
545,1,-1,3.49546480178833,10.543038368225098,1.713743805885315,0,0,1,0,0,1,0,0,1,73,20.0,40,27.777777777777324,0,1,0,0,0,1,0,0,1,0,0,0.0,0.0,0.0,0.0,0.0,0.0,0.0,0.0,0.0,0.0,0.0,0.0,0.0,0.0, -1,-1
544,1,-1,3.4927124977111816,10.543312072753906,2.2714159488677983,0,0,1,0,0,1,0,0,1,72,20.0,40,26.111111111110663,0,1,0,0,0,1,0,0,1,0,0,0.0,0.0,0.0,0.0,0.0,0.0,0.0,0.0,0.0,0.0,0.0,0.0,0.0,0.0, -1,-1
543,1,-1,3.4912691116333012,10.543848991394043,2.751667022705078,0,0,1,0,0,1,1,0,1,72,20.0,40,24.444444444444,0,1,0,0,0,1,0,0,1,0,0,0.0,0.0,0.0,0.0,0.0,0.0,0.0,0.0,0.0,0.0,0.0,0.0,0.0,0.0, -1,-1
542,1,-1,2.247528314590454,10.944576263427734,2.848551988601685,0,0,1,0,0,1,1,0,1,71,20.0,40,22.777777777777338,0,1,0,0,0,1,0,0,1,0,0,0.0,0.0,0.0,0.0,0.0,0.0,0.0,0.0,0.0,0.0,0.0,0.0,0.0,0.0, -1,-1
541,1,-1,0.6507132649421692,11.42735481262207,2.84770131111145,0,0,1,0,0,1,1,0,1,71,20.0,40,21.11111111111068,0,1,0,0,0,1,0,0,1,0,0,0.0,0.0,0.0,0.0,0.0,0.0,0.0,0.0,0.0,0.0,0.0,0.0,0.0,0.0, -1,-1
