remaining_time,robot_mode,alarm,robot_x,robot_y,robot_theta,tree 1,tree 2,tree 3,tree 4,tree 5,tree 6,tree 7,tree 8,tree 9,battery_level,temperature,water_robot_tank,water_ground_tank,leak 1,leak 2,leak 3,leak 4,leak 5,leak 6,leak 7,leak 8,leak 9,direction,avancement,left,right,push,wrench,leak 1,leak 2,leak 3,leak 4,leak 5,leak 6,leak 7,leak 8,leak 9,rm_alarm,errors,shortcuts
240,1,-1,12.535298347473145,1.249531388282776,1.3739323616027832,1,0,1,1,0,0,0,0,1,18,20.0,60,96.77777777777769,0,0,0,0,0,1,0,0,0,0,0,0.0,0.0,0.0,0.0,0.0,0.0,0.0,0.0,0.0,0.0,0.0,0.0,0.0,0.0,-2,-2
239,1,-1,12.861284255981445,2.8864340782165527,1.3697346448898315,1,0,1,1,0,0,0,0,1,18,20.0,60,96.22222222222211,0,0,0,0,0,1,0,0,0,0,0,0.0,0.0,0.0,0.0,0.0,0.0,0.0,0.0,0.0,0.0,0.0,0.0,0.0,0.0,-2,-2
238,1,-1,13.193575859069824,4.521294593811035,1.3633027076721191,1,0,1,1,0,0,0,0,1,17,20.0,60,95.99999999999987,0,0,0,0,0,0,0,0,0,0,0,0.0,0.0,0.0,1.0,0.0,0.0,0.0,0.0,0.0,1.0,0.0,0.0,0.0,0.0,-2,-2
237,1,-1,13.54246711730957,6.181717872619629,1.3619890213012695,1,0,1,1,0,0,0,0,1,17,20.0,60,95.99999999999987,0,0,0,0,0,0,0,0,0,0,0,0.0,0.0,0.0,0.0,0.0,0.0,0.0,0.0,0.0,0.0,0.0,0.0,0.0,0.0,-2,-2
236,1,-1,13.89656925201416,7.841048240661621,1.3507505655288696,1,0,1,1,0,0,0,0,1,16,20.0,60,95.99999999999987,0,0,0,0,0,0,0,0,0,0,0,0.0,0.0,0.0,0.0,0.0,0.0,0.0,0.0,0.0,0.0,0.0,0.0,0.0,0.0,-2,-2
235,1,-1,14.251877784729006,9.41458225250244,1.3481416702270508,1,0,1,1,0,0,0,0,1,16,20.0,60,95.99999999999987,0,0,0,0,0,0,0,0,0,0,0,0.0,0.0,0.0,0.0,0.0,0.0,0.0,0.0,0.0,0.0,0.0,0.0,0.0,0.0,-2,-2
234,1,-1,14.61974811553955,11.041207313537598,1.3468339443206787,1,0,1,1,0,0,0,0,1,15,20.0,60,95.99999999999987,0,0,0,0,0,0,0,0,0,0,0,0.0,0.0,0.0,0.0,0.0,0.0,0.0,0.0,0.0,0.0,0.0,0.0,0.0,0.0,-2,-2
233,1,-1,14.94266414642334,12.418327331542967,1.3354190587997437,1,0,1,1,0,0,0,0,1,15,20.0,60,95.99999999999987,0,0,0,0,0,0,0,0,0,0,0,0.0,0.0,0.0,0.0,0.0,0.0,0.0,0.0,0.0,0.0,0.0,0.0,0.0,0.0,-2,-2
232,1,-1,15.194064140319824,13.442441940307615,1.3231463432312012,1,0,1,1,0,0,0,0,1,14,20.0,60,95.99999999999987,0,0,0,0,0,0,0,0,0,0,0,0.0,0.0,0.0,0.0,0.0,0.0,0.0,0.0,0.0,0.0,0.0,0.0,0.0,0.0,-2,-2
231,1,-1,15.38186264038086,14.17912483215332,1.3136111497879028,1,0,1,1,0,0,0,0,1,14,20.0,60,95.99999999999987,0,0,0,0,0,0,0,0,0,0,0,0.0,0.0,0.0,0.0,0.0,0.0,0.0,0.0,0.0,0.0,0.0,0.0,0.0,0.0,-2,-2
