remaining_time,robot_mode,alarm,robot_x,robot_y,robot_theta,tree 1,tree 2,tree 3,tree 4,tree 5,tree 6,tree 7,tree 8,tree 9,battery_level,temperature,water_robot_tank,water_ground_tank,leak 1,leak 2,leak 3,leak 4,leak 5,leak 6,leak 7,leak 8,leak 9,direction,avancement,left,right,push,wrench,leak 1,leak 2,leak 3,leak 4,leak 5,leak 6,leak 7,leak 8,leak 9,rm_alarm,errors,shortcuts
70,1,-1,4.589632987976074,-14.591362953186035,-2.7149040699005127,0,0,1,0,0,0,0,1,1,38,20.0,10,1.9444444444444708,0,0,0,0,0,0,0,0,0,0,0,0.0,1.0,1.0,0.0,0.0,0.0,0.0,0.0,0.0,0.0,0.0,0.0,0.0,0.0,-2,-2
69,1,-1,3.5500504970550537,-15.052409172058105,-2.7255480289459233,0,0,1,0,0,0,0,1,1,38,20.0,10,6.801587301587328,0,0,0,0,0,0,0,0,0,0,0,0.0,1.0,0.0,0.0,0.0,0.0,0.0,0.0,0.0,0.0,0.0,0.0,0.0,0.0,-2,-2
68,1,-1,2.8099400997161865,-15.375778198242188,-2.73292088508606,0,0,1,0,0,0,0,0,1,37,20.0,0,10.944444444444473,0,0,0,0,0,0,0,0,0,0,0,0.0,0.0,0.0,0.0,0.0,0.0,0.0,0.0,0.0,0.0,0.0,0.0,0.0,0.0,-2,-2
67,1,-1,2.246507167816162,-15.612545013427734,-2.7477612495422363,0,0,1,0,0,0,0,0,1,37,20.0,0,14.373015873015895,0,0,0,0,0,0,0,0,0,0,0,0.0,0.0,0.0,0.0,0.0,0.0,0.0,0.0,0.0,0.0,0.0,0.0,0.0,0.0,-2,-2
66,1,-1,4.298742771148682,-14.756455421447756,-2.748553514480591,0,0,1,0,0,0,0,0,1,36,20.0,0,17.08730158730161,0,0,0,0,0,0,0,0,0,0,0,1.0,0.0,0.0,0.0,0.0,0.0,0.0,0.0,0.0,0.0,0.0,0.0,0.0,0.0,-2,-2
65,1,-1,4.298742771148682,-14.756455421447756,-2.748553514480591,0,0,1,0,0,0,0,0,1,36,20.0,0,19.087301587301603,0,0,0,0,0,0,0,0,0,0,0,0.0,1.0,0.0,0.0,0.0,0.0,0.0,0.0,0.0,0.0,0.0,0.0,0.0,0.0,-2,-2
64,1,-1,4.405886173248291,-14.711796760559082,3.140817880630493,0,0,1,0,0,0,0,0,1,35,20.0,0,20.373015873015888,0,0,0,0,0,0,0,0,0,0,0,1.0,1.0,0.0,0.0,0.0,0.0,0.0,0.0,0.0,0.0,0.0,0.0,0.0,0.0,-2,-2
63,1,-1,4.400836944580078,-14.711623191833494,2.566182851791382,0,0,1,0,0,0,0,0,1,35,20.0,0,20.944444444444454,0,0,0,0,0,0,0,0,0,0,0,1.0,0.0,0.0,0.0,0.0,0.0,0.0,0.0,0.0,0.0,0.0,0.0,0.0,0.0,-2,-2
62,1,-1,3.865729808807373,-14.182588577270508,2.34147572517395,0,0,1,0,0,0,0,0,1,34,20.0,0,21.94444444444445,0,0,0,0,0,0,0,0,0,0,0,0.0,1.0,1.0,0.0,0.0,0.0,0.0,0.0,0.0,0.0,0.0,0.0,0.0,0.0,-2,-2
61,1,-1,2.8264162540435787,-13.116642951965332,2.338822364807129,0,0,1,0,0,0,0,0,1,34,20.0,0,26.80158730158731,0,0,0,0,0,0,0,0,0,0,0,0.0,0.0,0.0,0.0,0.0,0.0,0.0,0.0,0.0,0.0,0.0,0.0,0.0,0.0,-2,-2
