remaining_time,robot_mode,alarm,robot_x,robot_y,robot_theta,tree 1,tree 2,tree 3,tree 4,tree 5,tree 6,tree 7,tree 8,tree 9,battery_level,temperature,water_robot_tank,water_ground_tank,leak 1,leak 2,leak 3,leak 4,leak 5,leak 6,leak 7,leak 8,leak 9,direction,avancement,left,right,push,wrench,leak 1,leak 2,leak 3,leak 4,leak 5,leak 6,leak 7,leak 8,leak 9,rm_alarm,errors,shortcuts
560,1,-1,-0.9899941682815552,2.8462367057800293,1.946683049201965,0,1,0,0,1,1,1,0,1,80,20.0,40,33.33333333333321,0,0,1,0,0,0,1,1,0,0,0,0.0,0.0,0.0,0.0,0.0,0.0,0.0,0.0,0.0,0.0,0.0,0.0,0.0,0.0,-2,-2
559,1,-1,-0.9899941682815552,2.8462367057800293,1.946683049201965,0,1,0,0,1,1,1,0,1,80,20.0,40,31.666666666666547,0,0,1,0,0,0,1,1,0,0,0,0.0,0.0,0.0,0.0,0.0,0.0,0.0,0.0,0.0,0.0,0.0,0.0,0.0,0.0,-2,-2
558,1,-1,-1.164839267730713,4.014448642730713,1.6454157829284668,0,1,0,0,1,1,1,0,1,79,20.0,40,29.999999999999886,0,0,1,0,0,0,1,1,0,0,0,0.0,0.0,0.0,0.0,0.0,0.0,0.0,0.0,0.0,0.0,0.0,0.0,0.0,0.0,-2,-2
557,1,-1,-1.2523704767227173,5.571921825408936,1.6237226724624634,0,1,0,0,1,1,1,0,1,79,20.0,40,28.333333333333226,0,0,1,0,0,0,1,1,0,0,0,0.0,0.0,0.0,0.0,0.0,0.0,0.0,0.0,0.0,0.0,0.0,0.0,0.0,0.0,-2,-2
556,1,-1,-1.3050082921981812,6.757250308990479,1.6123403310775757,0,1,0,0,1,1,1,0,1,78,20.0,40,26.66666666666656,0,0,1,0,0,0,1,1,0,0,0,0.0,0.0,0.0,0.0,0.0,0.0,0.0,0.0,0.0,0.0,0.0,0.0,0.0,0.0,-2,-2
555,1,-1,-1.335010290145874,7.61489725112915,1.603932499885559,0,1,0,0,0,1,1,0,1,78,20.0,30,24.9999999999999,0,0,1,0,0,0,1,1,0,0,0,0.0,0.0,0.0,0.0,0.0,0.0,0.0,0.0,0.0,0.0,0.0,0.0,0.0,0.0,-2,-2
554,1,-1,-1.3520231246948242,8.226941108703612,1.5903935432434082,0,1,0,0,0,1,1,0,1,77,20.0,30,23.33333333333324,0,0,1,0,0,0,1,1,0,0,0,0.0,0.0,0.0,0.0,0.0,0.0,0.0,0.0,0.0,0.0,0.0,0.0,0.0,0.0,-2,-2
553,1,-1,-1.3520231246948242,8.226941108703612,1.5903935432434082,0,1,0,0,0,1,1,0,1,77,20.0,30,21.66666666666658,0,0,1,0,0,0,1,1,0,0,0,0.0,0.0,0.0,0.0,0.0,0.0,0.0,0.0,0.0,0.0,0.0,0.0,0.0,0.0,-2,-2
552,1,-1,-1.2759878635406494,8.265761375427246,1.5178681612014768,0,1,0,0,0,1,1,0,1,76,20.0,30,19.999999999999922,0,0,1,0,0,0,1,1,0,0,0,0.0,0.0,0.0,0.0,0.0,0.0,0.0,0.0,0.0,0.0,0.0,0.0,0.0,0.0,-2,-2
551,1,-1,-1.2106869220733645,9.320660591125488,1.5379964113235474,0,1,0,0,0,1,1,0,1,76,20.0,30,18.333333333333254,0,0,1,0,0,0,1,1,0,0,0,0.0,0.0,0.0,0.0,0.0,0.0,0.0,0.0,0.0,0.0,0.0,0.0,0.0,0.0,-2,-2
