remaining_time,robot_mode,alarm,robot_x,robot_y,robot_theta,tree 1,tree 2,tree 3,tree 4,tree 5,tree 6,tree 7,tree 8,tree 9,battery_level,temperature,water_robot_tank,water_ground_tank,leak 1,leak 2,leak 3,leak 4,leak 5,leak 6,leak 7,leak 8,leak 9,direction,avancement,left,right,push,wrench,leak 1,leak 2,leak 3,leak 4,leak 5,leak 6,leak 7,leak 8,leak 9,rm_alarm,errors,shortcuts
60,1,2,-5.464086055755615,-2.4341349601745605,-1.1813175678253174,0,0,0,0,0,1,1,1,1,55,20.0,30,37.81746031746028,0,0,0,0,0,0,1,1,0,0.0,2.86,0.0,0.0,1.0,0.0,0.0,0.0,0.0,0.0,0.0,0.0,0.0,0.0,0.0,0.0,-2,-2
59,1,-1,-5.464086055755615,-2.4341349601745605,-1.1813175678253174,0,0,0,0,0,1,1,1,1,55,20.0,30,38.54761904761899,0,0,0,0,0,0,1,1,0,0.35333333333333333,0.9533333333333333,0.0,0.0,1.0,0.0,0.0,0.0,0.0,0.0,0.0,0.0,0.0,0.0,0.0,0.0,-2,-2
58,1,-1,-4.342684268951416,-5.169454097747803,-1.1810721158981323,0,0,0,0,0,1,1,1,1,54,20.0,30,40.27777777777772,0,0,0,0,0,0,1,1,0,0,0,0.0,0.0,0.0,0.0,0.0,0.0,0.0,0.0,0.0,0.0,0.0,0.0,0.0,1.0,-2,-2
57,1,-1,-3.7042236328125,-6.7111473083496085,-1.1757631301879885,0,0,0,0,0,1,1,1,1,54,20.0,30,42.06349206349198,0,0,0,0,0,0,0,1,0,0,0,0.0,0.0,0.0,1.0,0.0,0.0,0.0,0.0,0.0,0.0,1.0,0.0,0.0,0.0,-2,-2
56,1,-1,-3.0609040260314937,-8.251016616821289,-1.171000838279724,0,0,0,0,0,1,1,1,1,53,20.0,30,43.32539682539674,0,0,0,0,0,0,0,0,0,0,0,0.0,0.0,0.0,1.0,0.0,0.0,0.0,0.0,0.0,0.0,0.0,1.0,0.0,0.0,-2,-2
55,1,-1,-2.410361051559448,-9.788141250610352,-1.1692229509353638,0,0,0,0,0,1,1,1,1,53,20.0,30,43.21428571428562,0,0,1,0,0,0,0,0,0,0,0,0.0,1.0,0.0,0.0,0.0,0.0,0.0,0.0,0.0,0.0,0.0,0.0,0.0,0.0,-2,-2
54,1,-1,-1.747336745262146,-11.31950855255127,-1.1554782390594482,0,0,0,0,0,1,1,1,1,52,20.0,30,43.05555555555546,0,0,1,0,0,0,0,0,0,0,0,0.0,0.0,0.0,0.0,0.0,0.0,0.0,0.0,0.0,0.0,0.0,0.0,0.0,0.0,-2,-2
53,1,-1,-1.1604313850402832,-12.624954223632812,-1.148978590965271,0,0,0,0,0,1,1,1,1,52,20.0,30,42.92063492063482,0,0,1,0,0,0,0,0,0,0,0,0.0,0.0,0.0,1.0,0.0,0.0,0.0,0.0,0.0,0.0,0.0,0.0,0.0,0.0,-2,-2
52,1,-1,-0.7263182401657104,-13.57884407043457,-1.1308809518814087,0,0,0,0,0,1,1,0,1,51,20.0,20,43.86507936507926,0,0,0,0,0,0,0,0,0,0,0,1.0,0.0,1.0,0.0,0.0,0.0,1.0,0.0,0.0,0.0,0.0,0.0,0.0,0.0,-2,-2
51,1,-1,-0.399387925863266,-14.273560523986815,-1.1313378810882568,0,0,0,0,0,1,1,0,1,51,20.0,20,48.722222222222115,0,0,0,0,0,0,0,0,0,0,0,0.0,0.0,1.0,0.0,0.0,0.0,0.0,0.0,0.0,0.0,0.0,0.0,0.0,0.0,-2,-2
