remaining_time,robot_mode,alarm,robot_x,robot_y,robot_theta,tree 1,tree 2,tree 3,tree 4,tree 5,tree 6,tree 7,tree 8,tree 9,battery_level,temperature,water_robot_tank,water_ground_tank,leak 1,leak 2,leak 3,leak 4,leak 5,leak 6,leak 7,leak 8,leak 9,direction,avancement,left,right,push,wrench,leak 1,leak 2,leak 3,leak 4,leak 5,leak 6,leak 7,leak 8,leak 9,rm_alarm,errors,shortcuts
430,1,-1,-8.717301368713379,12.553616523742676,-0.29814791679382324,0,1,0,1,1,1,1,0,0,15,20.0,50,0.49206349206292294,1,0,0,1,0,0,1,1,1,0.0,2.86,0.0,0.0,0.0,0.0,0.0,0.0,0.0,0.0,0.0,0.0,0.0,0.0,0.0,0.0, -1, -1
429,1,-1,-6.478440284729004,11.86326789855957,-0.3005243539810181,0,1,1,1,1,1,1,0,0,15,20.0,50,0.49206349206292294,1,0,0,1,0,0,1,1,1,0.0,2.86,0.0,0.0,0.0,0.0,0.0,0.0,0.0,0.0,0.0,0.0,0.0,0.0,0.0,0.0, -1, -1
428,1,-1,-6.478440284729004,11.86326789855957,-0.3005027174949646,0,1,1,1,1,1,1,0,0,14,20.0,50,0.49206349206292294,1,0,0,1,0,0,1,1,0,0,0,0.0,0.0,0.0,1.0,0.0,0.0,0.0,0.0,0.0,0.0,0.0,0.0,1.0,0.0, -1,1
427,1,-1,-6.478440284729004,11.86326789855957,-0.30048227310180664,0,1,1,1,1,1,1,0,0,14,20.0,50,0.49206349206292294,1,0,0,1,0,0,0,0,0,0,0,0.0,0.0,0.0,1.0,0.0,0.0,0.0,0.0,0.0,0.0,1.0,1.0,0.0,0.0, -1,2
426,1,-1,-6.478440284729004,11.86326789855957,-0.30048227310180664,0,1,1,1,1,1,1,0,0,13,20.0,50,0.49206349206292294,0,0,0,0,0,0,0,0,0,0,0,1.0,0.0,0.0,1.0,1.0,0.0,0.0,1.0,0.0,0.0,0.0,0.0,0.0,0.0, -1,2
425,1,-1,-6.478350162506104,11.863277435302734,0.08533081412315369,0,1,1,1,1,1,1,0,0,13,20.0,50,0.49206349206292294,0,0,0,0,0,0,1,0,0,0,0,1.0,0.0,0.0,0.0,0.0,0.0,0.0,0.0,0.0,0.0,0.0,0.0,0.0,0.0, -1,1
424,1,-1,-5.023192882537842,12.09460163116455,0.16704316437244415,0,1,1,1,1,1,1,0,0,12,20.0,50,0.49206349206292294,0,0,0,0,0,0,1,0,0,0,0,0.0,0.0,0.0,0.0,0.0,0.0,0.0,0.0,0.0,0.0,0.0,0.0,0.0,0.0, -1, -1
423,1,-1,-3.3769745826721187,12.369802474975586,0.1684238165616989,0,1,1,1,1,1,1,0,0,12,20.0,50,0.49206349206292294,0,0,0,0,0,0,1,0,0,0,0,0.0,0.0,0.0,0.0,0.0,0.0,0.0,0.0,0.0,0.0,0.0,0.0,0.0,0.0, -1, -1
422,1,-1,-1.7322156429290771,12.651846885681152,0.1699678748846054,0,1,1,1,1,1,1,0,0,11,24.510548908826927,50,0.49206349206292294,0,0,0,0,0,0,1,0,0,0,0,0.0,0.0,0.0,0.0,0.0,0.0,0.0,0.0,0.0,0.0,0.0,0.0,0.0,0.0, -1, -1
421,1,-1,-0.0870484709739685,12.936100006103516,0.17619848251342773,0,1,1,1,1,1,1,0,0,11,31.66557590312732,50,0.49206349206292294,0,0,0,0,0,0,0,0,0,0,0,0.0,0.0,0.0,1.0,0.0,0.0,0.0,0.0,0.0,0.0,1.0,0.0,0.0,0.0, -1,1
