remaining_time,robot_mode,alarm,robot_x,robot_y,robot_theta,tree 1,tree 2,tree 3,tree 4,tree 5,tree 6,tree 7,tree 8,tree 9,battery_level,temperature,water_robot_tank,water_ground_tank,leak 1,leak 2,leak 3,leak 4,leak 5,leak 6,leak 7,leak 8,leak 9,direction,avancement,left,right,push,wrench,leak 1,leak 2,leak 3,leak 4,leak 5,leak 6,leak 7,leak 8,leak 9,rm_alarm,errors,shortcuts
110,1,-1,0.10830147564411163,-10.272417068481444,1.5626641511917114,1,1,1,0,0,1,1,0,0,46,20.0,60,0.03174603174543245,0,0,0,0,0,0,1,0,0,0,0,1.0,0.0,1.0,0.0,0.0,0.0,0.0,0.0,0.0,0.0,0.0,0.0,0.0,0.0, -1,3
109,1,-1,0.10749074816703796,-10.268834114074707,1.0587699413299558,1,1,1,0,0,1,1,0,0,46,20.0,60,0.03174603174543245,0,0,0,0,0,0,1,0,0,0,0,1.0,0.0,1.0,0.0,0.0,0.0,0.0,0.0,0.0,0.0,0.0,0.0,0.0,0.0, -1,2
108,1,-1,0.1037777066230774,-10.26966381072998,0.5316281318664551,1,1,1,0,0,1,1,0,0,45,20.0,60,0.03174603174543245,0,0,0,0,0,0,1,0,0,0,0,1.0,0.0,0.0,1.0,0.0,0.0,0.0,0.0,0.0,0.0,0.0,0.0,0.0,0.0, -1,2
107,1,-1,0.10062557458877563,-10.269364356994627,0.035673584789037704,1,1,1,0,0,1,1,0,0,45,20.0,60,0.03174603174543245,0,0,0,0,0,0,0,0,0,0,0,1.0,0.0,0.0,0.0,0.0,0.0,0.0,0.0,0.0,0.0,1.0,0.0,0.0,0.0, -1,1
106,1,-1,1.233354091644287,-10.383601188659668,-0.11453203111886978,1,1,1,0,0,1,1,0,0,44,20.0,60,1.0317460317454323,0,0,0,0,0,0,0,0,0,0,0,0.0,0.0,0.0,0.0,0.0,0.0,0.0,0.0,0.0,0.0,0.0,0.0,0.0,0.0, -1, -1
105,1,-1,2.8900160789489746,-10.571444511413574,-0.1100357323884964,1,1,1,0,0,1,1,0,0,44,20.0,60,4.7460317460311465,0,0,0,0,0,0,0,0,0,0,0,0.0,1.0,1.0,0.0,0.0,0.0,0.0,0.0,0.0,0.0,0.0,0.0,0.0,0.0, -1,4
104,1,-1,4.54653263092041,-10.768787384033203,-0.12194078415632248,1,1,1,0,0,1,1,0,0,43,20.0,60,8.46031746031686,0,0,0,0,0,0,0,0,0,0,0,0.0,1.0,1.0,0.0,0.0,0.0,0.0,0.0,0.0,0.0,0.0,0.0,0.0,0.0, -1,4
103,1,-1,6.2026896476745605,-10.972102165222168,-0.12258567661046982,1,1,1,0,0,1,1,0,0,43,20.0,60,13.031746031745431,0,0,0,0,0,0,0,0,0,0,0,1.0,0.0,1.0,0.0,0.0,0.0,0.0,0.0,0.0,0.0,0.0,0.0,0.0,0.0, -1,5
102,1,-1,7.858372688293457,-11.178420066833496,-0.12427539378404615,1,1,1,0,0,1,1,0,0,42,20.0,60,17.460317460316862,0,0,0,0,0,0,0,0,0,0,0,0.0,0.0,1.0,0.0,0.0,0.0,0.0,0.0,0.0,0.0,0.0,0.0,0.0,0.0, -1,6
101,1,-1,9.51257610321045,-11.396503448486328,-0.13184618949890134,1,1,1,0,0,1,1,0,0,42,20.0,60,19.603174603174008,0,0,0,0,0,0,0,0,0,0,0,0.0,0.0,1.0,0.0,0.0,0.0,0.0,0.0,0.0,0.0,0.0,0.0,0.0,0.0, -1,6
