remaining_time,robot_mode,alarm,robot_x,robot_y,robot_theta,tree 1,tree 2,tree 3,tree 4,tree 5,tree 6,tree 7,tree 8,tree 9,battery_level,temperature,water_robot_tank,water_ground_tank,leak 1,leak 2,leak 3,leak 4,leak 5,leak 6,leak 7,leak 8,leak 9,direction,avancement,left,right,push,wrench,leak 1,leak 2,leak 3,leak 4,leak 5,leak 6,leak 7,leak 8,leak 9,rm_alarm,errors,shortcuts
410,1,-1,0.2775048613548279,-7.995726585388184,-1.674974799156189,1,0,1,1,1,1,1,1,0,5,20.0,0,0.0,1,1,1,1,0,1,1,0,0,0,0,0.0,0.0,0.0,0.0,0.0,0.0,0.0,0.0,0.0,0.0,0.0,0.0,0.0,0.0,-2,-2
409,1,-1,0.27750664949417114,-7.995726585388184,-1.674974799156189,1,0,1,1,1,1,1,1,0,5,20.0,0,0.0,1,1,1,1,0,1,1,0,0,0,0,0.0,0.0,0.0,0.0,0.0,0.0,0.0,0.0,0.0,0.0,0.0,0.0,0.0,0.0,-2,-2
408,1,-1,0.2775084376335144,-7.995726585388184,-1.674974799156189,1,0,1,1,1,1,1,1,0,4,20.0,0,0.0,1,1,1,1,0,1,1,0,0,0,0,0.0,0.0,0.0,0.0,0.0,0.0,0.0,0.0,0.0,0.0,0.0,0.0,0.0,0.0,-2,-2
407,1,-1,0.2775084376335144,-7.995726585388184,-1.674974799156189,1,0,1,1,1,1,1,1,0,4,20.0,0,0.0,1,1,1,1,0,1,1,0,0,0,0,0.0,0.0,0.0,0.0,0.0,0.0,0.0,0.0,0.0,0.0,0.0,0.0,0.0,0.0,-2,-2
406,1,-1,0.27883049845695496,-7.9954771995544425,-1.2892389297485352,1,0,1,1,1,1,1,1,0,3,20.0,0,0.0,1,1,1,1,0,1,1,0,0,0,0,0.0,0.0,0.0,0.0,0.0,0.0,0.0,0.0,0.0,0.0,0.0,0.0,0.0,0.0,-2,-2
405,1,-1,0.2796294987201691,-7.9947142601013175,-0.7742947936058044,1,0,1,1,1,1,1,1,0,3,20.0,0,0.0,1,1,1,1,0,1,1,0,0,0,0,0.0,0.0,0.0,0.0,0.0,0.0,0.0,0.0,0.0,0.0,0.0,0.0,0.0,0.0,-2,-2
404,1,-1,0.2820611000061035,-7.995747089385986,-0.20417211949825287,1,0,1,1,1,1,1,1,0,2,20.0,0,0.0,1,1,1,1,0,1,1,0,0,0,0,0.0,0.0,0.0,0.0,0.0,0.0,0.0,0.0,0.0,0.0,0.0,0.0,0.0,0.0,-2,-2
403,1,-1,0.2846217751502991,-7.995345592498778,0.3511572480201721,1,0,1,1,1,1,1,1,0,2,20.0,0,0.0,1,1,1,1,0,1,1,0,0,0,0,0.0,0.0,0.0,0.0,0.0,0.0,0.0,0.0,0.0,0.0,0.0,0.0,0.0,0.0,-2,-2
402,1,-1,0.2866184711456299,-7.995201587677003,0.8719668984413147,1,0,1,1,1,1,1,1,0,1,20.0,0,0.0,1,1,1,1,0,1,1,0,0,0,0,0.0,0.0,0.0,0.0,0.0,0.0,0.0,0.0,0.0,0.0,0.0,0.0,0.0,0.0,-2,-2
401,1,-1,0.98789644241333,-6.992478370666504,0.9666005969047546,1,0,1,1,1,1,1,1,0,1,20.0,0,0.0,1,1,1,1,0,1,1,0,0,0,0,0.0,0.0,0.0,0.0,0.0,0.0,0.0,0.0,0.0,0.0,0.0,0.0,0.0,0.0,-2,-2
