remaining_time,robot_mode,alarm,robot_x,robot_y,robot_theta,tree 1,tree 2,tree 3,tree 4,tree 5,tree 6,tree 7,tree 8,tree 9,battery_level,temperature,water_robot_tank,water_ground_tank,leak 1,leak 2,leak 3,leak 4,leak 5,leak 6,leak 7,leak 8,leak 9,direction,avancement,left,right,push,wrench,leak 1,leak 2,leak 3,leak 4,leak 5,leak 6,leak 7,leak 8,leak 9,rm_alarm,errors,shortcuts
540,1,-1,-2.0725347995758057,-5.169785976409912,1.4998754262924194,1,0,1,1,0,0,0,0,0,70,20.0,80,7.523809523809064,0,0,0,0,0,0,0,0,0,-0.1325,2.145,0.0,0.0,0.0,0.0,0.0,0.0,0.0,0.0,0.0,0.0,0.0,0.0,0.0,1.0,-2,-2
539,1,-1,-2.0725347995758057,-5.169785976409912,1.4998754262924194,1,0,1,1,0,0,0,0,0,70,20.0,80,7.523809523809064,0,0,0,0,0,0,0,0,0,0.0,2.86,0.0,0.0,0.0,0.0,0.0,0.0,0.0,0.0,0.0,0.0,0.0,0.0,0.0,0.0,-2,-2
538,1,-1,-1.9931321144104004,-4.252991199493408,1.5876152515411377,1,0,1,1,0,0,0,0,0,69,20.0,80,7.523809523809064,0,0,0,0,0,0,0,0,0,0,0,0.0,0.0,0.0,0.0,0.0,0.0,0.0,0.0,0.0,0.0,0.0,0.0,0.0,0.0,-2,-2
537,1,-1,-2.035447359085083,-2.612664699554444,1.5979560613632202,1,0,1,1,0,0,0,0,0,69,20.0,80,7.523809523809064,0,0,0,0,0,0,0,0,0,0,0,0.0,0.0,0.0,0.0,0.0,0.0,0.0,0.0,0.0,0.0,0.0,0.0,0.0,0.0,-2,-2
536,1,-1,-2.092736959457397,-0.8894249200820923,1.6077191829681396,1,0,1,1,0,0,0,0,0,68,20.0,80,7.523809523809064,0,0,0,0,0,0,0,0,0,0,0,0.0,0.0,0.0,0.0,0.0,0.0,0.0,0.0,0.0,0.0,0.0,0.0,0.0,0.0,-2,-2
535,1,-1,-2.1562488079071045,0.7779491543769836,1.6171839237213137,1,0,1,1,0,0,0,0,0,68,20.0,80,7.523809523809064,0,0,1,0,0,0,0,0,0,0,0,0.0,0.0,0.0,0.0,0.0,0.0,0.0,0.0,0.0,0.0,0.0,0.0,0.0,0.0,-2,-2
534,1,-1,-2.2301690578460693,2.3321702480316158,1.630626201629639,1,0,1,1,0,0,0,0,0,67,20.0,80,6.96825396825351,0,0,1,0,0,0,0,0,0,0,0,0.0,0.0,0.0,0.0,0.0,0.0,0.0,0.0,0.0,0.0,0.0,0.0,0.0,0.0,-2,-2
533,1,-1,-2.2976622581481934,3.5051188468933105,1.6276030540466309,1,0,1,1,0,0,0,0,0,67,20.0,80,6.4126984126979565,0,0,1,0,0,0,0,0,0,0,0,0.0,0.0,0.0,0.0,0.0,0.0,0.0,0.0,0.0,0.0,0.0,0.0,0.0,0.0,-2,-2
532,1,-1,-2.354292392730713,4.311028480529785,1.6426137685775757,1,0,1,0,0,0,0,0,0,66,20.0,70,5.857142857142402,0,0,1,0,0,0,0,0,0,0,0,0.0,0.0,0.0,0.0,0.0,0.0,0.0,0.0,0.0,0.0,0.0,0.0,0.0,0.0,-2,-2
531,1,-1,-2.402080774307251,4.962278366088867,1.6460292339324951,1,0,1,0,0,0,0,0,0,66,20.0,70,5.301587301586848,0,0,1,0,0,0,0,0,0,0,0,0.0,0.0,0.0,0.0,0.0,0.0,0.0,0.0,0.0,0.0,0.0,0.0,0.0,0.0,-2,-2
