remaining_time,robot_mode,alarm,robot_x,robot_y,robot_theta,tree 1,tree 2,tree 3,tree 4,tree 5,tree 6,tree 7,tree 8,tree 9,battery_level,temperature,water_robot_tank,water_ground_tank,leak 1,leak 2,leak 3,leak 4,leak 5,leak 6,leak 7,leak 8,leak 9,direction,avancement,left,right,push,wrench,leak 1,leak 2,leak 3,leak 4,leak 5,leak 6,leak 7,leak 8,leak 9,rm_alarm,errors,shortcuts
560,1,-1,-0.9312343001365662,7.842593669891357,1.7182664871215818,1,1,0,1,0,1,1,0,0,80,26.66445024549425,40,0.8888888888887431,1,1,0,0,0,1,1,1,1,0,0,0.0,0.0,0.0,0.0,0.0,0.0,0.0,0.0,0.0,0.0,0.0,0.0,0.0,0.0, -1,-1
559,1,6,-0.9312343001365662,7.842593669891357,1.7182664871215818,1,1,0,1,0,1,1,0,0,80,26.66445024549425,40,0.8888888888887431,1,1,0,0,0,1,1,1,1,0,0,0.0,0.0,0.0,0.0,0.0,0.0,0.0,0.0,0.0,0.0,0.0,0.0,0.0,0.0, -1,-1
558,1,-1,-0.6771832704544067,6.1284852027893075,2.158590793609619,1,1,0,1,0,1,1,0,0,79,33.195888233350935,40,0.8888888888887431,1,1,0,0,0,1,1,1,1,0,0,0.0,0.0,0.0,0.0,0.0,0.0,0.0,0.0,0.0,0.0,0.0,0.0,0.0,0.0, -1,-1
557,1,-1,-0.679206907749176,6.12847375869751,2.6897690296173096,1,1,0,0,0,1,1,0,0,79,29.862554900017606,30,0.8888888888887431,1,1,0,0,0,1,1,1,1,0,0,0.0,0.0,0.0,0.0,0.0,0.0,0.0,0.0,0.0,0.0,0.0,0.0,0.0,0.0, -1,-1
556,1,-1,-1.0226622819900513,6.253729820251465,2.8121142387390137,1,1,0,0,0,1,1,0,0,78,26.529221566684278,30,0.8888888888887431,1,1,0,0,0,1,1,1,1,0,0,0.0,0.0,0.0,0.0,0.0,0.0,0.0,0.0,0.0,0.0,0.0,0.0,0.0,1.0, click,-1
555,1,-1,-1.0226622819900513,6.253729820251465,2.8121142387390137,1,1,0,0,0,1,1,0,0,78,26.529221566684278,30,0.8888888888887431,1,1,0,0,0,1,1,1,1,0,0,0.0,0.0,0.0,0.0,0.0,0.0,0.0,0.0,0.0,0.0,0.0,0.0,0.0,0.0, click,-1
554,1,-1,0.6271730065345764,5.686460018157959,2.402127981185913,1,1,0,0,1,1,1,0,0,77,23.195888233350935,30,0.8888888888887431,1,1,0,0,0,1,1,1,1,0,0,0.0,0.0,0.0,0.0,0.0,0.0,0.0,0.0,0.0,0.0,0.0,0.0,0.0,0.0, -1,-1
553,1,-1,0.6278216242790222,5.686149597167969,1.8455125093460083,1,1,0,0,1,1,1,0,0,77,20.0,30,0.8888888888887431,1,1,0,0,0,1,1,1,1,0,0,0.0,0.0,0.0,0.0,0.0,0.0,0.0,0.0,0.0,0.0,0.0,0.0,0.0,0.0, -1,-1
552,1,-1,0.3924005329608917,6.9716644287109375,1.7455217838287354,1,1,0,0,1,1,1,0,0,76,20.0,30,0.8888888888887431,1,1,0,0,0,1,1,1,1,0,0,0.0,0.0,0.0,0.0,0.0,0.0,0.0,0.0,0.0,0.0,0.0,0.0,0.0,0.0, -1,-1
551,1,-1,0.10387047380208968,8.615105628967285,1.7409586906433103,1,1,0,0,1,1,1,0,0,76,26.607752583976534,30,0.8888888888887431,1,1,0,0,0,1,1,1,1,0,0,0.0,0.0,0.0,0.0,0.0,0.0,0.0,0.0,0.0,0.0,0.0,0.0,0.0,0.0, click,-1
