remaining_time,robot_mode,alarm,robot_x,robot_y,robot_theta,tree 1,tree 2,tree 3,tree 4,tree 5,tree 6,tree 7,tree 8,tree 9,battery_level,temperature,water_robot_tank,water_ground_tank,leak 1,leak 2,leak 3,leak 4,leak 5,leak 6,leak 7,leak 8,leak 9,direction,avancement,left,right,push,wrench,leak 1,leak 2,leak 3,leak 4,leak 5,leak 6,leak 7,leak 8,leak 9,rm_alarm,errors,shortcuts
560,1,-1,15.82131576538086,16.048349380493164,1.8061373233795168,1,1,0,0,0,0,0,0,1,99,20.0,50,11.11111111111105,0,0,0,0,1,1,1,0,1,0,0,0.0,0.0,0.0,0.0,0.0,0.0,0.0,0.0,0.0,0.0,0.0,0.0,0.0,0.0,-2,-2
559,1,-1,15.825494766235352,16.04707145690918,2.309757947921753,1,1,0,0,0,0,0,0,1,100,20.0,50,8.888888888888827,0,0,0,0,1,1,1,0,1,0,0,0.0,0.0,0.0,0.0,0.0,0.0,0.0,0.0,0.0,0.0,0.0,0.0,0.0,0.0,-2,-2
558,1,-1,15.825982093811035,16.044321060180664,2.787991762161255,1,1,0,0,0,0,0,0,1,99,20.0,50,6.666666666666603,0,0,0,0,1,1,1,0,1,0,0,0.0,0.0,0.0,0.0,0.0,0.0,0.0,0.0,0.0,0.0,0.0,0.0,0.0,0.0,-2,-2
557,1,-1,15.82832145690918,16.040351867675778,-2.965144157409668,1,1,0,0,0,0,0,0,1,100,20.0,50,4.444444444444381,0,0,0,0,1,1,1,0,1,0,0,0.0,0.0,0.0,0.0,0.0,0.0,0.0,0.0,0.0,0.0,0.0,0.0,0.0,1.0,-2,-2
556,1,-1,15.830537796020508,16.040056228637695,-2.5081007480621342,1,1,0,0,0,0,0,0,1,99,20.0,50,2.222222222222157,0,0,0,0,1,1,1,0,1,0,0,0.0,0.0,0.0,0.0,0.0,0.0,0.0,0.0,0.0,0.0,0.0,0.0,0.0,0.0,-2,-2
555,1,-1,15.073262214660645,15.345836639404295,-2.381211042404175,1,1,0,0,0,0,0,0,1,100,20.0,50,0.8888888888888242,0,0,0,0,1,1,1,0,1,0,0,0.0,0.0,0.0,0.0,0.0,0.0,0.0,0.0,0.0,0.0,0.0,0.0,0.0,0.0,-2,-2
554,1,-1,13.846381187438965,14.179137229919435,-2.381757497787476,1,1,0,0,0,0,0,0,1,99,20.0,50,0.8888888888888242,0,0,0,0,1,1,1,0,1,0,0,0.0,0.0,0.0,0.0,0.0,0.0,0.0,0.0,0.0,0.0,0.0,0.0,0.0,0.0,-2,-2
553,1,-1,12.618328094482422,13.008668899536133,-2.3808369636535645,1,1,0,0,0,0,0,0,1,99,20.0,50,0.8888888888888242,0,0,0,0,1,1,1,0,1,0,0,0.0,0.0,0.0,0.0,0.0,0.0,0.0,0.0,0.0,0.0,0.0,0.0,0.0,0.0,-2,-2
552,1,-1,11.412131309509276,11.856328964233398,-2.37904691696167,1,1,0,0,0,0,0,0,1,98,20.0,50,0.8888888888888242,0,0,0,0,1,1,1,0,1,0,0,0.0,0.0,0.0,0.0,0.0,0.0,0.0,0.0,0.0,0.0,0.0,0.0,0.0,0.0,-2,-2
551,1,-1,10.205965995788574,10.703361511230467,-2.3793776035308842,1,1,0,0,0,0,0,0,1,98,20.0,50,0.8888888888888242,0,0,0,0,1,1,1,0,1,0,0,0.0,0.0,0.0,0.0,0.0,0.0,0.0,0.0,0.0,0.0,0.0,0.0,0.0,0.0,-2,-2
