remaining_time,robot_mode,alarm,robot_x,robot_y,robot_theta,tree 1,tree 2,tree 3,tree 4,tree 5,tree 6,tree 7,tree 8,tree 9,battery_level,temperature,water_robot_tank,water_ground_tank,leak 1,leak 2,leak 3,leak 4,leak 5,leak 6,leak 7,leak 8,leak 9,direction,avancement,left,right,push,wrench,leak 1,leak 2,leak 3,leak 4,leak 5,leak 6,leak 7,leak 8,leak 9,rm_alarm,errors,shortcuts
530,1,-1,13.993629455566404,-13.177597999572756,-1.1696420907974243,1,1,1,1,1,0,0,1,0,65,20.0,0,27.920634920634306,1,1,1,1,1,0,1,1,0,0,0,1.0,0.0,0.0,0.0,0.0,0.0,0.0,0.0,0.0,0.0,0.0,0.0,0.0,0.0,-2,-2
529,1,-1,13.991191864013672,-13.180910110473633,-1.7013664245605469,1,1,1,1,1,0,0,1,0,65,20.0,0,24.031746031745413,1,1,1,1,1,0,1,1,0,0,0,0.0,1.0,0.0,0.0,0.0,0.0,0.0,0.0,0.0,0.0,0.0,0.0,0.0,0.0,-2,-2
528,1,-1,13.991291999816895,-13.18696117401123,-2.239313125610352,1,1,1,1,1,0,0,1,0,64,20.0,0,22.087301587300967,1,1,1,1,1,0,1,1,0,0,0,1.0,0.0,0.0,0.0,0.0,0.0,0.0,0.0,0.0,0.0,0.0,0.0,0.0,0.0,-2,-2
527,1,-1,13.987345695495605,-13.189746856689453,-2.7839298248291016,1,1,1,1,1,0,0,1,0,64,20.0,0,19.753968253967635,1,1,1,1,1,0,1,1,0,0,0,0.0,0.0,1.0,0.0,0.0,0.0,0.0,0.0,0.0,0.0,0.0,0.0,0.0,0.0,-2,-2
526,1,-1,13.98447036743164,-13.190366744995115,3.020697832107544,1,1,1,1,1,0,0,1,0,63,20.0,0,18.49999999999938,1,1,1,1,1,0,1,1,0,0,0,0.0,1.0,0.0,0.0,0.0,0.0,0.0,0.0,0.0,0.0,0.0,0.0,0.0,0.0,-2,-2
525,1,-1,12.537400245666506,-12.915963172912598,2.9447805881500244,1,1,1,1,1,0,0,1,0,63,20.0,0,20.698412698412078,1,1,1,1,1,0,1,1,0,0,0,0.0,0.0,0.0,0.0,0.0,0.0,0.0,0.0,0.0,0.0,0.0,0.0,0.0,0.0,-2,-2
524,1,-1,10.90183162689209,-12.58485221862793,2.937842607498169,1,1,1,1,1,0,0,1,0,62,20.0,0,16.809523809523185,1,1,1,1,1,0,1,1,0,0,0,1.0,0.0,0.0,0.0,0.0,0.0,0.0,0.0,0.0,0.0,0.0,0.0,0.0,0.0,-2,-2
523,1,6,9.267626762390137,-12.248017311096193,2.9324405193328857,1,1,1,1,1,0,0,1,0,62,20.0,0,12.920634920634294,1,1,1,1,1,0,1,1,0,0,0,1.0,0.0,0.0,0.0,0.0,0.0,0.0,0.0,0.0,0.0,0.0,0.0,0.0,0.0,-2,-2
522,1,-1,7.636024475097656,-11.89869213104248,2.9290642738342285,1,1,1,1,1,0,0,1,0,61,20.0,0,9.031746031745401,1,1,1,1,1,0,1,1,0,0,0,0.0,0.0,0.0,0.0,0.0,0.0,0.0,0.0,0.0,0.0,0.0,0.0,0.0,0.0,-2,-2
521,1,-1,6.006524085998535,-11.539938926696776,2.9166717529296875,1,1,1,1,1,0,0,1,0,61,20.0,0,5.14285714285651,1,1,1,1,1,0,1,1,0,0,0,0.0,0.0,0.0,0.0,0.0,0.0,0.0,0.0,0.0,0.0,0.0,0.0,0.0,0.0,-2,-2
