remaining_time,robot_mode,alarm,robot_x,robot_y,robot_theta,tree 1,tree 2,tree 3,tree 4,tree 5,tree 6,tree 7,tree 8,tree 9,battery_level,temperature,water_robot_tank,water_ground_tank,leak 1,leak 2,leak 3,leak 4,leak 5,leak 6,leak 7,leak 8,leak 9,direction,avancement,left,right,push,wrench,leak 1,leak 2,leak 3,leak 4,leak 5,leak 6,leak 7,leak 8,leak 9,rm_alarm,errors,shortcuts
510,1,-1,-13.926040649414062,15.677120208740234,3.132028341293335,0,0,0,0,0,1,0,0,1,55,20.0,30,74.87301587301575,0,0,0,0,0,0,0,0,0,0.0,2.86,0.0,0.0,0.0,0.0,0.0,0.0,0.0,0.0,0.0,0.0,0.0,0.0,0.0,0.0,-2,-2
509,1,-1,-12.635717391967773,15.66444492340088,3.1301064491271973,0,0,0,0,0,1,0,0,1,55,20.0,30,74.87301587301575,0,0,0,0,0,0,0,0,0,-0.53,0.0,0.0,0.0,0.0,0.0,0.0,0.0,0.0,0.0,0.0,0.0,0.0,0.0,0.0,0.0,-2,-2
508,1,-1,-13.632258415222168,15.167760848999025,-2.5964641571044917,0,0,0,0,0,1,0,0,1,54,20.0,30,74.87301587301575,0,0,0,0,0,0,0,0,0,0,0,1.0,0.0,0.0,0.0,0.0,0.0,0.0,0.0,0.0,0.0,0.0,0.0,0.0,0.0,-2,-2
507,1,-1,-13.632258415222168,15.167760848999025,-2.5964641571044917,0,0,0,0,0,1,0,0,1,54,20.0,30,74.87301587301575,0,0,0,0,0,0,0,0,0,0,0,1.0,0.0,0.0,0.0,0.0,0.0,0.0,0.0,0.0,0.0,0.0,0.0,0.0,0.0,-2,-2
506,1,-1,-13.799530982971193,15.06435775756836,-2.1019532680511475,0,0,0,0,0,1,0,0,1,53,20.0,30,74.87301587301575,0,0,0,0,0,0,0,0,0,0,0,1.0,0.0,0.0,0.0,0.0,0.0,0.0,0.0,0.0,0.0,0.0,0.0,0.0,0.0,-2,-2
505,1,-1,-13.837372779846193,14.841249465942385,-1.7151086330413818,0,0,0,0,0,1,0,0,1,53,20.0,30,74.87301587301575,0,0,0,0,0,0,0,1,0,0,0,0.0,0.0,0.0,0.0,0.0,0.0,0.0,0.0,0.0,0.0,0.0,0.0,0.0,0.0,-2,-2
504,1,-1,-14.03817367553711,13.18506908416748,-1.687158703804016,0,0,0,0,0,1,0,1,1,52,20.0,30,74.5396825396824,0,0,0,0,0,0,0,1,0,0,0,0.0,1.0,0.0,0.0,0.0,0.0,0.0,0.0,0.0,0.0,0.0,0.0,0.0,0.0,-2,-2
503,1,-1,-14.232172966003418,11.527546882629395,-1.687435746192932,0,0,0,0,0,1,0,1,1,52,20.0,30,73.98412698412683,0,0,0,0,0,0,0,1,0,0,0,0.0,1.0,0.0,1.0,0.0,0.0,0.0,0.0,0.0,0.0,0.0,0.0,0.0,0.0,-2,-2
502,1,-1,-14.42514419555664,9.869383811950684,-1.6792196035385132,0,0,0,0,0,1,0,1,1,51,20.0,30,73.76190476190459,0,0,0,0,0,0,0,0,0,0,0,0.0,0.0,0.0,0.0,0.0,0.0,0.0,0.0,0.0,0.0,0.0,1.0,0.0,0.0,-2,-2
501,1,-1,-14.602422714233398,8.210400581359862,-1.6741602420806885,1,0,0,0,0,1,0,1,1,51,20.0,30,73.76190476190459,0,0,0,0,0,0,0,0,0,0,0,0.0,1.0,1.0,0.0,0.0,0.0,0.0,0.0,0.0,0.0,0.0,0.0,0.0,0.0,-2,-2
