remaining_time,robot_mode,alarm,robot_x,robot_y,robot_theta,tree 1,tree 2,tree 3,tree 4,tree 5,tree 6,tree 7,tree 8,tree 9,battery_level,temperature,water_robot_tank,water_ground_tank,leak 1,leak 2,leak 3,leak 4,leak 5,leak 6,leak 7,leak 8,leak 9,direction,avancement,left,right,push,wrench,leak 1,leak 2,leak 3,leak 4,leak 5,leak 6,leak 7,leak 8,leak 9,rm_alarm,errors,shortcuts
130,1,-1,2.8919546604156494,7.180070877075195,-2.012191772460937,0,1,1,1,1,1,0,1,1,91,20.0,0,71.44444444444375,0,0,1,0,0,0,0,0,0,0.1325,2.145,0.0,0.0,0.0,0.0,0.0,0.0,0.0,0.0,0.0,0.0,0.0,0.0,0.0,0.0,-2,-2
129,1,-1,2.8919546604156494,7.180070877075195,-2.012191772460937,0,1,1,1,1,1,0,1,1,91,20.0,0,70.88888888888819,0,0,1,0,0,0,0,0,0,0.35333333333333333,0.9533333333333333,0.0,0.0,0.0,1.0,0.0,0.0,0.0,0.0,0.0,0.0,0.0,0.0,0.0,0.0,-2,-2
128,1,-1,1.5284411907196045,3.639410972595215,-1.7180709838867188,0,1,1,1,1,1,0,1,1,90,20.0,0,70.55555555555483,0,0,0,0,0,0,0,0,0,0.0,2.86,0.0,0.0,0.0,0.0,0.0,0.0,1.0,0.0,0.0,0.0,0.0,0.0,0.0,0.0,-2,-2
127,1,4,1.303255319595337,1.9866181612014768,-1.7051631212234497,0,1,1,1,1,1,0,1,1,90,20.0,0,70.55555555555483,0,0,0,0,0,0,0,0,0,0.0,2.86,0.0,0.0,0.0,0.0,0.0,0.0,0.0,0.0,0.0,0.0,0.0,0.0,0.0,0.0,-2,-2
126,1,-1,1.0794777870178225,0.33372312784194946,-1.7037401199340818,0,1,1,1,1,1,1,1,1,89,20.0,0,70.55555555555483,0,0,0,0,0,0,0,0,0,0.0,2.86,0.0,0.0,0.0,0.0,0.0,0.0,0.0,0.0,0.0,0.0,0.0,0.0,0.0,1.0,-2,-2
125,1,-1,0.8619506955146791,-1.3187652826309204,-1.7044057846069336,0,1,1,1,1,1,1,1,1,89,20.0,0,70.44444444444372,0,0,0,0,0,0,1,0,0,0,0,0.0,1.0,0.0,0.0,0.0,0.0,0.0,0.0,0.0,0.0,0.0,0.0,0.0,0.0,-2,-2
124,1,-1,0.6546117663383484,-2.975016832351685,-1.6921298503875732,0,1,1,1,1,1,1,1,1,88,20.0,0,69.88888888888815,0,0,0,0,0,0,1,0,0,0,0,0.0,0.0,0.0,1.0,0.0,0.0,0.0,0.0,0.0,0.0,0.0,0.0,0.0,0.0,-2,-2
123,1,-1,0.4549515843391418,-4.630612850189209,-1.686309814453125,0,1,1,1,1,1,1,1,1,88,20.0,0,69.66666666666593,0,0,0,0,0,0,0,0,0,0,0,0.0,0.0,1.0,0.0,0.0,0.0,0.0,0.0,0.0,0.0,1.0,0.0,0.0,0.0,-2,-2
122,1,-1,0.3003139495849609,-6.031758785247803,-1.6687449216842651,0,1,1,1,1,1,1,1,1,87,20.0,0,73.52380952380878,0,0,0,0,0,0,0,0,0,0,0,1.0,0.0,0.0,0.0,0.0,0.0,0.0,0.0,0.0,0.0,0.0,0.0,0.0,0.0,-2,-2
121,1,-1,0.2000797837972641,-7.062355995178223,-1.6664716005325315,0,1,1,1,1,1,1,1,1,87,20.0,0,77.66666666666593,0,0,0,0,0,0,0,0,0,0,0,1.0,0.0,0.0,0.0,0.0,0.0,0.0,0.0,0.0,0.0,0.0,0.0,0.0,0.0,-2,-2
