remaining_time,robot_mode,alarm,robot_x,robot_y,robot_theta,tree 1,tree 2,tree 3,tree 4,tree 5,tree 6,tree 7,tree 8,tree 9,battery_level,temperature,water_robot_tank,water_ground_tank,leak 1,leak 2,leak 3,leak 4,leak 5,leak 6,leak 7,leak 8,leak 9,direction,avancement,left,right,push,wrench,leak 1,leak 2,leak 3,leak 4,leak 5,leak 6,leak 7,leak 8,leak 9,rm_alarm,errors,shortcuts
40,1,-1,16.395761489868164,16.242136001586914,2.9022107124328613,0,0,0,1,0,1,0,0,1,69,20.0,20,43.388888888888594,0,0,0,1,0,0,0,0,0,0.53,0.0,0.0,0.0,0.0,0.0,0.0,1.0,0.0,0.0,0.0,0.0,0.0,0.0,0.0,0.0,-2,-2
39,1,-1,16.39554214477539,16.241640090942386,2.9369783401489262,0,0,0,1,0,1,0,1,1,79,20.0,20,42.83333333333302,0,0,0,1,0,0,0,0,0,0.53,0.0,0.0,0.0,0.0,0.0,0.0,0.0,0.0,0.0,0.0,0.0,0.0,0.0,0.0,0.0,-2,-2
38,1,-1,16.39554214477539,16.241640090942386,2.9365923404693604,0,0,0,1,0,1,0,1,1,88,20.0,20,42.388888888888566,0,0,0,0,0,0,0,0,0,0,0,0.0,0.0,0.0,1.0,0.0,0.0,0.0,1.0,0.0,0.0,0.0,0.0,0.0,0.0,-2,-2
37,1,-1,16.39554214477539,16.241640090942386,2.9365923404693604,0,0,0,1,0,1,0,1,1,98,20.0,20,42.388888888888566,0,0,0,0,0,0,0,0,0,0,0,0.0,0.0,0.0,0.0,0.0,0.0,0.0,0.0,0.0,0.0,0.0,0.0,0.0,0.0,-2,-2
36,1,-1,16.325859069824222,16.253273010253903,3.003456115722656,0,0,0,1,1,1,0,1,1,99,20.0,20,42.388888888888566,0,0,0,0,0,0,0,0,0,0,0,0.0,0.0,0.0,0.0,0.0,0.0,0.0,0.0,0.0,0.0,0.0,0.0,0.0,0.0,-2,-2
35,1,-1,16.294076919555664,16.257564544677734,3.003791332244873,0,0,0,1,1,1,0,1,1,100,20.0,20,42.388888888888566,0,0,0,0,0,0,0,0,0,0,0,0.0,0.0,0.0,0.0,0.0,0.0,0.0,0.0,0.0,0.0,0.0,0.0,0.0,0.0,-2,-2
34,1,-1,16.294076919555664,16.257564544677734,3.003791332244873,0,0,0,1,1,1,0,1,1,99,20.0,20,42.388888888888566,0,0,0,0,0,0,0,0,0,0,0,1.0,0.0,0.0,0.0,0.0,0.0,0.0,0.0,0.0,0.0,0.0,0.0,0.0,0.0,-2,-2
33,1,-1,16.294076919555664,16.257564544677734,3.003781795501709,0,0,0,1,1,1,0,1,1,100,20.0,20,42.388888888888566,0,0,0,0,0,0,0,0,0,0,0,0.0,0.0,0.0,0.0,0.0,0.0,0.0,0.0,0.0,0.0,0.0,0.0,0.0,0.0,-2,-2
32,1,-1,16.294076919555664,16.257564544677734,3.003781795501709,0,0,0,1,1,1,0,1,1,99,20.0,20,42.388888888888566,0,0,0,0,0,0,0,0,0,0,0,0.0,0.0,0.0,0.0,0.0,0.0,0.0,0.0,0.0,0.0,0.0,0.0,0.0,0.0,-2,-2
31,1,-1,16.295106887817386,16.254158020019528,-2.9223756790161133,0,0,0,1,1,1,0,1,1,100,20.0,20,42.388888888888566,0,0,0,0,0,0,0,0,0,0,0,0.0,0.0,0.0,0.0,0.0,0.0,0.0,0.0,0.0,0.0,0.0,0.0,0.0,0.0,-2,-2
