remaining_time,robot_mode,alarm,robot_x,robot_y,robot_theta,tree 1,tree 2,tree 3,tree 4,tree 5,tree 6,tree 7,tree 8,tree 9,battery_level,temperature,water_robot_tank,water_ground_tank,leak 1,leak 2,leak 3,leak 4,leak 5,leak 6,leak 7,leak 8,leak 9,direction,avancement,left,right,push,wrench,leak 1,leak 2,leak 3,leak 4,leak 5,leak 6,leak 7,leak 8,leak 9,rm_alarm,errors,shortcuts
330,1,-1,-6.267879009246826,2.5298469066619877,-1.1379767656326294,0,0,0,1,1,1,1,0,1,58,20.0,0,0.7777777777777981,1,1,1,1,1,1,0,1,1,0,0,0.0,0.0,0.0,0.0,0.0,0.0,0.0,0.0,0.0,0.0,0.0,0.0,0.0,0.0, -1,-1
329,1,-1,-5.567246437072754,1.0154455900192259,-1.1353843212127686,0,0,0,1,1,1,1,0,1,58,20.0,0,0.7777777777777981,1,1,1,1,1,1,0,1,1,0,0,0.0,0.0,0.0,0.0,0.0,0.0,0.0,0.0,0.0,0.0,0.0,0.0,0.0,0.0, -1,-1
328,1,-1,-4.861138820648193,-0.4958658218383789,-1.1286979913711548,0,0,0,1,1,1,1,0,1,57,20.0,0,0.7777777777777981,1,1,1,1,1,1,0,1,1,0,0,0.0,0.0,0.0,0.0,0.0,0.0,0.0,0.0,0.0,0.0,0.0,0.0,0.0,0.0, -1,-1
327,1,-1,-4.1468000411987305,-2.003800630569458,-1.1226781606674194,0,0,0,1,1,1,1,0,1,57,20.0,0,0.7777777777777981,1,1,1,1,1,1,0,1,1,0,0,0.0,0.0,0.0,0.0,0.0,0.0,0.0,0.0,0.0,0.0,0.0,0.0,0.0,0.0, -1,-1
326,1,-1,-3.433757066726685,-3.481290102005005,-1.1171846389770508,0,0,0,1,1,1,1,0,1,56,20.0,0,0.7777777777777981,1,1,1,1,1,1,0,1,1,0,0,0.0,0.0,0.0,0.0,0.0,0.0,0.0,0.0,0.0,0.0,0.0,0.0,0.0,0.0, -1,-1
325,1,-1,-2.698381900787353,-4.97852087020874,-1.1048259735107422,0,0,0,1,1,1,1,0,1,56,20.0,0,0.7777777777777981,1,1,1,1,1,1,0,1,1,0,0,0.0,0.0,0.0,0.0,0.0,0.0,0.0,0.0,0.0,0.0,0.0,0.0,0.0,0.0, -1,-1
324,1,-1,-2.027374267578125,-6.311952590942383,-1.098933219909668,0,0,0,1,1,1,1,0,1,55,20.0,0,0.7777777777777981,1,1,1,1,1,1,0,1,1,0,0,0.0,0.0,0.0,0.0,0.0,0.0,0.0,0.0,0.0,0.0,0.0,0.0,0.0,0.0, -1,-1
323,1,-1,-1.5260424613952637,-7.287653923034668,-1.094100832939148,0,0,0,1,1,1,1,0,1,55,20.0,0,0.7777777777777981,1,1,1,1,1,1,0,1,1,0,0,0.0,0.0,0.0,0.0,0.0,0.0,0.0,0.0,0.0,0.0,0.0,0.0,0.0,0.0, -1,-1
322,1,-1,-1.1514273881912231,-7.999340534210205,-1.0817197561264038,0,0,0,1,1,1,1,0,1,54,20.0,0,0.7777777777777981,1,1,1,1,1,1,0,1,1,0,0,0.0,0.0,0.0,0.0,0.0,0.0,0.0,0.0,0.0,0.0,0.0,0.0,0.0,0.0, -1,-1
321,1,-1,-0.8734043836593628,-8.515812873840332,-1.0776718854904177,0,0,0,1,1,1,1,0,1,54,20.0,0,0.7777777777777981,1,1,1,1,1,1,0,1,1,0,0,0.0,0.0,0.0,0.0,0.0,0.0,0.0,0.0,0.0,0.0,0.0,0.0,0.0,0.0, -1,-1
