remaining_time,robot_mode,alarm,robot_x,robot_y,robot_theta,tree 1,tree 2,tree 3,tree 4,tree 5,tree 6,tree 7,tree 8,tree 9,battery_level,temperature,water_robot_tank,water_ground_tank,leak 1,leak 2,leak 3,leak 4,leak 5,leak 6,leak 7,leak 8,leak 9,direction,avancement,left,right,push,wrench,leak 1,leak 2,leak 3,leak 4,leak 5,leak 6,leak 7,leak 8,leak 9,rm_alarm,errors,shortcuts
220,1,-1,15.882283210754395,16.01932144165039,1.1269773244857788,1,1,1,1,1,1,1,1,1,99,20.0,0,0.7777777777777981,1,1,1,1,1,1,1,1,1,0,0,0.0,0.0,0.0,0.0,0.0,0.0,0.0,0.0,0.0,0.0,0.0,0.0,0.0,0.0, -1,-1
219,1,-1,15.882283210754395,16.01932144165039,1.1269773244857788,1,1,1,1,1,1,1,1,1,100,20.0,0,0.7777777777777981,1,1,1,1,1,1,1,1,1,0,0,0.0,0.0,0.0,0.0,0.0,0.0,0.0,0.0,0.0,0.0,0.0,0.0,0.0,0.0, -1,-1
218,1,-1,15.883596420288086,16.018613815307614,1.5495998859405518,1,1,1,1,1,1,1,1,1,99,20.0,0,0.7777777777777981,1,1,1,1,1,1,1,1,1,0,0,0.0,0.0,0.0,0.0,0.0,0.0,0.0,0.0,0.0,0.0,0.0,0.0,0.0,0.0, -1,-1
217,1,-1,15.889815330505373,16.017684936523438,2.0660336017608643,1,1,1,1,1,1,1,1,1,100,20.0,0,0.7777777777777981,1,1,1,1,1,1,1,1,1,0,0,0.0,0.0,0.0,0.0,0.0,0.0,0.0,0.0,0.0,0.0,0.0,0.0,0.0,0.0, -1,-1
216,1,-1,15.894957542419435,16.020086288452152,2.56976056098938,1,1,1,1,1,1,1,1,1,99,20.0,0,0.7777777777777981,1,1,1,1,1,1,1,1,1,0,0,0.0,0.0,0.0,0.0,0.0,0.0,0.0,0.0,0.0,0.0,0.0,0.0,0.0,0.0, -1,-1
215,1,-1,15.896533966064453,16.01620101928711,3.069711923599243,1,1,1,1,1,1,1,1,1,100,20.0,0,0.7777777777777981,1,1,1,1,1,1,1,1,1,0,0,0.0,0.0,0.0,0.0,0.0,0.0,0.0,0.0,0.0,0.0,0.0,0.0,0.0,0.0, -1,-1
214,1,-1,15.899723052978516,16.017444610595707,-2.711918592453003,1,1,1,1,1,1,1,1,1,99,20.0,0,0.7777777777777981,1,1,1,1,1,1,1,1,1,0,0,0.0,0.0,0.0,0.0,0.0,0.0,0.0,0.0,0.0,0.0,0.0,0.0,0.0,0.0, -1,-1
213,1,-1,15.903252601623535,16.020296096801758,-2.253545045852661,1,1,1,1,1,1,1,1,1,100,20.0,0,0.7777777777777981,1,1,1,1,1,1,1,1,1,0,0,0.0,0.0,0.0,0.0,0.0,0.0,0.0,0.0,0.0,0.0,0.0,0.0,0.0,0.0, -1,-1
212,1,-1,15.271747589111328,15.071645736694336,-2.1354591846466064,1,1,1,1,1,1,1,1,1,99,20.0,0,0.7777777777777981,1,1,1,1,1,1,1,1,1,0,0,0.0,0.0,0.0,0.0,0.0,0.0,0.0,0.0,0.0,0.0,0.0,0.0,0.0,0.0, -1,-1
211,1,-1,14.38154125213623,13.65994644165039,-2.133028745651245,1,1,1,1,1,1,1,1,1,99,20.0,0,0.7777777777777981,1,1,1,1,1,1,1,1,1,0,0,0.0,0.0,0.0,0.0,0.0,0.0,0.0,0.0,0.0,0.0,0.0,0.0,0.0,0.0, -1,-1
