remaining_time,robot_mode,alarm,robot_x,robot_y,robot_theta,tree 1,tree 2,tree 3,tree 4,tree 5,tree 6,tree 7,tree 8,tree 9,battery_level,temperature,water_robot_tank,water_ground_tank,leak 1,leak 2,leak 3,leak 4,leak 5,leak 6,leak 7,leak 8,leak 9,direction,avancement,left,right,push,wrench,leak 1,leak 2,leak 3,leak 4,leak 5,leak 6,leak 7,leak 8,leak 9,rm_alarm,errors,shortcuts
370,1,-1,5.042021751403809,-14.024614334106445,0.15402698516845706,1,1,1,0,0,1,1,0,1,80,20.0,60,0.6666666666665098,1,1,0,0,1,1,0,0,0,0,0,0.0,0.0,0.0,0.0,0.0,0.0,0.0,0.0,0.0,0.0,0.0,0.0,0.0,0.0,-2,-2
369,1,-1,6.691037654876709,-13.773154258728027,0.14960800111293793,1,1,1,0,0,1,1,0,1,80,20.0,60,0.6666666666665098,1,1,0,0,1,1,0,0,0,0,0,0.0,0.0,0.0,0.0,0.0,0.0,0.0,0.0,0.0,0.0,0.0,0.0,0.0,0.0,-2,-2
368,1,-1,8.340256690979004,-13.525300979614258,0.1431483030319214,1,1,1,0,0,1,1,0,1,79,20.0,60,0.6666666666665098,1,1,0,0,1,1,0,0,0,0,0,0.0,0.0,0.0,0.0,0.0,0.0,0.0,0.0,0.0,0.0,0.0,0.0,0.0,0.0,-2,-2
367,1,-1,9.991729736328123,-13.287638664245605,0.13603237271308902,1,1,1,0,0,1,1,0,1,79,20.0,60,0.6666666666665098,1,1,0,0,1,1,0,0,0,0,0,0.0,0.0,0.0,0.0,0.0,0.0,0.0,0.0,0.0,0.0,0.0,0.0,0.0,0.0,-2,-2
366,1,-1,11.621731758117676,-13.067280769348145,0.12895257771015167,1,1,1,0,0,1,1,0,1,78,20.0,60,0.6666666666665098,1,1,0,0,1,1,0,0,0,0,0,0.0,0.0,0.0,0.0,0.0,0.0,0.0,0.0,0.0,0.0,0.0,0.0,0.0,0.0,-2,-2
365,1,-1,12.916735649108887,-12.905752182006836,0.1190025880932808,1,1,1,0,0,1,1,0,1,78,20.0,60,0.6666666666665098,1,1,0,0,1,1,1,0,0,0,0,0.0,0.0,0.0,0.0,0.0,0.0,0.0,0.0,0.0,0.0,0.0,0.0,0.0,0.0,-2,-2
364,1,-1,13.866470336914062,-12.795856475830078,0.10384483635425568,1,1,1,0,0,0,1,0,1,77,20.0,50,0.6666666666665098,1,1,0,0,1,1,1,0,0,0,0,0.0,0.0,0.0,0.0,0.0,0.0,0.0,0.0,0.0,0.0,0.0,0.0,0.0,0.0,-2,-2
363,1,-1,14.563629150390625,-12.723352432250975,0.10303577780723573,1,1,1,0,0,0,1,0,1,77,20.0,50,0.6666666666665098,1,1,0,0,1,1,1,0,0,0,0,0.0,0.0,0.0,0.0,0.0,0.0,0.0,0.0,0.0,0.0,0.0,0.0,0.0,0.0,-2,-2
362,1,-1,12.446294784545898,-12.94590950012207,0.10719478130340576,1,1,1,0,0,0,1,0,1,76,20.0,50,0.6666666666665098,1,1,0,0,1,1,1,0,0,0,0,0.0,0.0,0.0,0.0,0.0,0.0,0.0,0.0,0.0,0.0,0.0,0.0,0.0,0.0,-2,-2
361,1,-1,12.446294784545898,-12.94590950012207,0.10719478130340576,1,1,1,0,0,0,1,0,1,76,20.0,50,0.6666666666665098,1,1,0,0,1,1,1,0,0,0,0,0.0,0.0,0.0,0.0,0.0,0.0,0.0,0.0,0.0,0.0,0.0,0.0,0.0,0.0,-2,-2
