remaining_time,robot_mode,alarm,robot_x,robot_y,robot_theta,tree 1,tree 2,tree 3,tree 4,tree 5,tree 6,tree 7,tree 8,tree 9,battery_level,temperature,water_robot_tank,water_ground_tank,leak 1,leak 2,leak 3,leak 4,leak 5,leak 6,leak 7,leak 8,leak 9,direction,avancement,left,right,push,wrench,leak 1,leak 2,leak 3,leak 4,leak 5,leak 6,leak 7,leak 8,leak 9,rm_alarm,errors,shortcuts
230,1,-1,15.926732063293455,15.691776275634766,0.9454219341278076,0,1,0,1,1,1,0,1,1,25,20.0,20,1.079365079364771,0,0,0,0,0,0,1,0,0,0,0,0.0,0.0,1.0,0.0,0.0,0.0,0.0,0.0,0.0,0.0,0.0,0.0,0.0,0.0, -1,1
229,1,-1,16.318294525146484,16.23366928100586,0.9434828162193298,0,1,0,1,1,1,0,1,1,35,20.0,20,2.4285714285711206,0,0,0,0,0,0,1,0,0,0,0,1.0,0.0,1.0,0.0,0.0,0.0,0.0,0.0,0.0,0.0,0.0,0.0,0.0,0.0, -1,3
228,1,-1,16.318294525146484,16.23366928100586,0.943394899368286,0,1,0,1,1,1,0,1,1,44,20.0,20,4.150793650793344,0,0,0,0,0,0,0,0,0,0,0,0.0,0.0,0.0,1.0,0.0,0.0,0.0,0.0,0.0,0.0,1.0,0.0,0.0,0.0, -1,1
227,1,-1,16.318294525146484,16.23366928100586,0.9433075189590454,0,1,0,1,1,1,0,1,1,54,20.0,20,4.150793650793344,0,0,0,0,0,0,0,0,0,0,0,0.0,1.0,0.0,0.0,0.0,0.0,0.0,0.0,0.0,0.0,0.0,0.0,0.0,0.0, -1,2
226,1,-1,16.318294525146484,16.23366928100586,0.9433075189590454,0,1,0,1,1,1,0,1,1,63,20.0,20,4.150793650793344,0,0,0,0,0,0,0,0,0,0,0,0.0,1.0,0.0,0.0,0.0,0.0,0.0,0.0,0.0,0.0,0.0,0.0,0.0,0.0, -1,3
225,1,-1,16.318058013916016,16.23069190979004,1.306167483329773,0,1,0,1,1,1,0,1,1,73,20.0,20,4.150793650793344,0,0,0,0,0,0,0,0,0,0,0,0.0,0.0,1.0,0.0,0.0,0.0,0.0,0.0,0.0,0.0,0.0,0.0,0.0,0.0, -1,1
224,1,-1,16.315559387207028,16.229829788208008,1.8216344118118288,0,1,0,1,1,1,0,1,1,82,20.0,20,5.293650793650487,0,0,0,0,0,0,0,0,0,0,0,1.0,0.0,1.0,0.0,0.0,0.0,0.0,0.0,0.0,0.0,0.0,0.0,0.0,0.0, -1,3
223,1,-1,16.312007904052734,16.232860565185547,2.3706047534942627,0,1,0,1,1,1,0,1,1,92,20.0,20,8.0079365079362,0,0,0,0,0,0,0,0,0,0,0,1.0,0.0,1.0,0.0,0.0,0.0,0.0,0.0,0.0,0.0,0.0,0.0,0.0,0.0, -1,2
222,1,-1,16.31104850769043,16.230680465698242,2.83187198638916,0,1,0,1,1,1,0,1,1,99,20.0,20,11.72222222222191,0,0,0,0,0,0,0,0,0,0,0,1.0,0.0,1.0,0.0,0.0,0.0,0.0,0.0,0.0,0.0,0.0,0.0,0.0,0.0, -1,3
221,1,-1,16.286043167114258,16.23567008972168,2.922447681427002,0,1,0,1,1,1,0,1,1,100,20.0,20,14.293650793650484,0,0,0,0,0,0,0,0,0,0,0,0.0,1.0,1.0,0.0,0.0,0.0,0.0,0.0,0.0,0.0,0.0,0.0,0.0,0.0, -1,3
