remaining_time,robot_mode,alarm,robot_x,robot_y,robot_theta,tree 1,tree 2,tree 3,tree 4,tree 5,tree 6,tree 7,tree 8,tree 9,battery_level,temperature,water_robot_tank,water_ground_tank,leak 1,leak 2,leak 3,leak 4,leak 5,leak 6,leak 7,leak 8,leak 9,direction,avancement,left,right,push,wrench,leak 1,leak 2,leak 3,leak 4,leak 5,leak 6,leak 7,leak 8,leak 9,rm_alarm,errors,shortcuts
470,1,-1,-0.04960336536169052,-9.709376335144043,-1.436537504196167,1,1,1,0,1,0,1,1,1,63,20.0,20,8.793650793650547,0,0,0,0,0,0,0,0,0,0,0,1.0,0.0,0.0,0.0,0.0,0.0,0.0,0.0,0.0,0.0,0.0,0.0,0.0,0.0,-2,-2
469,1,-1,-0.04960336536169052,-9.709376335144043,-1.436537504196167,1,1,1,0,1,0,1,1,1,63,20.0,20,8.793650793650547,0,0,0,0,0,0,0,0,0,0,0,1.0,0.0,0.0,0.0,0.0,0.0,0.0,0.0,0.0,0.0,0.0,0.0,0.0,0.0,-2,-2
468,1,-1,-0.04960157722234726,-9.709376335144043,-1.436537504196167,1,1,1,0,1,0,1,1,1,62,20.0,20,8.793650793650547,0,0,0,0,0,0,0,0,0,0,0,0.0,0.0,0.0,0.0,0.0,0.0,0.0,0.0,0.0,0.0,0.0,0.0,0.0,0.0,-2,-2
467,1,-1,-0.04960157722234726,-9.709376335144043,-1.436537504196167,1,1,1,0,1,0,1,1,1,62,20.0,20,8.793650793650547,0,0,0,0,0,0,0,0,0,0,0,0.0,0.0,1.0,0.0,0.0,0.0,0.0,0.0,0.0,0.0,0.0,0.0,0.0,0.0,-2,-2
466,1,-1,-0.049599789083004005,-9.709376335144043,-1.436537504196167,1,1,1,0,1,0,1,1,1,61,20.0,20,8.793650793650547,0,0,0,0,0,0,0,0,0,0,0,0.0,0.0,0.0,0.0,0.0,0.0,0.0,0.0,0.0,0.0,0.0,0.0,0.0,0.0,-2,-2
465,1,-1,-0.049599789083004005,-9.709376335144043,-1.436537504196167,1,1,1,0,1,0,1,1,1,61,20.0,20,8.793650793650547,0,0,0,0,0,0,0,0,0,0,0,0.0,0.0,0.0,0.0,0.0,0.0,0.0,0.0,0.0,0.0,0.0,0.0,0.0,0.0,-2,-2
464,1,-1,-0.049598000943660736,-9.709376335144043,-1.436537504196167,1,1,1,0,1,0,1,1,1,60,20.0,20,8.793650793650547,0,0,0,0,0,0,0,0,0,0,0,0.0,0.0,0.0,0.0,0.0,0.0,0.0,0.0,0.0,0.0,0.0,0.0,0.0,0.0,-2,-2
463,1,-1,-0.049598000943660736,-9.709376335144043,-1.436537504196167,1,1,1,0,1,0,1,1,1,60,20.0,20,8.793650793650547,0,0,0,0,0,0,0,0,0,0,0,0.0,0.0,0.0,0.0,0.0,0.0,0.0,0.0,0.0,0.0,0.0,0.0,0.0,0.0,-2,-2
462,1,-1,-0.049596212804317474,-9.709376335144043,-1.436537504196167,1,1,1,0,1,0,1,1,1,59,20.0,20,10.079365079364834,0,0,0,0,0,0,0,0,0,0,0,0.0,0.0,0.0,0.0,0.0,0.0,0.0,0.0,0.0,0.0,0.0,0.0,0.0,0.0,-2,-2
461,1,-1,-0.049596212804317474,-9.709376335144043,-1.436537504196167,1,1,1,0,1,0,1,1,1,59,20.0,30,1.5079365079362632,0,0,0,0,0,0,0,0,0,0,0,0.0,0.0,0.0,0.0,0.0,0.0,0.0,0.0,0.0,0.0,0.0,0.0,0.0,0.0,-2,-2
