remaining_time,robot_mode,alarm,robot_x,robot_y,robot_theta,tree 1,tree 2,tree 3,tree 4,tree 5,tree 6,tree 7,tree 8,tree 9,battery_level,temperature,water_robot_tank,water_ground_tank,leak 1,leak 2,leak 3,leak 4,leak 5,leak 6,leak 7,leak 8,leak 9,direction,avancement,left,right,push,wrench,leak 1,leak 2,leak 3,leak 4,leak 5,leak 6,leak 7,leak 8,leak 9,rm_alarm,errors,shortcuts
560,1,6,13.298087120056152,-12.808372497558596,-2.569758892059326,0,1,1,0,0,0,0,1,1,80,20.0,40,8.33333333333325,1,1,0,0,0,0,0,0,1,-0.53,0.0,0.0,0.0,0.0,0.0,0.0,0.0,0.0,0.0,0.0,0.0,0.0,0.0,0.0,0.0, -1, -1
559,1,-1,12.850316047668455,-12.956902503967285,-2.841742992401123,0,1,1,0,0,0,0,1,1,80,20.0,40,6.666666666666585,1,1,0,0,0,0,0,0,1,-0.53,0.0,0.0,0.0,0.0,0.0,0.0,0.0,0.0,0.0,0.0,0.0,0.0,0.0,0.0,0.0, -1, -1
558,1,-1,11.252509117126463,-13.437284469604492,-2.8505356311798096,0,1,1,0,0,0,0,1,1,79,20.0,40,4.99999999999992,1,1,0,0,0,0,0,0,1,-0.53,0.0,0.0,0.0,0.0,0.0,0.0,0.0,0.0,0.0,0.0,0.0,0.0,0.0,0.0,0.0, -1, -1
557,1,-1,9.65072536468506,-13.904726028442385,-2.8594794273376465,0,1,1,0,0,0,0,1,1,79,20.0,40,3.333333333333253,1,1,0,0,0,0,0,0,1,0,0,0.0,0.0,0.0,0.0,0.0,0.0,0.0,0.0,0.0,0.0,0.0,0.0,0.0,0.0, -1, -1
556,1,-1,8.047942161560059,-14.368927001953125,-2.859327793121338,0,1,1,0,0,0,0,1,1,78,20.0,40,1.6666666666665866,1,1,0,0,0,0,0,0,1,0,0,0.0,0.0,0.0,0.0,0.0,0.0,0.0,0.0,0.0,0.0,0.0,0.0,0.0,0.0, -1, -1
555,1,-1,6.4421958923339835,-14.822335243225098,-2.8672025203704834,0,1,1,0,0,0,0,1,1,78,20.0,40,0.99999999999992,1,1,0,0,0,0,0,0,1,0,0,0.0,0.0,0.0,0.0,0.0,0.0,0.0,0.0,0.0,0.0,0.0,0.0,0.0,0.0, -1, -1
554,1,-1,4.938196182250977,-15.231389999389648,-2.8854067325592037,0,1,1,0,0,0,0,1,1,77,20.0,40,0.99999999999992,1,1,0,0,0,0,0,0,1,0,0,0.0,0.0,0.0,0.0,0.0,0.0,0.0,0.0,0.0,0.0,0.0,0.0,0.0,0.0, -1, -1
553,1,-1,3.8123483657836914,-15.52677059173584,-2.889132261276245,0,1,1,0,0,0,0,1,1,77,20.0,40,0.99999999999992,1,1,0,0,0,0,0,0,1,0,0,0.0,0.0,0.0,0.0,0.0,0.0,0.0,0.0,0.0,0.0,0.0,0.0,0.0,1.0, click-down-up, -1
552,1,-1,2.9860167503356934,-15.733036041259766,-2.8980083465576167,0,1,1,0,0,0,0,0,1,76,20.0,30,0.99999999999992,1,1,0,0,0,0,0,0,1,0,0,0.0,0.0,0.0,0.0,0.0,0.0,0.0,0.0,0.0,0.0,0.0,0.0,0.0,0.0, -1, -1
551,1,-1,2.3795485496521,-15.878357887268065,-2.911513328552246,0,1,1,0,0,0,0,0,1,76,20.0,30,0.99999999999992,1,1,0,0,0,0,0,0,1,0,0,0.0,0.0,0.0,0.0,0.0,0.0,0.0,0.0,0.0,0.0,0.0,0.0,0.0,0.0, -1, -1
