remaining_time,robot_mode,alarm,robot_x,robot_y,robot_theta,tree 1,tree 2,tree 3,tree 4,tree 5,tree 6,tree 7,tree 8,tree 9,battery_level,temperature,water_robot_tank,water_ground_tank,leak 1,leak 2,leak 3,leak 4,leak 5,leak 6,leak 7,leak 8,leak 9,direction,avancement,left,right,push,wrench,leak 1,leak 2,leak 3,leak 4,leak 5,leak 6,leak 7,leak 8,leak 9,rm_alarm,errors,shortcuts
540,1,-1,9.587190628051758,12.881274223327635,-1.3326417207717896,0,0,0,0,0,1,0,0,1,92,20.0,40,79.84920634920601,0,0,0,0,0,0,0,0,1,0,0,0.0,0.0,0.0,0.0,0.0,0.0,0.0,0.0,0.0,0.0,0.0,0.0,0.0,0.0,-2,-2
539,1,-1,9.978666305541992,11.259132385253904,-1.3356728553771973,0,0,0,0,0,1,0,0,1,92,20.0,40,81.42857142857109,0,0,0,0,0,0,0,0,1,0,0,1.0,0.0,0.0,0.0,0.0,0.0,0.0,0.0,0.0,0.0,0.0,0.0,0.0,0.0,-2,-2
538,1,-1,10.371564865112305,9.63759994506836,-1.3291069269180298,0,0,0,0,0,1,0,0,1,91,20.0,40,82.34920634920603,0,0,0,0,0,0,0,0,0,0,0,0.0,0.0,0.0,1.0,0.0,0.0,0.0,0.0,0.0,0.0,0.0,0.0,1.0,0.0,-2,-2
537,1,-1,10.77013874053955,8.017537117004395,-1.3293815851211548,0,0,0,0,0,1,0,0,1,91,20.0,40,82.77777777777743,0,0,0,0,0,0,0,0,0,0,0,0.0,1.0,0.0,0.0,0.0,0.0,0.0,0.0,0.0,0.0,0.0,0.0,0.0,0.0,-2,-2
536,1,-1,11.172670364379883,6.3982648849487305,-1.3178855180740356,0,0,0,0,0,1,0,0,1,90,20.0,40,82.77777777777743,0,0,0,0,0,0,0,0,0,0,0,0.0,0.0,0.0,0.0,0.0,0.0,0.0,0.0,0.0,0.0,0.0,0.0,0.0,0.0,-2,-2
535,1,-1,11.586902618408205,4.781947135925293,-1.3230526447296145,0,0,0,0,0,1,0,0,1,90,20.0,40,82.77777777777743,0,0,0,0,0,0,0,0,0,0,0,0.0,0.0,0.0,0.0,0.0,0.0,0.0,0.0,0.0,0.0,0.0,0.0,0.0,0.0,-2,-2
534,1,-1,12.00336456298828,3.166367530822754,-1.3135992288589478,0,0,0,0,0,1,0,0,1,89,20.0,40,82.77777777777743,0,0,0,0,0,0,0,0,0,0,0,1.0,0.0,0.0,0.0,0.0,0.0,0.0,0.0,0.0,0.0,0.0,0.0,0.0,0.0,-2,-2
533,1,-1,12.419960975646973,1.5792428255081177,-1.3143547773361206,0,0,0,0,0,1,0,0,1,89,20.0,40,82.77777777777743,0,0,0,0,0,0,0,0,0,0,0,1.0,0.0,0.0,0.0,0.0,0.0,0.0,0.0,0.0,0.0,0.0,0.0,0.0,0.0,-2,-2
532,1,-1,12.851296424865724,-0.06166647374629975,-1.3147605657577517,0,0,0,0,0,1,0,0,1,88,20.0,40,82.77777777777743,0,0,0,0,0,0,0,0,0,0,0,0.0,0.0,1.0,0.0,0.0,0.0,0.0,0.0,0.0,0.0,0.0,0.0,0.0,0.0,-2,-2
531,1,-1,13.284807205200195,-1.6732213497161863,-1.3016009330749512,1,0,0,0,0,1,0,0,1,88,20.0,40,85.77777777777743,0,0,0,0,0,0,0,0,0,0,0,0.0,1.0,0.0,0.0,0.0,0.0,0.0,0.0,0.0,0.0,0.0,0.0,0.0,0.0,-2,-2
