remaining_time,robot_mode,alarm,robot_x,robot_y,robot_theta,tree 1,tree 2,tree 3,tree 4,tree 5,tree 6,tree 7,tree 8,tree 9,battery_level,temperature,water_robot_tank,water_ground_tank,leak 1,leak 2,leak 3,leak 4,leak 5,leak 6,leak 7,leak 8,leak 9,direction,avancement,left,right,push,wrench,leak 1,leak 2,leak 3,leak 4,leak 5,leak 6,leak 7,leak 8,leak 9,rm_alarm,errors,shortcuts
570,1,-1,5.948513984680176,12.127376556396484,-2.973433017730713,0,0,0,1,1,1,1,0,0,85,38.17378200831169,40,24.9999999999999,0,0,1,0,1,1,0,0,1,0,0,0.0,0.0,0.0,0.0,0.0,0.0,0.0,0.0,0.0,0.0,0.0,0.0,0.0,0.0, -1, -1
569,1,-1,4.681901454925537,11.803068161010742,-2.8805501461029053,0,0,0,1,1,1,1,0,0,85,34.84044867497836,40,22.77777777777769,0,0,1,0,1,1,0,0,1,0,0,0.0,0.0,0.0,0.0,0.0,0.0,0.0,0.0,0.0,0.0,0.0,0.0,0.0,0.0, -1, -1
568,1,-1,3.319931507110596,11.43875503540039,-2.880331993103028,0,0,0,1,1,1,1,0,0,84,31.507115341645033,40,20.555555555555472,0,0,1,0,1,1,0,0,1,0,0,0.0,0.0,0.0,0.0,0.0,0.0,0.0,0.0,0.0,0.0,0.0,0.0,0.0,0.0, -1, -1
567,1,-1,2.1611068248748784,11.120614051818848,-2.8711752891540527,0,0,0,1,1,1,1,0,0,84,28.17378200831169,40,18.333333333333254,0,0,1,0,1,1,0,0,1,0,0,0.0,0.0,0.0,0.0,0.0,0.0,0.0,0.0,0.0,0.0,0.0,0.0,0.0,0.0, -1, -1
566,1,-1,1.2860382795333862,10.870426177978516,-2.85952091217041,0,0,0,1,0,1,1,0,0,83,24.840448674978354,30,16.777777777777708,0,0,1,0,1,1,0,0,1,0,0,0.0,0.0,0.0,0.0,0.0,0.0,0.0,0.0,0.0,0.0,0.0,0.0,0.0,0.0, -1, -1
565,1,-1,0.6946077346801758,10.696192741394043,-2.8486247062683105,0,0,0,1,0,1,1,0,0,83,21.50711534164502,30,15.6666666666666,1,0,1,0,1,1,0,0,1,0,0,0.0,0.0,0.0,0.0,0.0,0.0,0.0,0.0,0.0,0.0,0.0,0.0,0.0,0.0, -1, -1
564,1,-1,2.48591685295105,11.237421989440918,-2.8475170135498047,0,0,0,1,0,1,1,0,0,82,20.0,30,14.277777777777708,1,0,1,0,1,1,0,0,1,0,0,0.0,0.0,0.0,0.0,0.0,0.0,0.0,0.0,0.0,0.0,0.0,0.0,0.0,0.0, -1, -1
563,1,-1,2.48591685295105,11.237421989440918,-2.8475170135498047,0,0,0,1,1,1,1,0,0,82,20.0,30,11.49999999999993,1,0,1,0,1,1,0,0,1,0,0,0.0,0.0,0.0,0.0,0.0,0.0,0.0,0.0,0.0,0.0,0.0,0.0,0.0,0.0, -1, -1
562,1,-1,2.1257450580596924,11.0555419921875,-2.6232123374938965,0,0,0,1,1,1,1,0,0,81,20.0,30,8.722222222222152,1,0,1,0,1,1,0,0,1,0,0,0.0,0.0,0.0,0.0,0.0,0.0,0.0,0.0,0.0,0.0,0.0,0.0,0.0,0.0, -1, -1
561,1,-1,1.707221746444702,10.781673431396484,-2.507131338119507,0,0,0,1,1,1,1,0,0,81,20.0,30,5.944444444444377,1,0,1,0,1,1,0,0,1,0,0,0.0,0.0,0.0,0.0,0.0,0.0,0.0,0.0,0.0,0.0,0.0,0.0,0.0,0.0, -1, -1
