remaining_time,robot_mode,alarm,robot_x,robot_y,robot_theta,tree 1,tree 2,tree 3,tree 4,tree 5,tree 6,tree 7,tree 8,tree 9,battery_level,temperature,water_robot_tank,water_ground_tank,leak 1,leak 2,leak 3,leak 4,leak 5,leak 6,leak 7,leak 8,leak 9,direction,avancement,left,right,push,wrench,leak 1,leak 2,leak 3,leak 4,leak 5,leak 6,leak 7,leak 8,leak 9,rm_alarm,errors,shortcuts
570,1,-1,1.3182179927825928,8.360382080078125,2.501393795013428,0,1,0,1,1,1,1,0,0,85,20.0,50,30.555555555555536,0,1,0,0,0,0,0,0,1,-0.53,0.0,0.0,0.0,0.0,0.0,0.0,0.0,0.0,0.0,0.0,0.0,0.0,0.0,0.0,0.0, -1,-1
569,1,4,1.3182179927825928,8.360382080078125,2.501393795013428,0,1,0,1,1,1,1,0,0,85,20.0,50,29.44444444444443,0,1,0,0,0,0,0,0,1,0.0,2.86,0.0,0.0,0.0,0.0,0.0,0.0,0.0,0.0,0.0,0.0,0.0,0.0,0.0,0.0, -1,-1
568,1,-1,0.9412134289741516,8.623059272766112,2.5619850158691406,0,1,0,1,0,1,1,0,0,84,20.0,40,28.33333333333332,0,1,0,0,0,0,0,0,1,0,0,0.0,0.0,0.0,0.0,0.0,0.0,0.0,0.0,0.0,0.0,0.0,0.0,0.0,0.0, -1,-1
567,1,-1,0.3679426908493042,8.997248649597168,2.571907758712769,0,1,0,1,0,1,1,0,1,84,20.0,40,27.222222222222207,0,1,0,0,0,0,0,0,1,0,0,0.0,0.0,0.0,0.0,0.0,0.0,0.0,0.0,0.0,0.0,0.0,0.0,0.0,0.0, -1,-1
566,1,-1,2.099096775054932,7.892099857330322,2.5744571685791016,0,1,0,1,0,1,1,0,1,83,20.0,40,26.11111111111111,0,1,0,0,0,0,0,0,1,0,0,0.0,0.0,0.0,0.0,0.0,0.0,0.0,0.0,0.0,0.0,0.0,0.0,0.0,0.0, -1,-1
565,1,-1,2.099096775054932,7.892099857330322,2.5744571685791016,0,1,0,1,0,1,1,0,1,83,20.0,40,25.0,0,1,0,0,0,1,0,0,1,0,0,0.0,0.0,0.0,0.0,0.0,0.0,0.0,0.0,0.0,0.0,0.0,0.0,0.0,0.0, -1,-1
564,1,-1,2.3306891918182373,7.744743824005128,2.9793055057525635,0,1,0,1,0,1,1,0,1,82,20.0,40,23.33333333333334,0,1,0,0,0,1,0,0,1,0,0,0.0,0.0,0.0,0.0,0.0,0.0,0.0,0.0,0.0,0.0,0.0,0.0,0.0,0.0, -1,-1
563,1,-1,1.9215680360794067,7.685559272766112,-2.979419946670532,0,1,0,1,0,1,1,0,1,82,20.0,40,21.66666666666668,0,1,0,0,0,1,0,0,1,0,0,0.0,0.0,0.0,0.0,0.0,0.0,0.0,0.0,0.0,0.0,0.0,0.0,0.0,0.0, -1,-1
562,1,-1,0.7339357137680054,7.4700164794921875,-2.9618520736694336,0,1,0,1,0,1,1,0,1,81,20.0,40,20.000000000000018,0,1,0,0,0,1,0,0,1,0,0,0.0,0.0,0.0,0.0,0.0,0.0,0.0,0.0,0.0,0.0,0.0,0.0,0.0,0.0, -1,-1
561,1,-1,-0.1355343908071518,7.303450107574463,-2.949651002883911,0,1,0,0,0,1,1,0,1,81,20.0,30,18.333333333333357,0,1,0,0,0,1,0,0,1,0,0,0.0,0.0,0.0,0.0,0.0,0.0,0.0,0.0,0.0,0.0,0.0,0.0,0.0,0.0, -1,-1
