remaining_time,robot_mode,alarm,robot_x,robot_y,robot_theta,tree 1,tree 2,tree 3,tree 4,tree 5,tree 6,tree 7,tree 8,tree 9,battery_level,temperature,water_robot_tank,water_ground_tank,leak 1,leak 2,leak 3,leak 4,leak 5,leak 6,leak 7,leak 8,leak 9,direction,avancement,left,right,push,wrench,leak 1,leak 2,leak 3,leak 4,leak 5,leak 6,leak 7,leak 8,leak 9,rm_alarm,errors,shortcuts
480,1,-1,2.0182256698608403,0.12829828262329102,-1.7365604639053345,1,1,1,0,0,1,1,1,1,40,20.0,0,0.4999999999999342,1,0,1,1,1,1,1,0,1,0,0,0.0,0.0,0.0,0.0,0.0,0.0,0.0,0.0,0.0,0.0,0.0,0.0,0.0,0.0, -1, -1
479,1,-1,2.0182256698608403,0.12829828262329102,-1.7365604639053345,1,1,1,1,0,1,1,1,1,40,20.0,0,0.4999999999999342,1,0,1,1,1,1,1,0,1,0,0,0.0,0.0,0.0,0.0,0.0,0.0,0.0,0.0,0.0,0.0,0.0,0.0,0.0,0.0, -1, -1
478,1,-1,1.7824679613113403,-1.2694973945617676,-1.7420833110809326,1,1,1,1,0,1,1,1,1,39,20.0,0,0.4999999999999342,1,0,1,1,1,1,1,0,1,0,0,0.0,0.0,0.0,0.0,0.0,0.0,0.0,0.0,0.0,0.0,0.0,0.0,0.0,0.0, -1, -1
477,1,-1,1.4758664369583132,-3.0213065147399902,-1.74574613571167,1,1,1,1,0,1,1,1,1,39,20.0,0,0.4999999999999342,1,0,1,1,1,1,1,0,1,0,0,0.0,0.0,0.0,0.0,0.0,0.0,0.0,0.0,0.0,0.0,0.0,0.0,0.0,0.0, -1, -1
476,1,-1,1.1758764982223509,-4.66248893737793,-1.753266453742981,1,1,1,1,0,1,1,1,1,38,20.0,0,0.4999999999999342,1,0,1,1,1,1,1,0,1,0,0,0.0,0.0,0.0,0.0,0.0,0.0,0.0,0.0,0.0,0.0,0.0,0.0,0.0,0.0, -1, -1
475,1,-1,0.903583824634552,-6.071549892425537,-1.7666798830032349,1,1,1,1,0,1,1,1,1,38,20.0,0,0.4999999999999342,1,0,1,1,1,1,1,0,1,0,0,0.0,0.0,0.0,0.0,0.0,0.0,0.0,0.0,0.0,0.0,0.0,0.0,0.0,0.0, -1, -1
474,1,-1,0.697136640548706,-7.100472927093506,-1.768258571624756,1,1,1,1,0,1,1,1,1,37,20.0,0,0.4999999999999342,1,0,1,1,1,1,1,0,1,0,0,0.0,0.0,0.0,0.0,0.0,0.0,0.0,0.0,0.0,0.0,0.0,0.0,0.0,0.0, -1, -1
473,1,-1,0.5370218157768251,-7.854414463043213,-1.7835301160812378,1,1,1,1,0,1,1,1,1,37,20.0,0,0.4999999999999342,1,0,1,1,1,1,1,0,1,0,0,0.0,0.0,0.0,0.0,0.0,0.0,0.0,0.0,0.0,0.0,0.0,0.0,0.0,0.0, -1, -1
472,1,-1,0.4146967232227325,-8.411619186401367,-1.7917298078536987,1,1,1,1,0,1,1,1,1,36,20.0,0,0.4999999999999342,1,0,1,1,1,1,1,0,1,0,0,0.0,0.0,0.0,0.0,0.0,0.0,0.0,0.0,0.0,0.0,0.0,0.0,0.0,0.0, -1, -1
471,1,-1,0.3235725164413452,-8.796182632446289,-1.803157448768616,1,1,1,1,0,1,1,1,1,36,20.0,0,0.4999999999999342,1,0,1,1,1,1,1,0,1,0,0,0.0,0.0,0.0,0.0,0.0,0.0,0.0,0.0,0.0,0.0,0.0,0.0,0.0,0.0, -1, -1
