remaining_time,robot_mode,alarm,robot_x,robot_y,robot_theta,tree 1,tree 2,tree 3,tree 4,tree 5,tree 6,tree 7,tree 8,tree 9,battery_level,temperature,water_robot_tank,water_ground_tank,leak 1,leak 2,leak 3,leak 4,leak 5,leak 6,leak 7,leak 8,leak 9,direction,avancement,left,right,push,wrench,leak 1,leak 2,leak 3,leak 4,leak 5,leak 6,leak 7,leak 8,leak 9,rm_alarm,errors,shortcuts
220,1,-1,15.898262977600098,16.014944076538086,1.1840246915817259,1,1,1,1,1,1,1,1,1,99,20.0,60,43.04761904761911,0,0,1,0,0,0,0,0,0,0,0,0.0,1.0,0.0,0.0,0.0,0.0,0.0,0.0,0.0,0.0,0.0,0.0,0.0,0.0, -1,3
219,1,-1,15.898262977600098,16.014944076538086,1.184345006942749,1,1,1,1,1,1,1,1,1,100,20.0,60,43.460317460317505,0,0,1,0,0,0,0,0,0,0,0,0.0,1.0,0.0,0.0,0.0,0.0,0.0,0.0,0.0,0.0,0.0,0.0,0.0,0.0, -1,4
218,1,-1,15.898262977600098,16.014944076538086,1.184345006942749,1,1,1,1,1,1,1,1,1,99,20.0,60,44.158730158730194,0,0,1,0,0,0,0,0,0,0,0,1.0,0.0,1.0,0.0,0.0,0.0,0.0,0.0,0.0,0.0,0.0,0.0,0.0,0.0, -1,2
217,1,-1,15.898975372314453,16.01430892944336,1.5821243524551392,1,1,1,1,1,1,1,1,1,100,20.0,60,43.60317460317462,0,0,1,0,0,0,0,0,0,0,0,0.0,0.0,1.0,1.0,0.0,0.0,0.0,0.0,0.0,0.0,0.0,0.0,0.0,0.0, -1,4
216,1,-1,15.90464973449707,16.012571334838867,2.1024808883666988,1,1,1,1,1,1,1,1,1,99,20.0,60,43.60317460317462,0,0,0,0,0,0,0,0,0,0,0,1.0,0.0,0.0,0.0,0.0,0.0,1.0,0.0,0.0,0.0,0.0,0.0,0.0,0.0, -1, -1
215,1,-1,15.907862663269045,16.012571334838867,2.6079914569854736,1,1,1,1,1,1,1,1,1,100,20.0,60,43.60317460317462,0,0,0,0,0,0,0,0,0,0,0,1.0,0.0,0.0,0.0,0.0,0.0,0.0,0.0,0.0,0.0,0.0,0.0,0.0,0.0, -1,5
214,1,-1,15.909436225891113,16.008251190185547,3.0928659439086914,1,1,1,1,1,1,1,1,1,99,20.0,60,43.60317460317462,0,0,0,0,0,0,0,0,0,0,0,0.0,0.0,0.0,0.0,0.0,0.0,0.0,0.0,0.0,0.0,0.0,0.0,0.0,0.0, -1, -1
213,1,-1,14.939632415771484,15.934181213378904,-3.044807910919189,1,1,1,1,1,1,1,1,1,100,20.0,60,43.60317460317462,0,0,0,0,0,0,0,0,0,0,0,0.0,0.0,0.0,0.0,0.0,0.0,0.0,0.0,0.0,0.0,0.0,0.0,0.0,0.0, -1, -1
212,1,-1,13.280479431152346,15.774847030639648,-3.0459797382354736,1,1,1,1,1,1,1,1,1,99,20.0,60,45.031746031746046,0,0,0,0,0,0,0,0,0,0,0,0.0,0.0,1.0,0.0,0.0,0.0,0.0,0.0,0.0,0.0,0.0,0.0,0.0,0.0, -1,1
211,1,-1,11.619423866271973,15.613506317138672,-3.0403976440429688,1,1,1,1,1,1,1,1,1,99,20.0,60,45.174603174603185,0,0,0,0,0,0,0,0,0,0,0,0.0,1.0,0.0,0.0,0.0,0.0,0.0,0.0,0.0,0.0,0.0,0.0,0.0,0.0, -1,1
