remaining_time,robot_mode,alarm,robot_x,robot_y,robot_theta,tree 1,tree 2,tree 3,tree 4,tree 5,tree 6,tree 7,tree 8,tree 9,battery_level,temperature,water_robot_tank,water_ground_tank,leak 1,leak 2,leak 3,leak 4,leak 5,leak 6,leak 7,leak 8,leak 9,direction,avancement,left,right,push,wrench,leak 1,leak 2,leak 3,leak 4,leak 5,leak 6,leak 7,leak 8,leak 9,rm_alarm,errors,shortcuts
550,1,-1,-1.5712417364120483,12.60410213470459,1.2309114933013916,0,0,0,0,0,1,1,0,1,75,20.0,10,0.5555555555554268,0,1,0,1,1,0,1,0,1,0,0,0.0,0.0,0.0,0.0,0.0,0.0,0.0,0.0,0.0,0.0,0.0,0.0,0.0,0.0, -1, -1
549,1,-1,-1.3738609552383425,13.157227516174315,1.22569739818573,0,0,0,0,0,1,1,0,1,75,20.0,10,0.5555555555554268,0,1,0,1,1,0,1,0,1,0,0,0.0,0.0,0.0,0.0,0.0,0.0,0.0,0.0,0.0,0.0,0.0,0.0,0.0,0.0, -1, -1
548,1,-1,-1.3738609552383425,13.157227516174315,1.22569739818573,0,0,0,0,0,1,1,0,1,74,20.0,10,0.5555555555554268,0,1,0,1,1,0,1,0,1,0,0,0.0,0.0,0.0,0.0,0.0,0.0,0.0,0.0,0.0,0.0,0.0,0.0,0.0,0.0, -1, -1
547,1,-1,-2.1751184463500977,10.965052604675293,0.8137364983558655,0,0,0,0,0,1,1,0,1,74,20.0,10,0.5555555555554268,0,1,0,1,1,0,1,0,1,0,0,0.0,0.0,0.0,0.0,0.0,0.0,0.0,0.0,0.0,0.0,0.0,0.0,0.0,0.0, -1, -1
546,1,-1,-2.1739296913146973,10.966026306152344,0.27439624071121216,0,0,0,0,0,1,1,0,1,73,20.0,10,0.5555555555554268,0,1,0,1,1,0,1,0,1,0,0,0.0,0.0,0.0,0.0,0.0,0.0,0.0,0.0,0.0,0.0,0.0,0.0,0.0,0.0, -1, -1
545,1,-1,-2.1721556186676025,10.967074394226074,-0.2536270618438721,0,0,0,0,0,1,1,0,1,73,20.0,10,0.5555555555554268,0,1,0,1,1,0,1,0,1,0,0,0.0,0.0,0.0,0.0,0.0,0.0,0.0,0.0,0.0,0.0,0.0,0.0,0.0,0.0, -1, -1
544,1,-1,-2.1712019443511963,10.967204093933104,-0.7545098662376404,0,0,0,0,0,1,1,0,1,72,20.0,10,0.5555555555554268,0,1,0,1,1,0,1,0,1,-0.35333333333333333,0.9533333333333333,0.0,0.0,0.0,0.0,0.0,0.0,0.0,0.0,0.0,0.0,0.0,0.0,0.0,0.0, -1, -1
543,1,-1,-1.8637113571166992,10.598165512084961,-0.3991206586360931,0,0,0,0,0,1,1,0,1,72,20.0,10,0.5555555555554268,0,1,0,1,1,0,1,0,1,0.0,2.86,0.0,0.0,0.0,0.0,0.0,0.0,0.0,0.0,0.0,0.0,0.0,0.0,0.0,0.0, -1, -1
542,1,-1,-2.7808263301849365,11.447983741760256,-0.8277313113212585,0,0,0,0,0,1,1,0,1,71,20.0,10,0.5555555555554268,0,1,0,1,1,0,1,0,1,-0.15142857142857144,2.0428571428571427,0.0,0.0,0.0,0.0,0.0,0.0,0.0,0.0,0.0,0.0,0.0,0.0,0.0,0.0, -1, -1
541,1,-1,-1.2396199703216553,10.76944065093994,-0.5671927332878113,0,0,0,0,0,1,1,0,1,71,20.0,10,0.5555555555554268,0,1,0,1,1,0,1,0,1,-0.265,1.43,0.0,0.0,0.0,0.0,0.0,0.0,0.0,0.0,0.0,0.0,0.0,0.0,0.0,0.0, -1, -1
