remaining_time,robot_mode,alarm,robot_x,robot_y,robot_theta,tree 1,tree 2,tree 3,tree 4,tree 5,tree 6,tree 7,tree 8,tree 9,battery_level,temperature,water_robot_tank,water_ground_tank,leak 1,leak 2,leak 3,leak 4,leak 5,leak 6,leak 7,leak 8,leak 9,direction,avancement,left,right,push,wrench,leak 1,leak 2,leak 3,leak 4,leak 5,leak 6,leak 7,leak 8,leak 9,rm_alarm,errors,shortcuts
240,1,-1,0.17082417011260986,-9.800271987915039,1.209150791168213,1,1,1,1,1,1,1,1,1,13,20.0,0,0.0,1,1,1,1,1,1,1,1,1,0,0,0.0,0.0,0.0,0.0,0.0,0.0,0.0,0.0,0.0,0.0,0.0,0.0,0.0,0.0, -1, -1
239,1,-1,0.6314718723297119,-8.944182395935059,1.053349256515503,1,1,1,1,1,1,1,1,1,13,20.0,0,0.0,1,1,1,1,1,1,1,1,1,0,0,0.0,0.0,0.0,0.0,0.0,0.0,0.0,0.0,0.0,0.0,0.0,0.0,0.0,0.0, -1, -1
238,1,-1,1.4528299570083618,-7.49199914932251,1.0497819185256958,1,1,1,1,1,1,1,1,1,12,20.0,0,0.0,1,1,1,1,1,1,1,1,1,0,0,0.0,0.0,0.0,0.0,0.0,0.0,0.0,0.0,0.0,0.0,0.0,0.0,0.0,0.0, -1, -1
237,1,-1,2.2899889945983887,-6.048964500427246,1.046122431755066,1,1,1,1,1,1,1,1,1,12,20.0,0,0.0,1,1,1,1,1,1,1,1,1,0,0,0.0,0.0,0.0,0.0,0.0,0.0,0.0,0.0,0.0,0.0,0.0,0.0,0.0,0.0, -1, -1
236,1,-1,3.1246724128723145,-4.605286121368408,1.047491192817688,1,1,1,1,1,1,1,1,1,11,20.0,0,0.0,1,1,1,1,1,1,1,1,1,0,0,0.0,0.0,0.0,0.0,0.0,0.0,0.0,0.0,0.0,0.0,0.0,0.0,0.0,0.0, -1, -1
235,1,-1,3.961058378219605,-3.1629946231842037,1.0424420833587646,1,1,1,1,1,1,1,1,1,11,20.0,0,0.0,1,1,1,1,1,1,1,1,1,0,0,0.0,0.0,0.0,0.0,0.0,0.0,0.0,0.0,0.0,0.0,0.0,0.0,0.0,0.0, -1, -1
234,1,-1,4.802201747894287,-1.7220704555511477,1.0441106557846072,1,1,1,1,1,1,1,1,1,10,20.0,0,0.0,1,1,1,1,1,1,1,1,1,0,0,0.0,0.0,0.0,0.0,0.0,0.0,0.0,0.0,0.0,0.0,0.0,0.0,0.0,0.0, -1, -1
233,1,-1,5.642580509185791,-0.2803594470024109,1.0422995090484621,1,1,1,1,1,1,1,1,1,10,20.0,0,0.0,1,1,1,1,1,1,1,1,1,0,0,0.0,0.0,0.0,0.0,0.0,0.0,0.0,0.0,0.0,0.0,0.0,0.0,0.0,0.0, -1, -1
232,1,-1,6.483024597167969,1.1610512733459473,1.0429908037185671,1,1,1,1,1,1,1,1,1,9,20.0,0,0.0,1,1,1,1,1,1,1,1,1,0,0,0.0,0.0,0.0,0.0,0.0,0.0,0.0,0.0,0.0,0.0,0.0,0.0,0.0,0.0, -1, -1
231,1,-1,7.325845241546631,2.6013877391815186,1.040429711341858,1,1,1,1,1,1,1,1,1,9,20.0,0,0.0,1,1,1,1,1,1,1,1,1,0,0,0.0,0.0,0.0,0.0,0.0,0.0,0.0,0.0,0.0,0.0,0.0,0.0,0.0,0.0, -1, -1
