remaining_time,robot_mode,alarm,robot_x,robot_y,robot_theta,tree 1,tree 2,tree 3,tree 4,tree 5,tree 6,tree 7,tree 8,tree 9,battery_level,temperature,water_robot_tank,water_ground_tank,leak 1,leak 2,leak 3,leak 4,leak 5,leak 6,leak 7,leak 8,leak 9,direction,avancement,left,right,push,wrench,leak 1,leak 2,leak 3,leak 4,leak 5,leak 6,leak 7,leak 8,leak 9,rm_alarm,errors,shortcuts
410,1,-1,15.50760269165039,15.181212425231935,-2.0709822177886963,1,1,1,1,1,0,1,1,1,99,20.0,0,95.55555555555544,0,0,0,0,0,0,0,0,0,0.0,2.86,0.0,0.0,0.0,0.0,0.0,0.0,0.0,0.0,0.0,0.0,0.0,0.0,0.0,0.0,-2,-2
409,1,-1,14.69509220123291,13.755204200744627,-2.0891008377075195,1,1,1,1,1,0,1,1,1,99,20.0,0,95.55555555555544,0,0,0,0,0,0,0,0,0,0,0,1.0,0.0,0.0,0.0,0.0,0.0,0.0,0.0,0.0,0.0,0.0,0.0,0.0,0.0,-2,-2
408,1,-1,13.841984748840332,12.288674354553224,-2.0992388725280757,1,1,1,1,1,0,1,1,1,98,20.0,0,95.55555555555544,0,0,0,0,0,0,0,0,0,0,0,0.0,1.0,0.0,0.0,0.0,0.0,0.0,0.0,0.0,0.0,0.0,0.0,0.0,0.0,-2,-2
407,1,-1,13.015881538391113,10.870939254760742,-2.0995380878448486,1,1,1,1,1,0,1,1,1,98,20.0,0,95.55555555555544,0,0,0,0,0,0,0,0,0,0,0,0.0,0.0,0.0,0.0,0.0,0.0,0.0,0.0,0.0,0.0,0.0,0.0,0.0,0.0,-2,-2
406,1,-1,12.174644470214846,9.43010425567627,-2.099684476852417,1,1,1,1,1,0,1,1,1,97,20.0,0,95.55555555555544,0,0,0,0,0,0,0,0,0,0,0,0.0,0.0,1.0,0.0,0.0,0.0,0.0,0.0,0.0,0.0,0.0,0.0,0.0,0.0,-2,-2
405,1,-1,11.331500053405762,7.989901542663574,-2.0986900329589844,1,1,1,1,1,0,1,1,1,97,20.0,0,100.0,0,0,1,0,0,0,0,0,0,0,0,0.0,0.0,0.0,0.0,0.0,0.0,0.0,0.0,0.0,0.0,0.0,0.0,0.0,0.0,-2,-2
404,1,-1,10.48704433441162,6.5505919456481925,-2.106363534927368,1,1,1,1,1,0,1,1,1,96,20.0,0,99.88888888888887,0,0,1,0,0,0,0,0,0,0,0,0.0,0.0,0.0,0.0,0.0,0.0,0.0,0.0,0.0,0.0,0.0,0.0,0.0,0.0,-2,-2
403,1,-1,9.637006759643556,5.114227294921875,-2.1058828830718994,1,1,1,1,1,0,1,1,1,96,20.0,0,99.33333333333331,0,0,1,0,0,0,0,0,0,0,0,0.0,0.0,0.0,0.0,0.0,0.0,0.0,0.0,0.0,0.0,0.0,0.0,0.0,0.0,-2,-2
402,1,-1,8.771499633789062,3.654776573181152,-2.111591339111328,1,1,1,1,1,0,1,1,1,95,20.0,0,98.77777777777773,0,0,1,0,0,0,0,0,0,0,0,0.0,0.0,0.0,1.0,0.0,0.0,0.0,0.0,0.0,0.0,0.0,0.0,0.0,0.0,-2,-2
401,1,-1,7.927257537841798,2.2475907802581787,-2.116706371307373,1,1,1,1,1,0,1,1,1,95,20.0,0,98.77777777777773,0,0,0,0,0,0,0,0,0,0,0,0.0,0.0,0.0,0.0,0.0,0.0,1.0,0.0,0.0,0.0,0.0,0.0,0.0,0.0,-2,-2
