remaining_time,robot_mode,alarm,robot_x,robot_y,robot_theta,tree 1,tree 2,tree 3,tree 4,tree 5,tree 6,tree 7,tree 8,tree 9,battery_level,temperature,water_robot_tank,water_ground_tank,leak 1,leak 2,leak 3,leak 4,leak 5,leak 6,leak 7,leak 8,leak 9,direction,avancement,left,right,push,wrench,leak 1,leak 2,leak 3,leak 4,leak 5,leak 6,leak 7,leak 8,leak 9,rm_alarm,errors,shortcuts
360,1,-1,0.05226245149970055,-9.712512016296387,-1.7842832803726196,1,1,1,1,1,1,1,1,1,74,20.0,30,9.833333333332883,0,0,0,1,0,0,0,0,0,0,0,0.0,0.0,1.0,0.0,0.0,0.0,0.0,0.0,0.0,0.0,0.0,0.0,0.0,0.0, -1,1
359,1,-1,0.05226245149970055,-9.712512016296387,-1.7844609022140503,1,1,1,1,1,1,1,1,1,74,20.0,40,3.8412698412693937,0,0,0,1,0,0,0,0,0,0,0,1.0,0.0,1.0,0.0,0.0,0.0,0.0,0.0,0.0,0.0,0.0,0.0,0.0,0.0, -1,2
358,1,-1,0.05226245149970055,-9.712512016296387,-1.7844609022140503,1,1,1,1,1,1,1,1,1,73,20.0,40,7.134920634920189,0,0,0,1,0,0,0,0,0,0,0,1.0,0.0,0.0,0.0,0.0,0.0,0.0,0.0,0.0,0.0,0.0,0.0,0.0,0.0, -1,1
357,1,-1,0.05226245522499085,-9.712512016296387,-1.7846415042877195,1,1,1,1,1,1,1,1,1,73,20.0,40,9.714285714285268,0,0,0,1,0,0,0,0,0,0,0,0.0,1.0,0.0,0.0,0.0,0.0,0.0,0.0,0.0,0.0,0.0,0.0,0.0,0.0, -1,1
356,1,-1,0.05226245522499085,-9.712512016296387,-1.7846415042877195,1,1,1,1,1,1,1,1,1,72,20.0,50,2.2380952380947923,0,0,0,1,0,0,0,0,0,0,0,0.0,0.0,1.0,0.0,0.0,0.0,0.0,0.0,0.0,0.0,0.0,0.0,0.0,0.0, -1,1
355,1,-1,0.052262458950281136,-9.712512016296387,-1.784822940826416,1,1,1,1,1,1,1,1,1,72,20.0,50,1.682539682539236,1,0,0,1,0,0,0,0,0,0,0,0.0,1.0,0.0,0.0,0.0,0.0,0.0,0.0,0.0,0.0,0.0,0.0,0.0,0.0, -1,1
354,1,-1,0.052262458950281136,-9.712512016296387,-1.784822940826416,1,1,1,1,1,1,1,1,1,71,20.0,50,2.222222222221776,1,0,0,1,0,0,0,0,0,0,0,0.0,0.0,0.0,0.0,0.0,0.0,0.0,0.0,0.0,0.0,0.0,0.0,0.0,0.0, -1,1
353,1,-1,0.052262458950281136,-9.712512016296387,-1.7849999666213991,1,1,1,1,1,1,1,1,1,71,20.0,50,4.380952380951935,1,0,0,1,0,0,0,0,0,0,0,0.0,0.0,1.0,1.0,0.0,0.0,0.0,0.0,0.0,0.0,0.0,0.0,0.0,0.0, -1,1
352,1,-1,0.052262458950281136,-9.712512016296387,-1.7849999666213991,1,1,1,1,1,1,1,1,1,70,20.0,50,6.079365079364635,0,0,0,1,0,0,0,0,0,0,0,0.0,0.0,0.0,0.0,1.0,0.0,0.0,0.0,0.0,0.0,0.0,0.0,0.0,0.0, -1,1
351,1,-1,0.052262458950281136,-9.712512016296387,-1.7851790189743042,1,1,1,1,1,1,1,1,1,70,20.0,50,6.0079365079360665,0,0,0,0,0,0,0,0,0,0,0,0.0,0.0,0.0,1.0,0.0,0.0,0.0,1.0,0.0,0.0,0.0,0.0,0.0,0.0, -1,1
