remaining_time,robot_mode,alarm,robot_x,robot_y,robot_theta,tree 1,tree 2,tree 3,tree 4,tree 5,tree 6,tree 7,tree 8,tree 9,battery_level,temperature,water_robot_tank,water_ground_tank,leak 1,leak 2,leak 3,leak 4,leak 5,leak 6,leak 7,leak 8,leak 9,direction,avancement,left,right,push,wrench,leak 1,leak 2,leak 3,leak 4,leak 5,leak 6,leak 7,leak 8,leak 9,rm_alarm,errors,shortcuts
540,1,-1,-4.1343631744384775,12.00896453857422,2.779824733734131,0,0,1,0,0,0,1,1,0,70,20.0,40,10.111111111111043,1,0,0,1,0,0,0,1,0,0,0,0.0,0.0,0.0,0.0,0.0,0.0,0.0,0.0,0.0,0.0,0.0,0.0,0.0,0.0, -1, -1
539,1,-1,-5.69520902633667,12.598215103149414,2.7826530933380127,0,0,1,0,0,0,1,1,0,70,20.0,40,8.444444444444374,1,0,0,1,0,0,0,1,0,0,0,0.0,0.0,0.0,0.0,0.0,0.0,0.0,0.0,0.0,0.0,0.0,0.0,0.0,0.0, -1, -1
538,1,-1,-7.259724140167236,13.177240371704102,2.7921466827392583,0,0,1,0,0,0,1,1,0,69,20.0,40,6.777777777777708,1,0,0,1,0,0,0,1,0,0,0,0.0,0.0,0.0,0.0,0.0,0.0,0.0,0.0,0.0,0.0,0.0,0.0,0.0,0.0, -1, -1
537,1,-1,-8.828512191772461,13.74573040008545,2.7990760803222656,0,0,1,0,0,0,1,1,0,69,20.0,40,5.111111111111042,1,0,0,1,0,0,0,1,0,0,0,0.0,0.0,0.0,0.0,0.0,0.0,0.0,0.0,0.0,0.0,0.0,0.0,0.0,0.0, -1, -1
536,1,-1,-10.376121520996094,14.293045997619627,2.805371761322021,0,0,1,0,0,0,1,1,0,68,20.0,40,3.4444444444443763,1,0,0,1,0,0,0,1,0,0,0,0.0,0.0,0.0,0.0,0.0,0.0,0.0,0.0,0.0,0.0,0.0,0.0,0.0,0.0, -1, -1
535,1,-1,-11.60053253173828,14.709778785705565,2.822679042816162,0,0,1,0,0,0,1,1,0,68,20.0,40,1.777777777777709,1,0,0,1,0,0,0,1,0,0,0,0.0,0.0,0.0,0.0,0.0,0.0,0.0,0.0,0.0,0.0,0.0,0.0,0.0,0.0, -1, -1
534,1,-1,-12.50201416015625,15.005876541137695,2.82660174369812,0,0,0,0,0,0,1,1,1,67,20.0,30,0.7777777777777093,1,0,0,1,0,0,0,1,0,0,0,0.0,0.0,0.0,0.0,0.0,0.0,0.0,0.0,0.0,0.0,0.0,0.0,0.0,0.0, -1, -1
533,1,-1,-13.163086891174315,15.21842098236084,2.8415637016296387,0,0,0,0,0,0,1,1,1,67,20.0,30,0.7777777777777093,1,0,0,1,0,0,0,1,0,0,0,0.0,0.0,0.0,0.0,0.0,0.0,0.0,0.0,0.0,0.0,0.0,0.0,0.0,0.0, -1, -1
532,1,-1,-11.203221321105957,14.606616973876953,2.8400700092315674,0,0,0,0,0,0,1,1,1,66,20.0,30,0.7777777777777093,1,0,0,1,0,0,0,1,0,0,0,0.0,0.0,0.0,0.0,0.0,0.0,0.0,0.0,0.0,0.0,0.0,0.0,0.0,0.0, -1, -1
531,1,-1,-11.203221321105957,14.606616973876953,2.8400700092315674,0,0,0,0,0,0,1,1,1,66,20.0,30,0.7777777777777093,1,0,0,1,0,0,0,1,0,0,0,0.0,0.0,0.0,0.0,0.0,0.0,0.0,0.0,0.0,0.0,0.0,0.0,0.0,0.0, -1, -1
