remaining_time,robot_mode,alarm,robot_x,robot_y,robot_theta,tree 1,tree 2,tree 3,tree 4,tree 5,tree 6,tree 7,tree 8,tree 9,battery_level,temperature,water_robot_tank,water_ground_tank,leak 1,leak 2,leak 3,leak 4,leak 5,leak 6,leak 7,leak 8,leak 9,direction,avancement,left,right,push,wrench,leak 1,leak 2,leak 3,leak 4,leak 5,leak 6,leak 7,leak 8,leak 9,rm_alarm,errors,shortcuts
550,1,-1,10.177679061889648,-7.937746047973633,2.1106920242309566,0,0,0,1,1,0,0,0,0,75,20.0,80,20.746031746031736,0,0,0,0,0,0,0,0,0,0,0,1.0,0.0,1.0,0.0,0.0,0.0,0.0,0.0,0.0,0.0,0.0,0.0,0.0,0.0, -1,2
549,1,-1,9.303361892700195,-6.483731746673584,2.1122407913208012,0,0,0,1,1,0,0,0,0,75,20.0,80,20.746031746031736,0,0,0,0,0,0,0,0,0,0,0,1.0,0.0,0.0,0.0,0.0,0.0,0.0,0.0,0.0,0.0,0.0,0.0,0.0,0.0, -1,2
548,1,-1,8.443600654602049,-5.054083824157715,2.1141462326049805,0,0,0,1,1,0,0,0,0,74,20.0,80,20.746031746031736,0,0,0,0,0,0,0,0,0,0,0,0.0,0.0,0.0,0.0,0.0,0.0,0.0,0.0,0.0,0.0,0.0,0.0,0.0,0.0, -1, -1
547,1,-1,7.563499450683594,-3.604335069656372,2.117705821990967,0,0,0,1,1,0,0,0,0,74,20.0,80,20.746031746031736,0,0,0,0,0,0,0,0,0,0,0,1.0,0.0,0.0,0.0,0.0,0.0,0.0,0.0,0.0,0.0,0.0,0.0,0.0,0.0, -1,1
546,1,-1,6.7237229347229,-2.227078437805176,2.125417470932007,0,0,0,1,1,0,0,0,0,73,20.0,80,20.746031746031736,0,0,0,0,0,0,0,0,0,0,0,1.0,0.0,0.0,0.0,0.0,0.0,0.0,0.0,0.0,0.0,0.0,0.0,0.0,0.0, -1, -1
545,1,-1,5.8417110443115225,-0.8107067942619324,2.1281690597534184,0,0,0,1,1,0,0,0,0,73,20.0,80,20.746031746031736,0,0,0,1,0,0,0,0,0,0,0,0.0,0.0,0.0,0.0,0.0,0.0,0.0,0.0,0.0,0.0,0.0,0.0,0.0,0.0, -1,1
544,1,-1,4.943620681762695,0.6280474066734314,2.12829065322876,0,0,0,1,1,0,0,0,0,72,20.0,80,20.190476190476183,0,0,0,1,0,0,0,0,0,0,0,0.0,1.0,0.0,0.0,0.0,0.0,0.0,0.0,0.0,0.0,0.0,0.0,0.0,0.0, -1,1
543,1,-1,4.0731725692749015,2.0188839435577397,2.1316537857055664,0,0,0,1,1,0,0,0,0,72,20.0,80,19.63492063492063,0,0,0,1,0,0,0,0,0,0,0,0.0,0.0,0.0,0.0,0.0,0.0,0.0,0.0,0.0,0.0,0.0,0.0,0.0,0.0, -1, -1
542,1,-1,3.1962370872497563,3.4049386978149414,2.137591361999512,0,0,0,1,1,0,0,0,0,71,20.0,80,19.079365079365076,0,0,0,0,0,0,0,0,0,0,0,0.0,0.0,0.0,1.0,0.0,0.0,0.0,1.0,0.0,0.0,0.0,0.0,0.0,0.0, -1,2
541,1,-1,2.29410171508789,4.809367656707764,2.151143312454224,0,0,0,1,1,0,0,0,0,71,20.0,80,19.079365079365076,0,0,0,0,0,0,0,0,0,0,0,1.0,1.0,1.0,0.0,0.0,0.0,0.0,0.0,0.0,0.0,0.0,0.0,0.0,0.0, -1,2
