remaining_time,robot_mode,alarm,robot_x,robot_y,robot_theta,tree 1,tree 2,tree 3,tree 4,tree 5,tree 6,tree 7,tree 8,tree 9,battery_level,temperature,water_robot_tank,water_ground_tank,leak 1,leak 2,leak 3,leak 4,leak 5,leak 6,leak 7,leak 8,leak 9,direction,avancement,left,right,push,wrench,leak 1,leak 2,leak 3,leak 4,leak 5,leak 6,leak 7,leak 8,leak 9,rm_alarm,errors,shortcuts
470,1,-1,14.278106689453125,-14.51047134399414,2.025941610336304,1,1,1,1,0,0,0,0,1,35,33.423574905657254,60,84.68253968253926,0,0,0,0,1,0,0,0,0,0,0,1.0,0.0,0.0,0.0,0.0,0.0,0.0,0.0,0.0,0.0,0.0,0.0,0.0,0.0,-2,-2
469,1,-1,13.80550479888916,-13.8549165725708,2.216104507446289,1,1,1,1,0,0,0,0,1,35,30.090241572323926,60,84.40476190476147,0,0,0,0,1,0,0,0,0,0,0,1.0,0.0,0.0,0.0,0.0,0.0,0.0,0.0,0.0,0.0,0.0,0.0,0.0,0.0,-2,-2
468,1,-1,12.801703453063965,-12.522266387939453,2.216559410095215,1,1,1,1,0,0,0,0,1,34,26.756908238990576,60,84.12698412698369,0,0,0,0,1,0,0,0,0,0,0,0.0,1.0,1.0,0.0,0.0,0.0,0.0,0.0,0.0,0.0,0.0,0.0,0.0,0.0,-2,-2
467,1,-1,11.798273086547852,-11.188583374023438,2.215651035308838,1,1,1,1,0,0,0,0,1,34,23.423574905657254,60,88.84920634920591,0,0,0,0,1,0,0,0,0,0,0,0.0,0.0,1.0,1.0,0.0,0.0,0.0,0.0,0.0,0.0,0.0,0.0,0.0,0.0,-2,-2
466,1,-1,10.793869018554688,-9.857094764709473,2.221649169921875,1,1,1,1,0,0,0,0,1,33,20.090241572323905,60,92.91269841269798,0,0,0,0,0,0,0,0,0,0,0,0.0,0.0,0.0,0.0,0.0,0.0,0.0,0.0,1.0,0.0,0.0,0.0,0.0,0.0,-2,-2
465,1,-1,9.780805587768556,-8.531065940856934,2.225216150283813,1,1,1,1,0,0,0,0,1,33,20.0,60,96.4841269841265,0,0,0,0,0,0,0,0,0,0,0,0.0,0.0,0.0,0.0,0.0,0.0,0.0,0.0,0.0,0.0,0.0,0.0,0.0,0.0,-2,-2
464,1,-1,8.763667106628418,-7.208011150360107,2.227459192276001,1,1,1,1,0,0,0,0,1,32,20.0,60,99.7698412698408,0,0,0,0,0,0,0,0,0,0,0,0.0,1.0,1.0,0.0,0.0,0.0,0.0,0.0,0.0,0.0,0.0,0.0,0.0,0.0,-2,-2
463,1,-1,7.746330738067628,-5.884948253631593,2.226475715637207,1,1,1,1,0,0,0,0,1,32,20.0,60,100.0,0,0,0,0,0,0,0,0,0,0,0,1.0,0.0,1.0,0.0,0.0,0.0,0.0,0.0,0.0,0.0,0.0,0.0,0.0,0.0,-2,-2
462,1,-1,6.7252540588378915,-4.565354824066162,2.2313082218170166,1,1,1,1,0,0,0,0,1,31,20.0,60,100.0,0,0,0,0,0,0,0,0,0,0,0,0.0,0.0,1.0,0.0,0.0,0.0,0.0,0.0,0.0,0.0,0.0,0.0,0.0,0.0,-2,-2
461,1,-1,5.700943946838379,-3.2481722831726074,2.230763912200928,1,1,1,1,0,0,0,0,1,31,20.0,60,100.0,0,0,0,0,0,0,0,0,0,0,0,1.0,1.0,0.0,0.0,0.0,0.0,0.0,0.0,0.0,0.0,0.0,0.0,0.0,0.0,-2,-2
