remaining_time,robot_mode,alarm,robot_x,robot_y,robot_theta,tree 1,tree 2,tree 3,tree 4,tree 5,tree 6,tree 7,tree 8,tree 9,battery_level,temperature,water_robot_tank,water_ground_tank,leak 1,leak 2,leak 3,leak 4,leak 5,leak 6,leak 7,leak 8,leak 9,direction,avancement,left,right,push,wrench,leak 1,leak 2,leak 3,leak 4,leak 5,leak 6,leak 7,leak 8,leak 9,rm_alarm,errors,shortcuts
430,1,-1,3.138669729232788,-5.7731547355651855,1.062748670578003,1,1,1,1,0,1,1,1,0,15,20.0,50,31.841269841269828,0,0,0,0,0,0,0,0,0,0,0,0.0,0.0,0.0,0.0,0.0,0.0,0.0,0.0,0.0,0.0,0.0,0.0,0.0,1.0, click,-1
429,1,-1,3.138669729232788,-5.7731547355651855,1.0627158880233765,1,1,1,1,0,1,1,1,0,15,20.0,50,31.841269841269828,0,0,0,0,0,0,0,0,0,0,0,1.0,0.0,0.0,0.0,0.0,0.0,0.0,0.0,0.0,0.0,0.0,0.0,0.0,0.0, -1,-1
428,1,-1,3.138669729232788,-5.7731547355651855,1.0626827478408811,1,1,1,1,0,1,1,1,0,14,20.0,50,31.841269841269828,0,0,0,0,0,0,0,0,0,0,0,1.0,0.0,0.0,0.0,0.0,0.0,0.0,0.0,0.0,0.0,0.0,0.0,0.0,0.0, -1,-1
427,1,-1,3.138669729232788,-5.7731547355651855,1.0626827478408811,1,1,1,1,0,1,1,1,0,14,20.0,50,31.841269841269828,0,0,0,0,0,0,0,0,0,0,0,0.0,0.0,0.0,0.0,0.0,0.0,0.0,0.0,0.0,0.0,0.0,0.0,0.0,0.0, -1,-1
426,1,-1,3.854622602462769,-4.485424995422363,1.0637995004653928,1,1,1,1,0,1,1,1,0,13,20.0,50,31.841269841269828,0,0,0,0,0,0,0,0,0,0.08833333333333333,2.3833333333333333,0.0,0.0,0.0,0.0,0.0,0.0,0.0,0.0,0.0,0.0,0.0,0.0,0.0,0.0, -1,-1
425,1,-1,4.6643571853637695,-3.027135133743286,1.0629364252090454,1,1,1,1,0,1,1,1,0,13,20.0,50,31.841269841269828,0,0,0,0,0,0,0,0,0,0.0,2.86,0.0,0.0,0.0,0.0,0.0,0.0,0.0,0.0,0.0,0.0,0.0,0.0,0.0,0.0, -1,-1
424,1,-1,5.47470235824585,-1.5683205127716064,1.0645309686660769,1,1,1,1,0,1,1,1,0,12,20.0,50,31.841269841269828,0,0,0,0,0,0,0,0,0,0.0,2.86,0.0,0.0,0.0,0.0,0.0,0.0,0.0,0.0,0.0,0.0,0.0,0.0,0.0,0.0, -1,-1
423,1,-1,6.284488201141357,-0.10952229797840117,1.0636142492294312,1,1,1,1,0,1,1,1,0,12,20.0,50,31.841269841269828,0,0,0,0,0,0,0,0,0,0.0,2.86,0.0,0.0,0.0,0.0,0.0,0.0,0.0,0.0,0.0,0.0,0.0,0.0,0.0,0.0, -1,-1
422,1,-1,7.095936298370361,1.3484714031219482,1.0620933771133425,1,1,1,1,0,1,1,1,0,11,20.0,50,31.841269841269828,0,0,0,0,0,0,0,0,0,0.0,2.86,0.0,0.0,0.0,0.0,0.0,0.0,0.0,0.0,0.0,0.0,0.0,0.0,0.0,0.0, -1,-1
421,1,-1,7.909160137176514,2.806067705154419,1.0589977502822876,1,1,1,1,0,1,1,1,0,11,20.0,50,31.841269841269828,0,0,0,0,0,0,0,0,0,0.0,2.86,0.0,0.0,0.0,0.0,0.0,0.0,0.0,0.0,0.0,0.0,0.0,0.0,0.0,0.0, -1,-1
