remaining_time,robot_mode,alarm,robot_x,robot_y,robot_theta,tree 1,tree 2,tree 3,tree 4,tree 5,tree 6,tree 7,tree 8,tree 9,battery_level,temperature,water_robot_tank,water_ground_tank,leak 1,leak 2,leak 3,leak 4,leak 5,leak 6,leak 7,leak 8,leak 9,direction,avancement,left,right,push,wrench,leak 1,leak 2,leak 3,leak 4,leak 5,leak 6,leak 7,leak 8,leak 9,rm_alarm,errors,shortcuts
240,1,-1,14.917520523071287,-14.27534294128418,-0.6990312933921814,1,1,1,1,1,0,0,0,1,27,20.0,30,10.96031746031733,0,0,0,0,1,0,1,0,0,0,0,0.0,0.0,0.0,0.0,0.0,0.0,0.0,0.0,0.0,0.0,0.0,0.0,0.0,0.0, click,-1
239,1,-1,14.946663856506348,-14.30006217956543,-0.7023577094078064,1,1,1,1,1,0,0,0,1,27,20.0,30,9.849206349206225,0,0,0,0,1,0,1,0,0,0,0,0.0,0.0,0.0,0.0,0.0,0.0,0.0,0.0,0.0,0.0,0.0,0.0,0.0,0.0, click,-1
238,1,-1,13.863574981689453,-13.380119323730467,-0.7049848437309265,1,1,1,1,1,0,0,0,1,26,20.0,30,8.738095238095116,0,0,0,0,1,0,1,0,0,0,0,0.0,0.0,0.0,0.0,0.0,0.0,0.0,0.0,0.0,0.0,0.0,0.0,0.0,1.0, click,-1
237,1,-1,13.863574981689453,-13.380119323730467,-0.7049848437309265,1,1,1,1,1,0,0,0,1,26,20.0,30,7.626984126984007,0,0,0,0,1,0,0,0,0,0,0,0.0,0.0,0.0,1.0,0.0,0.0,0.0,0.0,0.0,0.0,1.0,0.0,0.0,0.0, -1,-1
236,1,-1,13.861199378967285,-13.376595497131348,-0.2821032702922821,1,1,1,1,1,0,0,0,1,25,20.0,30,7.071428571428454,0,0,0,0,1,0,0,0,0,0,0,0.0,0.0,0.0,0.0,0.0,0.0,0.0,0.0,0.0,0.0,0.0,0.0,0.0,0.0, -1,-1
235,1,-1,13.862679481506348,-13.377192497253418,0.2336808294057846,1,1,1,1,1,0,0,0,1,25,20.0,30,6.404761904761789,1,0,0,0,1,0,0,0,0,0,0,0.0,0.0,0.0,1.0,0.0,0.0,0.0,0.0,0.0,0.0,0.0,0.0,0.0,0.0, -1,-1
234,1,-1,13.864351272583008,-13.373671531677244,0.7725131511688232,1,1,1,1,1,0,0,0,1,24,20.0,30,5.626984126984012,1,0,0,0,0,0,0,0,0,0,0,0.0,0.0,0.0,0.0,0.0,0.0,0.0,0.0,1.0,0.0,0.0,0.0,0.0,0.0, -1,-1
233,1,-1,13.86440372467041,-13.368464469909668,1.3150944709777832,1,1,1,1,1,0,0,0,1,24,20.0,30,5.071428571428458,0,0,0,0,0,0,0,0,0,0,0,0.0,0.0,0.0,1.0,1.0,0.0,0.0,0.0,0.0,0.0,0.0,0.0,0.0,0.0, -1,-1
232,1,-1,13.97678279876709,-12.40158462524414,1.4800255298614502,1,1,1,1,1,0,0,0,1,23,20.0,30,5.071428571428458,0,0,0,0,0,0,0,0,0,0,0,0.0,0.0,1.0,0.0,0.0,0.0,0.0,0.0,0.0,0.0,0.0,0.0,0.0,0.0, -1,-1
231,1,-1,14.128202438354492,-10.739581108093262,1.4814355373382568,1,1,1,1,1,0,0,0,1,23,20.0,30,5.071428571428458,0,0,0,0,0,0,0,0,0,0,0,0.0,1.0,0.0,0.0,0.0,0.0,0.0,0.0,0.0,0.0,0.0,0.0,0.0,0.0, -1,-1
