remaining_time,robot_mode,alarm,robot_x,robot_y,robot_theta,tree 1,tree 2,tree 3,tree 4,tree 5,tree 6,tree 7,tree 8,tree 9,battery_level,temperature,water_robot_tank,water_ground_tank,leak 1,leak 2,leak 3,leak 4,leak 5,leak 6,leak 7,leak 8,leak 9,direction,avancement,left,right,push,wrench,leak 1,leak 2,leak 3,leak 4,leak 5,leak 6,leak 7,leak 8,leak 9,rm_alarm,errors,shortcuts
590,1,-1,6.063413093215786e-05,-5.7259931054431945e-05,-0.0009778189705684779,1,0,0,1,1,0,0,0,0,95,20.0,50,47.222222222222136,0,0,0,0,0,0,1,0,0,0,0,0.0,0.0,0.0,0.0,0.0,0.0,0.0,0.0,0.0,0.0,0.0,0.0,0.0,0.0,-2,-2
589,1,-1,6.063413093215786e-05,-5.7259931054431945e-05,-0.0009778189705684779,1,0,0,1,1,0,0,0,0,95,20.0,50,46.66666666666657,0,0,0,0,0,0,1,0,0,0,0,0.0,0.0,0.0,0.0,0.0,0.0,0.0,0.0,0.0,0.0,0.0,0.0,0.0,0.0,-2,-2
588,1,-1,0.0004478392656892538,0.0006547123193740845,0.4410952627658844,1,1,0,1,1,0,0,0,0,94,20.0,50,46.111111111111,0,0,0,0,0,0,1,0,0,0,0,0.0,0.0,0.0,0.0,0.0,0.0,0.0,0.0,0.0,0.0,0.0,0.0,0.0,0.0,-2,-2
587,1,-1,0.00029326099320314825,0.0009647614206187428,0.988734006881714,1,1,0,1,1,0,0,0,0,94,20.0,50,45.55555555555543,0,0,0,0,0,0,1,0,0,0,0,0.0,0.0,0.0,0.0,0.0,0.0,0.0,0.0,0.0,0.0,0.0,0.0,0.0,0.0,-2,-2
586,1,-1,-0.00048354550381191086,0.0016399200540035965,1.4837524890899658,1,1,0,1,1,0,0,0,0,93,20.0,50,44.99999999999986,0,0,0,0,0,0,1,0,0,0,0,0.0,0.0,0.0,0.0,0.0,0.0,0.0,0.0,0.0,0.0,0.0,0.0,0.0,0.0,-2,-2
585,1,-1,-0.0605747438967228,0.1868654042482376,1.8932446241378784,1,1,0,1,1,0,0,0,0,93,20.0,50,44.44444444444429,0,0,0,0,0,1,1,0,0,0,0,0.0,0.0,0.0,0.0,0.0,0.0,0.0,0.0,0.0,0.0,0.0,0.0,0.0,0.0,-2,-2
584,1,-1,-0.6390584111213684,1.8081108331680296,1.9149062633514404,1,1,0,1,1,0,0,0,0,92,20.0,50,43.33333333333318,0,0,0,0,0,1,1,0,0,0,0,0.0,0.0,0.0,0.0,0.0,0.0,0.0,0.0,0.0,0.0,0.0,0.0,0.0,0.0,-2,-2
583,1,-1,-1.1178730726242063,3.115156412124634,1.925912618637085,1,1,0,1,1,0,0,0,0,92,20.0,50,42.22222222222207,0,0,0,0,0,1,1,0,0,0,0,0.0,0.0,0.0,0.0,0.0,0.0,0.0,0.0,0.0,0.0,0.0,0.0,0.0,0.0,-2,-2
582,1,-1,-1.4774726629257202,4.069944381713866,1.934786558151245,1,1,0,0,1,0,0,0,0,91,20.0,40,41.111111111110965,0,0,0,0,0,1,1,0,0,0,0,0.0,0.0,0.0,0.0,0.0,0.0,0.0,0.0,0.0,0.0,0.0,0.0,0.0,0.0,-2,-2
581,1,-1,-1.7478950023651123,4.766493797302246,1.947060465812683,1,1,0,0,1,0,0,0,0,91,20.0,40,39.999999999999865,0,0,0,0,0,1,1,0,0,0,0,0.0,0.0,0.0,0.0,0.0,0.0,0.0,0.0,0.0,0.0,0.0,0.0,0.0,0.0,-2,-2
