remaining_time,robot_mode,alarm,robot_x,robot_y,robot_theta,tree 1,tree 2,tree 3,tree 4,tree 5,tree 6,tree 7,tree 8,tree 9,battery_level,temperature,water_robot_tank,water_ground_tank,leak 1,leak 2,leak 3,leak 4,leak 5,leak 6,leak 7,leak 8,leak 9,direction,avancement,left,right,push,wrench,leak 1,leak 2,leak 3,leak 4,leak 5,leak 6,leak 7,leak 8,leak 9,rm_alarm,errors,shortcuts
570,1,-1,-1.2242002487182615,4.912775039672852,2.149848222732544,1,1,0,0,0,1,0,0,0,85,20.0,30,22.222222222222076,0,1,0,0,0,1,1,0,0,0,0,0.0,0.0,0.0,0.0,0.0,0.0,0.0,0.0,0.0,0.0,0.0,0.0,0.0,0.0,-2,-2
569,1,-1,-1.3290239572525024,5.974250316619872,1.6073896884918213,1,1,0,0,0,1,0,0,0,85,20.0,30,20.55555555555541,0,1,0,0,0,1,1,0,0,0,0,0.0,0.0,0.0,0.0,0.0,0.0,0.0,0.0,0.0,0.0,0.0,0.0,0.0,0.0,-2,-2
568,1,-1,-1.3361966609954834,4.922659397125244,1.5688599348068235,1,1,0,0,0,1,0,0,0,84,20.0,30,18.88888888888875,0,1,0,0,0,1,1,0,0,0,0,0.0,0.0,0.0,0.0,0.0,0.0,0.0,0.0,0.0,0.0,0.0,0.0,0.0,0.0,-2,-2
567,1,-1,-1.7987475395202637,5.880665302276611,2.0867600440979004,1,1,0,0,0,1,0,0,0,84,20.0,30,17.22222222222209,0,1,0,0,0,1,1,0,0,0,0,0.0,0.0,0.0,0.0,0.0,0.0,0.0,0.0,0.0,0.0,0.0,0.0,0.0,0.0,-2,-2
566,1,-1,-1.2250685691833496,4.942570209503174,2.116903305053711,1,1,0,0,0,1,0,0,0,83,20.0,30,15.555555555555424,0,1,0,0,0,1,1,0,0,0,0,0.0,0.0,0.0,0.0,0.0,0.0,0.0,0.0,0.0,0.0,0.0,0.0,0.0,0.0,-2,-2
565,1,6,-1.3183554410934448,6.003950595855713,1.5920207500457764,1,1,0,0,0,1,0,0,0,83,20.0,30,13.888888888888754,0,1,0,0,0,1,1,0,0,0,0,0.0,0.0,0.0,0.0,0.0,0.0,0.0,0.0,0.0,0.0,0.0,0.0,0.0,0.0,-2,-2
564,1,-1,-1.339130997657776,5.096040725708008,1.5522189140319824,1,1,0,0,0,1,0,0,0,82,20.0,30,12.222222222222085,0,1,0,0,0,1,1,0,0,0,0,0.0,0.0,0.0,0.0,0.0,0.0,0.0,0.0,0.0,0.0,0.0,0.0,0.0,1.0,-2,-2
563,1,-1,-1.719507336616516,5.793204307556152,2.036260843276977,1,1,0,0,0,1,0,0,0,82,20.0,30,10.555555555555417,0,1,0,0,0,1,1,0,0,0,0,0.0,0.0,0.0,0.0,0.0,0.0,0.0,0.0,0.0,0.0,0.0,0.0,0.0,0.0,-2,-2
562,1,-1,-1.2061402797698977,4.876044750213623,2.0765068531036377,1,1,0,0,0,1,0,0,0,81,20.0,30,8.888888888888747,0,1,0,0,0,1,1,0,0,0,0,0.0,0.0,0.0,0.0,0.0,0.0,0.0,0.0,0.0,0.0,0.0,0.0,0.0,0.0,-2,-2
561,1,-1,-1.2519766092300415,5.940328121185303,1.547981858253479,1,1,0,0,0,1,0,0,0,81,20.0,30,7.22222222222208,0,1,0,0,0,1,1,0,0,0,0,0.0,0.0,0.0,0.0,0.0,0.0,0.0,0.0,0.0,0.0,0.0,0.0,0.0,0.0,-2,-2
