remaining_time,robot_mode,alarm,robot_x,robot_y,robot_theta,tree 1,tree 2,tree 3,tree 4,tree 5,tree 6,tree 7,tree 8,tree 9,battery_level,temperature,water_robot_tank,water_ground_tank,leak 1,leak 2,leak 3,leak 4,leak 5,leak 6,leak 7,leak 8,leak 9,direction,avancement,left,right,push,wrench,leak 1,leak 2,leak 3,leak 4,leak 5,leak 6,leak 7,leak 8,leak 9,rm_alarm,errors,shortcuts
70,1,-1,0.28976354002952576,-9.62933349609375,0.9838912487030028,1,1,1,0,1,0,1,0,0,20,20.0,90,12.507936507936222,0,0,0,0,0,0,0,0,0,0,0,0.0,0.0,0.0,0.0,0.0,0.0,0.0,0.0,0.0,0.0,0.0,0.0,0.0,0.0,-2,-2
69,1,6,0.28976354002952576,-9.62933349609375,0.9839670062065125,1,1,1,0,1,0,1,0,0,20,20.0,100,2.5079365079362215,0,0,0,0,0,0,0,0,0,0,0,0.0,0.0,0.0,0.0,0.0,0.0,0.0,0.0,0.0,0.0,0.0,0.0,0.0,0.0,-2,-2
68,1,-1,0.28976354002952576,-9.62933349609375,0.9840422272682191,1,1,1,0,1,0,1,0,0,19,20.0,100,2.5079365079362215,0,0,0,0,0,0,0,0,0,0,0,0.0,0.0,0.0,0.0,0.0,0.0,0.0,0.0,0.0,0.0,0.0,0.0,0.0,0.0,-2,-2
67,1,-1,0.28976354002952576,-9.62933349609375,0.9841164946556092,1,1,1,0,1,0,1,0,0,19,20.0,100,2.5079365079362215,0,0,0,0,0,0,0,0,0,0,0,0.0,0.0,0.0,0.0,0.0,0.0,0.0,0.0,0.0,0.0,0.0,0.0,0.0,1.0,-2,-2
66,1,-1,0.28976354002952576,-9.62933349609375,0.9841164946556092,1,1,1,0,1,0,1,0,0,18,20.0,100,2.5079365079362215,0,0,0,0,0,0,0,0,0,0,0,0.0,0.0,0.0,0.0,0.0,0.0,0.0,0.0,0.0,0.0,0.0,0.0,0.0,0.0,-2,-2
65,1,-1,1.0454823970794678,-8.461441993713379,0.9997952580451964,1,1,1,0,1,0,1,0,0,18,20.0,100,2.5079365079362215,0,0,0,0,0,0,0,0,0,0.0,2.86,0.0,0.0,0.0,0.0,0.0,0.0,0.0,0.0,0.0,0.0,0.0,0.0,0.0,0.0,-2,-2
64,1,-1,1.9355552196502688,-7.084026336669923,0.9970307350158693,1,1,1,0,1,0,1,0,0,17,20.0,100,2.5079365079362215,0,0,0,0,0,0,0,0,0,0,0,0.0,0.0,0.0,0.0,0.0,0.0,0.0,0.0,0.0,0.0,0.0,0.0,0.0,0.0,-2,-2
63,1,-1,2.839526653289795,-5.680774688720702,0.9990598559379578,1,1,1,0,1,0,1,0,0,17,20.0,100,2.5079365079362215,0,0,0,0,0,0,0,0,0,0,0,0.0,0.0,0.0,0.0,0.0,0.0,0.0,0.0,0.0,0.0,0.0,0.0,0.0,0.0,-2,-2
62,1,-1,3.7256999015808105,-4.300234794616698,1.0007942914962769,1,1,1,0,1,0,1,0,0,16,20.0,100,2.5079365079362215,0,0,0,0,0,0,0,0,0,0,0,0.0,0.0,0.0,0.0,0.0,0.0,0.0,0.0,0.0,0.0,0.0,0.0,0.0,0.0,-2,-2
61,1,-1,4.638376235961914,-2.8719491958618164,1.004421949386597,1,1,1,0,1,0,1,0,0,16,20.0,100,2.5079365079362215,0,0,0,0,0,0,0,0,0,0,0,0.0,0.0,0.0,0.0,0.0,0.0,0.0,0.0,0.0,0.0,0.0,0.0,0.0,0.0,-2,-2
