remaining_time,robot_mode,alarm,robot_x,robot_y,robot_theta,tree 1,tree 2,tree 3,tree 4,tree 5,tree 6,tree 7,tree 8,tree 9,battery_level,temperature,water_robot_tank,water_ground_tank,leak 1,leak 2,leak 3,leak 4,leak 5,leak 6,leak 7,leak 8,leak 9,direction,avancement,left,right,push,wrench,leak 1,leak 2,leak 3,leak 4,leak 5,leak 6,leak 7,leak 8,leak 9,rm_alarm,errors,shortcuts
240,1,-1,-8.192497253417969,13.443331718444824,2.8499245643615723,0,1,1,0,0,1,0,0,1,46,20.0,10,82.57142857142753,0,0,0,0,1,0,0,0,0,0,0,1.0,0.0,0.0,0.0,0.0,0.0,0.0,0.0,0.0,0.0,0.0,0.0,0.0,0.0, -1,1
239,1,-1,-9.789087295532227,13.928470611572266,2.842472076416016,0,1,1,0,0,1,0,0,1,46,20.0,10,82.01587301587196,0,0,0,0,1,0,0,0,0,0,0,1.0,0.0,0.0,0.0,0.0,0.0,0.0,0.0,0.0,0.0,0.0,0.0,0.0,0.0, -1,1
238,1,-1,-11.19422435760498,14.369219779968262,2.8257532119750977,0,1,1,0,0,1,0,0,1,45,20.0,10,81.46031746031639,0,0,0,0,1,0,0,0,0,0,0,0.0,0.0,0.0,1.0,0.0,0.0,0.0,0.0,0.0,0.0,0.0,0.0,0.0,0.0, -1, -1
237,1,-1,-12.219442367553713,14.71069049835205,2.8193941116333012,0,1,1,0,0,1,0,0,1,45,20.0,10,81.12698412698305,0,0,0,0,0,0,0,0,0,0,0,0.0,0.0,0.0,0.0,0.0,0.0,0.0,0.0,1.0,0.0,0.0,0.0,0.0,0.0, -1,1
236,1,-1,-12.969002723693848,14.963053703308105,2.81679105758667,0,1,0,0,0,1,0,0,1,44,20.0,0,81.12698412698305,0,0,0,0,0,0,0,0,0,0,0,0.0,0.0,0.0,0.0,0.0,0.0,0.0,0.0,0.0,0.0,0.0,0.0,0.0,0.0, -1, -1
235,1,-1,-13.539705276489258,15.162004470825195,2.7994415760040283,0,1,0,0,0,1,0,0,1,44,20.0,0,81.01587301587193,0,0,0,0,1,0,0,0,0,0,0,0.0,0.0,0.0,0.0,0.0,0.0,0.0,0.0,0.0,0.0,0.0,0.0,0.0,0.0, -1, -1
234,1,-1,-13.539705276489258,15.162004470825195,2.7994415760040283,0,1,0,0,0,1,0,0,1,43,20.0,0,80.51587301587193,0,0,0,0,1,0,0,0,0,0,0,0.0,1.0,0.0,0.0,0.0,0.0,0.0,0.0,0.0,0.0,0.0,0.0,0.0,0.0, -1,2
233,1,-1,-11.566449165344238,14.453743934631348,-3.0453011989593506,0,1,0,0,0,1,0,0,1,43,20.0,0,79.96031746031635,0,0,0,0,1,0,0,0,0,0,0,0.0,0.0,1.0,0.0,0.0,0.0,0.0,0.0,0.0,0.0,0.0,0.0,0.0,0.0, -1,1
232,1,-1,-11.569324493408205,14.448760032653807,-2.4869914054870605,0,1,0,0,0,1,0,0,1,42,20.0,0,79.40476190476078,0,0,0,0,1,0,0,0,0,0,0,1.0,0.0,0.0,0.0,0.0,0.0,0.0,0.0,0.0,0.0,0.0,0.0,0.0,0.0, -1,1
231,1,-1,-11.573079109191895,14.445648193359375,-1.931753396987915,0,1,0,0,0,1,0,0,1,42,20.0,0,82.8412698412687,0,0,0,0,1,0,0,0,0,0,0,0.0,0.0,0.0,0.0,0.0,0.0,0.0,0.0,0.0,0.0,0.0,0.0,0.0,0.0, -1, -1
