remaining_time,robot_mode,alarm,robot_x,robot_y,robot_theta,tree 1,tree 2,tree 3,tree 4,tree 5,tree 6,tree 7,tree 8,tree 9,battery_level,temperature,water_robot_tank,water_ground_tank,leak 1,leak 2,leak 3,leak 4,leak 5,leak 6,leak 7,leak 8,leak 9,direction,avancement,left,right,push,wrench,leak 1,leak 2,leak 3,leak 4,leak 5,leak 6,leak 7,leak 8,leak 9,rm_alarm,errors,shortcuts
100,1,-1,-12.604903221130373,-14.436073303222654,-2.753960132598877,1,1,1,0,1,0,0,0,1,55,20.0,60,26.309523809523487,0,0,0,0,1,0,0,0,0,0,0,0.0,0.0,1.0,0.0,0.0,0.0,0.0,0.0,0.0,0.0,0.0,0.0,0.0,0.0, -1,4
99,1,-1,-13.671242713928224,-14.875974655151367,-2.746572256088257,1,1,1,0,1,0,0,0,1,55,20.0,60,29.031746031745712,0,0,0,0,1,0,0,0,0,0,0,0.0,0.0,1.0,0.0,0.0,0.0,0.0,0.0,0.0,0.0,0.0,0.0,0.0,0.0, -1,2
98,1,-1,-14.452263832092285,-15.20725917816162,-2.7368762493133545,1,1,1,0,1,0,0,0,0,54,20.0,50,31.03968253968221,0,0,0,0,0,0,0,0,0,0,0,0.0,0.0,0.0,1.0,0.0,0.0,0.0,0.0,1.0,0.0,0.0,0.0,0.0,0.0, -1,1
97,1,-1,-15.020379066467285,-15.453718185424805,-2.7253921031951904,1,1,1,0,1,0,0,0,0,54,20.0,50,32.61111111111078,0,0,0,0,0,0,0,0,0,0,0,0.0,0.0,0.0,0.0,0.0,0.0,0.0,0.0,0.0,0.0,0.0,0.0,0.0,0.0, -1, -1
96,1,-1,-15.020379066467285,-15.453718185424805,-2.7253921031951904,1,1,1,0,1,0,0,0,0,53,20.0,50,34.46825396825364,0,0,0,0,0,0,0,0,0,0,0,0.0,0.0,1.0,0.0,0.0,0.0,0.0,0.0,0.0,0.0,0.0,0.0,0.0,0.0, -1,2
95,1,-1,-12.934855461120605,-14.524855613708494,3.1027626991271973,1,1,1,0,1,0,0,0,0,53,20.0,50,37.753968253967926,0,0,0,0,0,0,0,0,0,0,0,0.0,0.0,1.0,0.0,0.0,0.0,0.0,0.0,0.0,0.0,0.0,0.0,0.0,0.0, -1,4
94,1,-1,-12.937188148498535,-14.523670196533205,2.559591054916382,1,1,1,0,1,0,0,0,0,52,20.0,50,40.32539682539649,0,0,0,0,0,0,0,0,0,0,0,0.0,0.0,1.0,0.0,0.0,0.0,0.0,0.0,0.0,0.0,0.0,0.0,0.0,0.0, -1,4
93,1,-1,-12.937274932861328,-14.521524429321287,2.0308966636657715,1,1,1,0,1,0,0,0,0,52,20.0,50,42.46825396825364,0,0,0,0,0,0,0,0,0,0,0,0.0,0.0,1.0,0.0,0.0,0.0,0.0,0.0,0.0,0.0,0.0,0.0,0.0,0.0, -1,2
92,1,-1,-12.939223289489744,-14.518949508666992,1.494081735610962,1,1,1,0,1,0,0,0,0,51,20.0,50,43.61111111111078,0,0,0,0,0,0,0,0,0,0,0,1.0,1.0,0.0,0.0,0.0,0.0,0.0,0.0,0.0,0.0,0.0,0.0,0.0,0.0, -1,1
91,1,-1,-12.82674789428711,-14.233560562133787,1.1782740354537964,1,1,1,0,1,0,0,0,0,51,20.0,50,43.61111111111078,0,0,0,0,0,0,0,0,0,0,0,1.0,0.0,0.0,0.0,0.0,0.0,0.0,0.0,0.0,0.0,0.0,0.0,0.0,0.0, -1,1
