remaining_time,robot_mode,alarm,robot_x,robot_y,robot_theta,tree 1,tree 2,tree 3,tree 4,tree 5,tree 6,tree 7,tree 8,tree 9,battery_level,temperature,water_robot_tank,water_ground_tank,leak 1,leak 2,leak 3,leak 4,leak 5,leak 6,leak 7,leak 8,leak 9,direction,avancement,left,right,push,wrench,leak 1,leak 2,leak 3,leak 4,leak 5,leak 6,leak 7,leak 8,leak 9,rm_alarm,errors,shortcuts
550,1,-1,13.556703567504885,-13.213129043579102,-0.761641263961792,0,0,0,1,0,0,0,0,0,75,20.0,40,20.444444444444052,0,0,1,0,1,0,0,1,0,-0.53,0.0,0.0,0.0,0.0,0.0,0.0,0.0,0.0,0.0,0.0,0.0,0.0,0.0,0.0,0.0,-2,-2
549,1,-1,13.556703567504885,-13.213129043579102,-0.761641263961792,0,0,0,1,0,1,0,0,0,75,20.0,40,18.777777777777384,0,0,1,0,1,0,0,1,0,-0.53,0.0,0.0,0.0,0.0,0.0,0.0,0.0,0.0,0.0,0.0,0.0,0.0,0.0,0.0,0.0,-2,-2
548,1,-1,13.555432319641113,-13.21860122680664,-1.6632252931594849,0,0,0,1,0,1,0,0,0,74,20.0,40,17.111111111110727,0,0,1,0,1,0,0,1,0,-0.53,0.0,0.0,0.0,0.0,0.0,0.0,0.0,0.0,0.0,0.0,0.0,0.0,0.0,0.0,0.0,-2,-2
547,1,4,13.555261611938475,-13.21968936920166,-2.160224199295044,0,0,0,1,0,1,0,0,0,74,20.0,40,15.444444444444065,0,0,1,0,1,0,0,1,0,-0.53,0.0,0.0,0.0,0.0,0.0,0.0,0.0,0.0,0.0,0.0,0.0,0.0,0.0,0.0,0.0,-2,-2
546,1,-1,13.552400588989258,-13.224108695983887,-2.685555934906006,0,0,0,1,0,1,0,1,0,73,20.0,40,13.777777777777393,0,0,1,0,1,0,0,1,0,-0.53,0.0,0.0,0.0,0.0,0.0,0.0,0.0,0.0,0.0,0.0,0.0,0.0,0.0,0.0,0.0,-2,-2
545,1,6,13.54879093170166,-13.228968620300293,3.028959035873413,0,0,0,1,0,1,0,1,0,73,20.0,40,12.111111111110725,0,0,1,0,1,0,0,1,0,-0.53,0.0,0.0,0.0,0.0,0.0,0.0,0.0,0.0,0.0,0.0,0.0,0.0,0.0,0.0,1.0,-2,-2
544,1,-1,13.547743797302244,-13.230613708496096,2.5102691650390625,0,0,0,1,0,1,0,1,0,72,20.0,40,10.444444444444054,0,0,1,0,1,0,0,1,0,0,0,0.0,0.0,0.0,1.0,0.0,0.0,0.0,0.0,0.0,0.0,0.0,0.0,0.0,0.0,-2,-2
543,1,-1,13.119553565979006,-12.756636619567873,2.2819223403930664,0,0,0,1,0,1,0,1,0,72,20.0,40,8.777777777777382,0,0,1,0,1,0,0,1,0,0,0,0.0,0.0,0.0,0.0,0.0,0.0,0.0,0.0,0.0,0.0,0.0,0.0,0.0,1.0,-2,-2
542,1,-1,12.04190158843994,-11.481816291809082,2.2718422412872314,0,0,0,1,0,1,0,1,0,71,20.0,40,7.4444444444440485,0,0,0,0,0,0,0,1,0,0,0,0.0,0.0,0.0,1.0,0.0,0.0,1.0,0.0,1.0,0.0,0.0,0.0,0.0,0.0,-2,-2
541,1,-1,10.984642028808594,-10.227002143859863,2.269863605499268,0,0,0,1,0,1,0,1,0,71,20.0,40,7.222222222221827,0,0,0,0,0,0,0,0,0,0,0,0.0,0.0,0.0,1.0,0.0,0.0,0.0,0.0,0.0,0.0,0.0,1.0,0.0,0.0,-2,-2
