remaining_time,robot_mode,alarm,robot_x,robot_y,robot_theta,tree 1,tree 2,tree 3,tree 4,tree 5,tree 6,tree 7,tree 8,tree 9,battery_level,temperature,water_robot_tank,water_ground_tank,leak 1,leak 2,leak 3,leak 4,leak 5,leak 6,leak 7,leak 8,leak 9,direction,avancement,left,right,push,wrench,leak 1,leak 2,leak 3,leak 4,leak 5,leak 6,leak 7,leak 8,leak 9,rm_alarm,errors,shortcuts
560,1,-1,14.763225555419922,-15.417101860046387,-0.3566390573978424,0,1,0,0,0,1,0,0,1,80,20.0,80,0.7063492063490826,0,0,0,1,0,0,0,0,0,0,0,0.0,0.0,0.0,0.0,0.0,0.0,0.0,1.0,0.0,0.0,0.0,0.0,0.0,0.0,-2,-2
559,1,-1,14.763225555419922,-15.417101860046387,-0.3566390573978424,0,1,0,0,0,1,0,0,1,80,20.0,80,0.7063492063490826,0,0,0,1,0,0,0,0,0,0,0,0.0,1.0,0.0,0.0,0.0,0.0,0.0,0.0,0.0,0.0,0.0,0.0,0.0,0.0,-2,-2
558,1,-1,14.760828971862793,-15.414082527160645,0.06587330996990204,0,1,0,0,0,1,0,0,1,79,20.0,80,0.7063492063490826,0,0,0,1,0,0,0,0,0,0,0,0.0,1.0,0.0,0.0,0.0,0.0,0.0,0.0,0.0,0.0,0.0,0.0,0.0,0.0,-2,-2
557,1,-1,14.76336669921875,-15.410518646240234,0.618324339389801,0,1,0,0,0,1,0,0,1,79,20.0,80,0.7063492063490826,0,0,0,1,0,0,0,0,0,0,0,0.0,0.0,0.0,0.0,0.0,0.0,0.0,0.0,0.0,0.0,0.0,0.0,0.0,0.0,-2,-2
556,1,-1,14.859421730041506,-15.2764310836792,0.962748110294342,0,1,0,0,0,1,0,0,1,78,20.0,80,0.7063492063490826,0,0,0,1,0,0,0,0,0,0,0,0.0,0.0,0.0,0.0,0.0,0.0,0.0,0.0,0.0,0.0,0.0,0.0,0.0,0.0,-2,-2
555,1,-1,15.32256317138672,-14.592326164245605,0.9771094918251038,0,1,0,0,0,0,0,0,1,78,20.0,70,0.7063492063490826,0,0,0,1,0,0,0,0,0,0,0,0.0,0.0,0.0,0.0,0.0,0.0,0.0,0.0,0.0,0.0,0.0,0.0,0.0,0.0,-2,-2
554,1,4,15.66242504119873,-14.080877304077148,0.9911721348762512,0,1,1,0,0,0,0,0,1,77,20.0,70,0.7063492063490826,0,0,0,1,0,0,0,0,0,0,0,0.0,0.0,0.0,0.0,0.0,0.0,0.0,0.0,0.0,0.0,0.0,0.0,0.0,0.0,-2,-2
553,1,-1,14.526214599609375,-15.804304122924805,0.9844605326652528,0,1,1,0,0,0,0,0,1,77,20.0,70,0.7063492063490826,0,0,0,1,0,0,0,0,0,0,0,0.0,0.0,0.0,0.0,0.0,0.0,0.0,0.0,0.0,0.0,0.0,0.0,0.0,0.0,-2,-2
552,1,-1,13.75381565093994,-16.972782135009766,0.9878033399581908,0,1,1,0,0,0,0,0,1,76,20.0,70,0.7063492063490826,0,0,0,1,0,0,0,0,0,0,0,0.0,0.0,0.0,0.0,0.0,0.0,0.0,0.0,0.0,0.0,0.0,0.0,0.0,0.0,-2,-2
551,1,-1,14.723973274230955,-16.430316925048828,0.4403765201568604,0,1,1,0,0,0,0,0,1,76,20.0,70,0.7063492063490826,0,0,0,1,0,0,0,0,0,0,0,0.0,0.0,0.0,0.0,0.0,0.0,0.0,0.0,0.0,0.0,0.0,0.0,0.0,1.0,-2,-2
