remaining_time,robot_mode,alarm,robot_x,robot_y,robot_theta,tree 1,tree 2,tree 3,tree 4,tree 5,tree 6,tree 7,tree 8,tree 9,battery_level,temperature,water_robot_tank,water_ground_tank,leak 1,leak 2,leak 3,leak 4,leak 5,leak 6,leak 7,leak 8,leak 9,direction,avancement,left,right,push,wrench,leak 1,leak 2,leak 3,leak 4,leak 5,leak 6,leak 7,leak 8,leak 9,rm_alarm,errors,shortcuts
520,1,-1,2.6241779327392583,13.637076377868652,0.4639763832092285,0,0,0,0,0,0,1,0,1,60,20.0,40,99.88888888888887,0,0,0,1,0,0,0,0,0,0,0,0.0,1.0,0.0,0.0,0.0,0.0,0.0,0.0,0.0,0.0,0.0,0.0,0.0,0.0,-2,-2
519,1,-1,2.6241779327392583,13.637076377868652,0.4639763832092285,0,0,0,0,0,0,1,0,1,60,20.0,40,100.0,0,0,0,1,0,0,0,0,0,0,0,1.0,0.0,0.0,1.0,0.0,0.0,0.0,0.0,0.0,0.0,0.0,0.0,0.0,0.0,-2,-2
518,1,-1,0.8472535014152527,12.744403839111328,0.05754403024911881,0,0,0,0,0,0,1,0,1,59,20.0,40,100.0,0,0,0,0,0,0,0,0,0,0,0,0.0,0.0,0.0,0.0,0.0,0.0,0.0,1.0,0.0,0.0,0.0,0.0,0.0,0.0,-2,-2
517,1,-1,0.8469877243041992,12.745308876037598,-0.4578281342983246,0,0,0,0,0,0,1,0,1,59,20.0,40,100.0,0,0,0,0,0,0,0,0,0,0,0,0.0,0.0,0.0,0.0,0.0,0.0,0.0,0.0,0.0,0.0,0.0,0.0,0.0,0.0,-2,-2
516,1,-1,0.8474940061569214,12.745002746582033,-0.9431191682815552,0,0,0,0,0,0,1,0,1,58,20.0,40,100.0,0,0,0,0,0,0,0,0,0,0,0,1.0,0.0,0.0,0.0,0.0,0.0,0.0,0.0,0.0,0.0,0.0,0.0,0.0,0.0,-2,-2
515,1,-1,1.540466070175171,11.604815483093262,-1.0407094955444336,0,0,0,0,0,1,1,0,1,58,20.0,40,100.0,0,0,0,0,0,0,0,0,0,0,0,0.0,1.0,1.0,0.0,0.0,0.0,0.0,0.0,0.0,0.0,0.0,0.0,0.0,0.0,-2,-2
514,1,-1,2.3977651596069336,10.140628814697266,-1.03985857963562,0,0,0,0,0,1,1,0,1,57,20.0,40,100.0,0,0,0,0,0,0,0,0,0,0,0,0.0,0.0,1.0,0.0,0.0,0.0,0.0,0.0,0.0,0.0,0.0,0.0,0.0,0.0,-2,-2
513,1,-1,3.2561054229736333,8.677274703979492,-1.0406042337417605,0,0,0,0,0,1,1,0,1,57,20.0,40,100.0,0,0,0,0,0,0,0,0,0,0,0,0.0,0.0,1.0,0.0,0.0,0.0,0.0,0.0,0.0,0.0,0.0,0.0,0.0,0.0,-2,-2
512,1,-1,4.102928638458252,7.239643573760986,-1.0357061624526978,0,0,0,0,0,1,1,0,1,56,20.0,40,100.0,0,0,0,0,0,0,0,0,0,0,0,1.0,1.0,0.0,0.0,0.0,0.0,0.0,0.0,0.0,0.0,0.0,0.0,0.0,0.0,-2,-2
511,1,-1,4.935421943664551,5.826374053955077,-1.0407483577728271,0,0,0,0,0,1,1,0,1,56,20.0,40,100.0,0,0,0,0,0,0,0,0,0,0,0,0.0,0.0,1.0,0.0,0.0,0.0,0.0,0.0,0.0,0.0,0.0,0.0,0.0,0.0,-2,-2
