remaining_time,robot_mode,alarm,robot_x,robot_y,robot_theta,tree 1,tree 2,tree 3,tree 4,tree 5,tree 6,tree 7,tree 8,tree 9,battery_level,temperature,water_robot_tank,water_ground_tank,leak 1,leak 2,leak 3,leak 4,leak 5,leak 6,leak 7,leak 8,leak 9,direction,avancement,left,right,push,wrench,leak 1,leak 2,leak 3,leak 4,leak 5,leak 6,leak 7,leak 8,leak 9,rm_alarm,errors,shortcuts
540,1,-1,-0.728061318397522,-2.4387743473052983,1.8015083074569704,1,1,0,1,1,0,0,0,1,70,20.0,10,0.6666666666666874,0,0,1,1,1,0,0,1,0,0,0,0.0,0.0,0.0,0.0,0.0,0.0,0.0,0.0,0.0,0.0,0.0,0.0,0.0,0.0,-2,-2
539,1,-1,-1.110840082168579,-0.814580500125885,1.8022019863128664,1,1,0,1,1,0,0,0,1,70,20.0,10,0.6666666666666874,0,0,1,1,1,0,0,1,0,0,0,0.0,0.0,0.0,0.0,0.0,0.0,0.0,0.0,0.0,0.0,0.0,0.0,0.0,0.0,-2,-2
538,1,-1,-1.480215311050415,0.8129907250404358,1.784497618675232,1,1,0,1,1,0,0,0,1,69,20.0,10,0.6666666666666874,0,0,1,1,1,0,0,1,0,0,0,0.0,0.0,0.0,0.0,0.0,0.0,0.0,0.0,0.0,0.0,0.0,0.0,0.0,0.0,-2,-2
537,1,-1,-1.8117979764938357,2.3356709480285645,1.7792710065841677,1,1,0,1,1,0,0,0,1,69,20.0,10,0.6666666666666874,0,0,1,1,1,0,0,1,0,0,0,0.0,0.0,0.0,0.0,0.0,0.0,0.0,0.0,0.0,0.0,0.0,0.0,0.0,0.0,-2,-2
536,1,-1,-2.0506694316864014,3.478615522384644,1.773993968963623,1,1,0,1,1,0,0,0,1,68,20.0,10,0.6666666666666874,0,0,1,1,1,0,0,1,0,0,0,0.0,0.0,0.0,0.0,0.0,0.0,0.0,0.0,0.0,0.0,0.0,0.0,0.0,0.0,-2,-2
535,1,-1,-2.2175922393798833,4.319351196289063,1.7602881193161009,1,1,0,0,1,0,0,0,1,68,20.0,0,0.6666666666666874,1,0,1,1,1,0,0,1,0,0,0,0.0,0.0,0.0,0.0,0.0,0.0,0.0,0.0,0.0,0.0,0.0,0.0,0.0,0.0,-2,-2
534,1,-1,-2.32897424697876,4.923398971557617,1.7516800165176392,1,1,0,0,1,0,0,0,1,67,20.0,0,0.6666666666666874,1,0,1,1,1,0,0,1,0,0,0,0.0,0.0,0.0,0.0,0.0,0.0,0.0,0.0,0.0,0.0,0.0,0.0,0.0,0.0,-2,-2
533,1,-1,-2.122955083847046,3.7934644222259517,1.7498509883880615,1,1,0,0,1,0,0,0,1,67,20.0,0,0.6666666666666874,1,0,1,1,1,0,0,1,0,0,0,0.0,0.0,0.0,0.0,0.0,0.0,0.0,0.0,0.0,0.0,0.0,0.0,0.0,0.0,-2,-2
532,1,-1,-1.875067353248596,2.4154644012451167,1.7477351427078247,1,1,0,0,1,0,0,0,1,66,20.0,0,0.6666666666666874,1,0,1,1,1,0,0,1,0,0,0,0.0,0.0,0.0,0.0,0.0,0.0,0.0,0.0,0.0,0.0,0.0,0.0,0.0,0.0,-2,-2
531,1,-1,-2.49361252784729,3.2812232971191406,2.256361484527588,1,1,0,0,1,0,0,0,1,66,20.0,0,0.6666666666666874,1,0,1,1,1,0,0,1,0,0,0,0.0,0.0,0.0,0.0,0.0,0.0,0.0,0.0,0.0,0.0,0.0,0.0,0.0,0.0,-2,-2
