remaining_time,robot_mode,alarm,robot_x,robot_y,robot_theta,tree 1,tree 2,tree 3,tree 4,tree 5,tree 6,tree 7,tree 8,tree 9,battery_level,temperature,water_robot_tank,water_ground_tank,leak 1,leak 2,leak 3,leak 4,leak 5,leak 6,leak 7,leak 8,leak 9,direction,avancement,left,right,push,wrench,leak 1,leak 2,leak 3,leak 4,leak 5,leak 6,leak 7,leak 8,leak 9,rm_alarm,errors,shortcuts
10,1,-1,4.385510921478272,-8.57596492767334,1.1056513786315918,0,1,1,1,0,1,1,1,0,21,20.0,60,0.8095238095238091,0,0,0,0,0,1,0,0,0,-0.53,0.0,0.0,0.0,0.0,0.0,0.0,0.0,0.0,0.0,0.0,0.0,0.0,0.0,0.0,0.0, -1, -1
9,1,-1,5.136641979217528,-7.086016178131104,1.103500485420227,0,1,1,1,0,1,1,1,0,21,20.0,60,0.8095238095238091,0,0,0,0,0,1,0,0,0,0.0,-2.86,0.0,0.0,0.0,0.0,0.0,0.0,0.0,0.0,0.0,0.0,0.0,0.0,0.0,0.0, -1, -1
8,1,-1,5.887451171875,-5.59786319732666,1.104839563369751,0,1,1,1,0,1,1,1,0,20,20.0,60,0.8095238095238091,0,0,0,0,0,0,0,0,0,0,0,0.0,0.0,0.0,1.0,0.0,0.0,0.0,0.0,0.0,1.0,0.0,0.0,0.0,0.0, -1,1
7,1,-1,6.625584602355957,-4.101226329803467,1.1122722625732422,0,1,1,1,0,1,1,1,0,20,20.0,60,0.8095238095238091,0,0,0,0,0,0,0,0,0,0,0,0.0,0.0,0.0,0.0,0.0,0.0,0.0,0.0,0.0,0.0,0.0,0.0,0.0,0.0, -1, -1
6,1,-1,7.362179279327393,-2.6045851707458496,1.114179253578186,0,1,1,1,0,1,1,1,0,19,20.0,60,0.8095238095238091,0,0,0,0,0,0,0,0,0,0,0,0.0,1.0,0.0,0.0,0.0,0.0,0.0,0.0,0.0,0.0,0.0,0.0,0.0,0.0, -1,1
5,1,-1,8.097250938415527,-1.1062698364257812,1.1150292158126829,0,1,1,1,0,1,1,1,0,19,20.0,60,0.8095238095238091,0,0,0,0,0,0,0,0,0,0,0,1.0,0.0,0.0,0.0,0.0,0.0,0.0,0.0,0.0,0.0,0.0,0.0,0.0,0.0, -1,1
4,1,-1,8.829209327697754,0.3931276202201843,1.118193745613098,0,1,1,1,0,1,1,1,0,18,20.0,60,0.8095238095238091,0,0,0,0,0,0,0,0,0,0,0,1.0,0.0,0.0,0.0,0.0,0.0,0.0,0.0,0.0,0.0,0.0,0.0,0.0,0.0, -1,4
3,1,-1,9.557854652404783,1.8943185806274412,1.119922757148743,0,1,1,1,0,1,1,1,0,18,20.0,60,0.8095238095238091,0,0,0,0,0,0,0,0,0,0,0,0.0,0.0,0.0,0.0,0.0,0.0,0.0,0.0,0.0,0.0,0.0,0.0,0.0,0.0, -1, -1
2,1,-1,10.283819198608398,3.3970370292663574,1.1222491264343262,0,1,1,1,0,1,1,1,0,17,20.0,60,0.8095238095238091,0,0,0,0,0,0,0,0,0,0,0,0.0,0.0,0.0,0.0,0.0,0.0,0.0,0.0,0.0,0.0,0.0,0.0,0.0,0.0, -1, -1
1,1,-1,11.006814956665039,4.90106725692749,1.1254829168319702,0,1,1,1,0,1,1,1,0,17,20.0,60,0.8095238095238091,0,0,0,0,0,0,0,0,0,0,0,0.0,0.0,0.0,0.0,0.0,0.0,0.0,0.0,0.0,0.0,0.0,0.0,0.0,0.0, -1, -1
