remaining_time,robot_mode,alarm,robot_x,robot_y,robot_theta,tree 1,tree 2,tree 3,tree 4,tree 5,tree 6,tree 7,tree 8,tree 9,battery_level,temperature,water_robot_tank,water_ground_tank,leak 1,leak 2,leak 3,leak 4,leak 5,leak 6,leak 7,leak 8,leak 9,direction,avancement,left,right,push,wrench,leak 1,leak 2,leak 3,leak 4,leak 5,leak 6,leak 7,leak 8,leak 9,rm_alarm,errors,shortcuts
480,1,-1,0.34996408224105835,-10.19706916809082,-1.5636179447174072,1,0,0,0,1,1,1,0,0,40,20.0,100,10.0,0,0,0,0,0,0,0,0,0,0.53,0.0,0.0,0.0,0.0,0.0,0.0,0.0,0.0,0.0,0.0,0.0,0.0,0.0,0.0,0.0, -1, -1
479,1,6,0.34996408224105835,-10.19706916809082,-1.5636179447174072,1,0,0,0,1,1,1,0,0,40,20.0,100,10.0,0,0,0,0,0,0,0,0,0,0.53,0.0,0.0,0.0,0.0,0.0,0.0,0.0,0.0,0.0,0.0,0.0,0.0,0.0,0.0,0.0, -1, -1
478,1,-1,0.3517860174179077,-10.187792778015137,-1.0137741565704346,1,0,0,0,1,1,1,0,0,39,20.0,100,10.0,0,0,0,0,0,0,0,0,0,0,0,0.0,0.0,0.0,0.0,0.0,0.0,0.0,0.0,0.0,0.0,0.0,0.0,0.0,1.0, click, -1
477,1,-1,0.3535242974758148,-10.184749603271484,-0.5040059685707092,1,1,0,0,1,1,1,0,0,39,20.0,100,10.0,0,0,0,0,0,0,0,0,0,0.265,1.43,0.0,0.0,0.0,0.0,0.0,0.0,0.0,0.0,0.0,0.0,0.0,0.0,0.0,0.0, -1, -1
476,1,-1,0.7343331575393677,-10.26938247680664,-0.1921193897724152,1,1,0,0,1,1,1,0,0,38,20.0,100,10.0,0,0,0,0,0,0,0,0,0,0.03785714285714286,2.6557142857142857,0.0,0.0,0.0,0.0,0.0,0.0,0.0,0.0,0.0,0.0,0.0,0.0,0.0,0.0, -1, -1
475,1,-1,2.3798651695251465,-10.544394493103027,-0.16120293736457825,1,1,0,0,1,1,1,0,0,38,20.0,100,10.0,0,0,0,0,0,0,0,0,0,0.0,2.86,0.0,0.0,0.0,0.0,0.0,0.0,0.0,0.0,0.0,0.0,0.0,0.0,0.0,0.0, -1, -1
474,1,-1,4.026785373687743,-10.81381607055664,-0.16077353060245514,1,1,0,0,1,1,1,0,0,37,20.0,100,10.0,0,0,0,0,0,0,0,0,0,0.0,2.86,0.0,0.0,0.0,0.0,0.0,0.0,0.0,0.0,0.0,0.0,0.0,0.0,0.0,0.0, -1, -1
473,1,-1,5.673651695251465,-11.083823204040527,-0.16343486309051514,1,1,0,0,1,1,1,0,0,37,20.0,100,10.0,0,0,0,0,0,0,0,0,0,0.0,2.86,0.0,0.0,0.0,0.0,0.0,0.0,0.0,0.0,0.0,0.0,0.0,0.0,0.0,0.0, -1, -1
472,1,-1,7.320204734802246,-11.35433864593506,-0.16356557607650754,1,1,0,0,1,1,1,0,0,36,20.0,100,10.0,0,0,0,0,0,0,0,0,0,0.0,2.86,0.0,0.0,0.0,0.0,0.0,0.0,0.0,0.0,0.0,0.0,0.0,0.0,0.0,0.0, -1, -1
471,1,-1,8.966885566711426,-11.623308181762695,-0.15510398149490354,1,1,0,0,1,1,1,0,0,36,20.0,100,10.0,0,0,0,0,0,0,0,0,0,0.0,2.86,0.0,0.0,0.0,0.0,0.0,0.0,0.0,0.0,0.0,0.0,0.0,0.0,0.0,0.0, -1, -1
