remaining_time,robot_mode,alarm,robot_x,robot_y,robot_theta,tree 1,tree 2,tree 3,tree 4,tree 5,tree 6,tree 7,tree 8,tree 9,battery_level,temperature,water_robot_tank,water_ground_tank,leak 1,leak 2,leak 3,leak 4,leak 5,leak 6,leak 7,leak 8,leak 9,direction,avancement,left,right,push,wrench,leak 1,leak 2,leak 3,leak 4,leak 5,leak 6,leak 7,leak 8,leak 9,rm_alarm,errors,shortcuts
470,1,-1,0.8907769918441772,11.948171615600586,0.6546738147735596,0,0,0,0,0,1,1,1,1,35,20.0,0,0.8888888888888733,1,1,1,1,1,1,1,1,1,0,0,0.0,0.0,0.0,0.0,0.0,0.0,0.0,0.0,0.0,0.0,0.0,0.0,0.0,0.0,-2,-2
469,1,-1,0.8907769918441772,11.948171615600586,0.6546738147735596,0,0,0,0,0,1,1,1,1,35,20.0,0,0.8888888888888733,1,1,1,1,1,1,1,1,1,0,0,0.0,0.0,0.0,0.0,0.0,0.0,0.0,0.0,0.0,0.0,0.0,0.0,0.0,1.0,-2,-2
468,1,-1,0.7987298369407654,11.876949310302734,0.2176405638456345,0,0,0,0,0,1,1,1,1,34,20.0,0,0.8888888888888733,1,1,1,1,1,1,1,1,1,0,0,0.0,0.0,0.0,0.0,0.0,0.0,0.0,0.0,0.0,0.0,0.0,0.0,0.0,0.0,-2,-2
467,1,-1,0.8003616929054259,11.877325057983398,-0.30558988451957697,0,0,0,0,0,1,1,1,1,34,20.0,0,0.8888888888888733,1,1,1,1,1,1,1,1,1,0.0,2.86,0.0,0.0,0.0,0.0,0.0,0.0,0.0,0.0,0.0,0.0,0.0,0.0,0.0,0.0,-2,-2
466,1,-1,0.8003289699554443,11.877341270446776,-0.8562864065170288,0,0,0,0,0,1,1,1,1,33,20.0,0,0.8888888888888733,1,1,1,1,1,1,1,1,1,0,0,0.0,0.0,0.0,0.0,0.0,0.0,0.0,0.0,0.0,0.0,0.0,0.0,0.0,0.0,-2,-2
465,1,4,0.8004376292228699,11.877089500427244,-1.2820607423782349,0,0,0,0,0,1,1,1,1,33,20.0,0,0.8888888888888733,1,1,1,1,1,1,1,1,1,0.0,-0.572,0.0,0.0,0.0,0.0,0.0,0.0,0.0,0.0,0.0,0.0,0.0,0.0,0.0,0.0,-2,-2
464,1,-1,0.8051214814186096,11.765751838684082,-1.547508716583252,0,0,0,0,0,1,1,1,1,32,20.0,0,0.8888888888888733,1,1,1,1,1,1,1,1,1,0.0,2.86,0.0,0.0,0.0,0.0,0.0,0.0,0.0,0.0,0.0,0.0,0.0,0.0,0.0,1.0,-2,-2
463,1,-1,0.796893835067749,10.069458961486816,-1.5783367156982422,0,0,0,0,0,1,1,1,1,32,20.0,0,0.8888888888888733,0,1,1,1,1,1,1,1,1,0,0,0.0,0.0,0.0,1.0,1.0,0.0,0.0,0.0,0.0,0.0,0.0,0.0,0.0,0.0,-2,-2
462,1,-1,0.7784157395362854,8.401296615600586,-1.5847742557525637,0,0,1,0,0,1,1,1,1,31,20.0,0,0.8888888888888733,0,0,0,1,1,1,1,1,1,0,0,0.0,0.0,0.0,1.0,0.0,1.0,1.0,0.0,0.0,0.0,0.0,0.0,0.0,0.0,-2,-2
461,1,-1,0.7544145584106445,6.760364055633545,-1.5863420963287354,0,0,1,0,0,1,1,1,1,31,20.0,0,0.8888888888888733,0,0,0,1,1,0,1,1,0,0,0,0.0,0.0,0.0,1.0,0.0,0.0,0.0,0.0,0.0,1.0,0.0,0.0,1.0,0.0,-2,-2
