remaining_time,robot_mode,alarm,robot_x,robot_y,robot_theta,tree 1,tree 2,tree 3,tree 4,tree 5,tree 6,tree 7,tree 8,tree 9,battery_level,temperature,water_robot_tank,water_ground_tank,leak 1,leak 2,leak 3,leak 4,leak 5,leak 6,leak 7,leak 8,leak 9,direction,avancement,left,right,push,wrench,leak 1,leak 2,leak 3,leak 4,leak 5,leak 6,leak 7,leak 8,leak 9,rm_alarm,errors,shortcuts
450,1,-1,0.4500039219856262,8.221597671508789,1.0321691036224363,1,0,1,0,0,0,0,0,0,65,20.0,30,100.0,0,0,0,0,0,0,0,0,0,0,0,0.0,0.0,0.0,0.0,0.0,0.0,0.0,0.0,0.0,0.0,0.0,0.0,0.0,0.0, -1, -1
449,1,-1,1.307568073272705,9.65288543701172,1.0312087535858154,1,0,1,0,0,0,0,0,0,65,20.0,30,100.0,0,0,0,0,0,0,0,0,0,0,0,0.0,0.0,0.0,0.0,0.0,0.0,0.0,0.0,0.0,0.0,0.0,0.0,0.0,0.0, -1, -1
448,1,-1,2.1128065586090092,10.976198196411133,1.0213892459869385,1,0,1,0,0,0,0,0,0,64,20.0,30,100.0,0,0,0,0,0,0,0,0,0,0,0,0.0,0.0,0.0,0.0,0.0,0.0,0.0,0.0,0.0,0.0,0.0,0.0,0.0,0.0, -1, -1
447,1,-1,2.722463846206665,11.957609176635742,1.0098077058792114,1,0,1,0,0,0,1,0,0,64,20.0,30,100.0,0,0,0,0,0,0,0,0,0,0,0,0.0,0.0,0.0,0.0,0.0,0.0,0.0,0.0,0.0,0.0,0.0,0.0,0.0,0.0, -1, -1
446,1,-1,3.1764452457427983,12.669797897338867,0.99918794631958,0,0,1,0,0,0,1,0,0,63,20.0,20,100.0,0,0,0,0,0,0,0,0,0,0,0,0.0,0.0,0.0,0.0,0.0,0.0,0.0,0.0,0.0,0.0,0.0,0.0,0.0,0.0, -1, -1
445,1,-1,3.5139172077178955,13.189593315124512,0.9842461347579956,0,0,1,0,0,0,1,0,0,63,20.0,20,100.0,0,0,0,0,0,0,0,0,1,0,0,0.0,0.0,0.0,0.0,0.0,0.0,0.0,0.0,0.0,0.0,0.0,0.0,0.0,0.0, -1, -1
444,1,-1,2.3496649265289307,11.435272216796875,0.9855109453201294,0,0,1,0,0,0,1,1,0,62,20.0,20,99.44444444444444,0,0,0,0,0,0,0,0,1,0,0,0.0,0.0,0.0,0.0,0.0,0.0,0.0,0.0,0.0,0.0,0.0,0.0,0.0,0.0, -1, -1
443,1,-1,2.3496649265289307,11.435272216796875,0.9855109453201294,0,0,1,0,0,0,1,1,0,62,20.0,20,98.88888888888886,0,0,0,0,0,0,0,0,0,0,0,0.0,0.0,0.0,1.0,0.0,0.0,0.0,0.0,0.0,0.0,0.0,0.0,1.0,0.0, -1,1
442,1,-1,2.2394158840179443,11.272151947021484,1.3884503841400146,0,0,1,0,0,0,1,1,0,61,20.0,20,98.88888888888886,0,0,0,0,0,0,0,0,0,0,0,0.0,0.0,0.0,0.0,0.0,0.0,0.0,0.0,0.0,0.0,0.0,0.0,0.0,0.0, -1, -1
441,1,-1,2.2371745109558105,11.272050857543945,1.92230761051178,0,0,1,0,0,0,1,1,0,61,20.0,20,98.88888888888886,0,0,0,0,0,0,0,0,0,0,0,0.0,0.0,0.0,0.0,0.0,0.0,0.0,0.0,0.0,0.0,0.0,0.0,0.0,0.0, -1, -1
