remaining_time,robot_mode,alarm,robot_x,robot_y,robot_theta,tree 1,tree 2,tree 3,tree 4,tree 5,tree 6,tree 7,tree 8,tree 9,battery_level,temperature,water_robot_tank,water_ground_tank,leak 1,leak 2,leak 3,leak 4,leak 5,leak 6,leak 7,leak 8,leak 9,direction,avancement,left,right,push,wrench,leak 1,leak 2,leak 3,leak 4,leak 5,leak 6,leak 7,leak 8,leak 9,rm_alarm,errors,shortcuts
460,1,-1,-0.7165988683700562,7.063809394836426,1.0025454759597778,1,1,1,0,0,0,1,1,1,30,20.0,50,15.10317460317419,0,0,0,0,0,0,0,0,0,0,0,0.0,1.0,1.0,0.0,0.0,0.0,0.0,0.0,0.0,0.0,0.0,0.0,0.0,0.0, -1,3
459,1,-1,-0.7165988683700562,7.063809394836426,1.0025454759597778,1,1,1,0,0,0,1,1,1,30,20.0,50,18.674603174602765,0,0,0,0,0,0,0,0,0,0,0,0.0,0.0,0.0,0.0,0.0,0.0,0.0,0.0,0.0,0.0,0.0,0.0,0.0,0.0, -1, -1
458,1,-1,-0.7174323797225952,7.063831329345702,1.388433814048767,1,1,1,0,0,0,1,1,1,29,20.0,50,21.53174603174563,0,0,0,0,0,0,0,0,0,0,0,1.0,0.0,1.0,0.0,0.0,0.0,0.0,0.0,0.0,0.0,0.0,0.0,0.0,0.0, -1,3
457,1,-1,-0.6798224449157715,8.036791801452638,1.5542539358139038,1,1,1,0,0,0,1,1,1,29,20.0,50,24.388888888888477,0,0,0,0,0,0,0,0,0,0,0,0.0,1.0,0.0,0.0,0.0,0.0,0.0,0.0,0.0,0.0,0.0,0.0,0.0,0.0, -1,1
456,1,-1,-0.6862763166427612,7.739655017852782,1.5538473129272459,1,1,1,1,0,0,1,1,1,28,20.0,50,26.53174603174562,0,0,0,0,0,0,0,0,0,0,0,0.0,1.0,1.0,0.0,0.0,0.0,0.0,0.0,0.0,0.0,0.0,0.0,0.0,0.0, -1,2
455,1,-1,-0.027520962059497837,9.490166664123537,0.9940862655639648,1,1,1,1,0,0,1,1,1,28,20.0,50,29.674603174602762,0,0,0,0,0,0,0,0,0,0,0,1.0,0.0,1.0,0.0,0.0,0.0,0.0,0.0,0.0,0.0,0.0,0.0,0.0,0.0, -1,3
454,1,-1,0.07963312417268753,9.648598670959473,1.433825969696045,1,1,1,1,0,0,1,1,1,27,20.0,50,32.1031746031742,0,0,0,0,0,0,0,0,0,0,0,0.0,0.0,1.0,0.0,0.0,0.0,0.0,0.0,0.0,0.0,0.0,0.0,0.0,0.0, -1,2
453,1,-1,0.04023582488298416,10.06962776184082,1.6882654428482056,1,1,1,1,0,0,1,1,1,27,20.0,50,34.96031746031706,0,0,0,0,0,0,0,0,0,0,0,0.0,0.0,1.0,0.0,0.0,0.0,0.0,0.0,0.0,0.0,0.0,0.0,0.0,0.0, -1,3
452,1,-1,-0.12704218924045566,11.29895305633545,1.713818907737732,1,1,1,1,0,0,1,1,1,26,20.0,50,38.67460317460277,0,0,0,0,0,0,0,0,0,0,0,0.0,0.0,1.0,0.0,0.0,0.0,0.0,0.0,0.0,0.0,0.0,0.0,0.0,0.0, -1,4
451,1,-1,-0.262163907289505,12.196393013000488,1.7187495231628418,1,0,1,1,0,0,1,1,1,26,20.0,40,42.246031746031335,0,0,0,0,0,0,0,0,0,0,0,0.0,0.0,1.0,0.0,0.0,0.0,0.0,0.0,0.0,0.0,0.0,0.0,0.0,0.0, -1,3
