remaining_time,robot_mode,alarm,robot_x,robot_y,robot_theta,tree 1,tree 2,tree 3,tree 4,tree 5,tree 6,tree 7,tree 8,tree 9,battery_level,temperature,water_robot_tank,water_ground_tank,leak 1,leak 2,leak 3,leak 4,leak 5,leak 6,leak 7,leak 8,leak 9,direction,avancement,left,right,push,wrench,leak 1,leak 2,leak 3,leak 4,leak 5,leak 6,leak 7,leak 8,leak 9,rm_alarm,errors,shortcuts
570,1,-1,5.481515884399414,-6.3474225997924805,-2.291415214538574,0,0,0,0,1,1,1,1,0,85,20.0,40,42.05555555555533,0,0,0,0,0,1,0,0,0,0.0,2.86,0.0,1.0,0.0,0.0,0.0,0.0,0.0,0.0,0.0,0.0,0.0,0.0,0.0,0.0, -1,1
569,1,-1,5.481515884399414,-6.3474225997924805,-2.291415214538574,0,0,0,0,1,1,1,1,0,85,20.0,40,41.49999999999976,0,0,0,0,0,1,0,0,0,0.17666666666666667,1.9066666666666665,0.0,0.0,0.0,0.0,0.0,0.0,0.0,0.0,0.0,0.0,0.0,0.0,0.0,0.0, -1, -1
568,1,-1,3.98750901222229,-8.203886985778809,-2.0025055408477783,0,0,0,0,1,1,1,1,0,84,20.0,40,40.94444444444419,0,0,0,0,0,1,0,0,0,0,0,0.0,0.0,0.0,0.0,0.0,0.0,0.0,0.0,0.0,0.0,0.0,0.0,0.0,0.0, -1, -1
567,1,-1,3.2958333492279053,-9.721782684326172,-1.9958763122558596,0,0,0,0,1,1,1,1,0,84,20.0,40,41.61111111111085,0,0,0,0,0,1,0,0,0,0,0,0.0,0.0,1.0,0.0,0.0,0.0,0.0,0.0,0.0,0.0,0.0,0.0,0.0,0.0, -1,1
566,1,-1,2.6195549964904785,-11.24600887298584,-1.9816564321517944,0,0,0,0,1,1,1,1,0,83,20.0,40,46.190476190475906,0,0,0,0,0,0,0,0,0,0,0,0.0,0.0,1.0,1.0,0.0,0.0,0.0,0.0,0.0,1.0,0.0,0.0,0.0,0.0, -1,5
565,1,-1,2.0564279556274414,-12.53913402557373,-1.975512981414795,0,0,0,0,1,1,1,1,0,83,20.0,40,49.761904761904475,0,0,0,0,0,0,0,0,0,0,0,0.0,0.0,1.0,0.0,0.0,0.0,0.0,0.0,0.0,0.0,0.0,0.0,0.0,0.0, -1,1
564,1,-1,1.6527756452560425,-13.49131965637207,-1.9657515287399288,0,0,0,0,1,1,1,0,0,82,20.0,30,49.761904761904475,0,0,0,0,0,0,0,0,0,0,0,0.0,1.0,0.0,0.0,0.0,0.0,0.0,0.0,0.0,0.0,0.0,0.0,0.0,0.0, -1,2
563,1,-1,1.3648918867111206,-14.19184398651123,-1.9536899328231807,0,0,0,0,1,1,1,0,0,82,20.0,30,50.190476190475906,0,0,0,0,0,0,0,0,0,0,0,0.0,0.0,1.0,0.0,0.0,0.0,0.0,0.0,0.0,0.0,0.0,0.0,0.0,0.0, -1,1
562,1,-1,2.1534774303436284,-12.24557399749756,-1.9588449001312256,0,0,0,0,1,1,1,0,0,81,20.0,30,53.47619047619018,0,0,0,0,0,0,0,0,0,0,0,0.0,0.0,1.0,0.0,0.0,0.0,0.0,0.0,0.0,0.0,0.0,0.0,0.0,0.0, -1,2
561,1,-1,2.1534774303436284,-12.24557399749756,-1.9588449001312256,0,0,0,0,1,1,1,0,1,81,20.0,30,57.61904761904734,0,0,0,0,0,0,0,0,0,0,0,1.0,0.0,1.0,0.0,0.0,0.0,0.0,0.0,0.0,0.0,0.0,0.0,0.0,0.0, -1,7
