remaining_time,robot_mode,alarm,robot_x,robot_y,robot_theta,tree 1,tree 2,tree 3,tree 4,tree 5,tree 6,tree 7,tree 8,tree 9,battery_level,temperature,water_robot_tank,water_ground_tank,leak 1,leak 2,leak 3,leak 4,leak 5,leak 6,leak 7,leak 8,leak 9,direction,avancement,left,right,push,wrench,leak 1,leak 2,leak 3,leak 4,leak 5,leak 6,leak 7,leak 8,leak 9,rm_alarm,errors,shortcuts
430,1,-1,4.223375320434569,9.932646751403807,0.5282948613166809,1,1,1,1,1,1,0,1,1,15,78.34251219920893,50,18.738095238094584,0,0,1,0,0,0,0,0,0,0,0,0.0,0.0,1.0,0.0,0.0,0.0,0.0,0.0,0.0,0.0,0.0,0.0,0.0,0.0, -1,3
429,1,-1,5.668728351593018,10.766088485717773,0.5197010040283203,1,1,1,1,1,1,0,1,1,15,75.00917886587558,50,19.865079365078714,0,0,1,0,0,0,0,0,0,0,0,0.0,0.0,0.0,0.0,0.0,0.0,0.0,0.0,0.0,0.0,0.0,0.0,0.0,0.0, -1, -1
428,1,-1,7.118515491485597,11.592222213745115,0.5178262591362001,1,1,1,1,1,1,0,1,1,14,71.67584553254223,50,19.30952380952316,0,0,1,0,0,0,0,0,0,0,0,0.0,0.0,1.0,0.0,0.0,0.0,0.0,0.0,0.0,0.0,0.0,0.0,0.0,0.0, -1,2
427,1,-1,8.569769859313965,12.41556453704834,0.5120803713798523,1,1,1,1,1,1,0,1,1,14,68.34251219920893,50,18.75396825396761,0,0,1,0,0,0,0,0,0,0,0,0.0,0.0,1.0,0.0,0.0,0.0,0.0,0.0,0.0,0.0,0.0,0.0,0.0,0.0, -1,7
426,1,-1,10.02591609954834,13.23106288909912,0.5102363228797913,1,1,1,1,1,1,0,1,1,13,65.00917886587558,50,18.198412698412053,0,0,1,0,0,0,0,0,0,0,0,1.0,0.0,0.0,1.0,0.0,0.0,0.0,0.0,0.0,0.0,0.0,0.0,0.0,0.0, -1,3
425,1,-1,11.474180221557615,14.025506019592285,0.4951785206794739,1,1,1,1,1,1,0,1,1,13,61.67584553254228,50,18.087301587300946,0,1,0,0,0,0,0,0,0,0,0,1.0,0.0,0.0,0.0,0.0,0.0,1.0,0.0,0.0,0.0,0.0,0.0,0.0,0.0, -1,2
424,1,-1,12.641683578491213,14.651102066040039,0.4859526753425598,1,1,1,1,1,1,0,1,1,12,58.34251219920894,50,17.531746031745392,0,1,0,0,0,0,0,0,0,0,0,0.0,0.0,0.0,0.0,0.0,0.0,0.0,0.0,0.0,0.0,0.0,0.0,0.0,0.0, -1, -1
423,1,-1,13.503591537475586,15.09937858581543,0.4705073237419128,1,1,1,1,1,1,0,1,1,12,55.00917886587561,50,18.91269841269776,0,1,0,0,0,0,0,0,0,0,0,0.0,0.0,0.0,0.0,0.0,0.0,0.0,0.0,0.0,0.0,0.0,0.0,0.0,0.0, -1, -1
422,1,-1,14.12686824798584,15.416725158691404,0.471471905708313,1,1,1,1,1,1,0,1,1,11,51.67584553254228,50,18.69841269841204,0,1,0,0,0,0,0,0,0,0,0,0.0,0.0,0.0,1.0,0.0,0.0,0.0,0.0,0.0,0.0,0.0,0.0,0.0,0.0, -1,1
421,1,-1,14.601025581359865,15.65522003173828,0.4597187936306,1,1,1,1,1,1,0,1,1,11,48.342512199208954,50,18.14285714285649,0,1,0,0,0,0,0,0,0,0,0,0.0,1.0,0.0,0.0,0.0,0.0,0.0,0.0,0.0,0.0,0.0,0.0,0.0,0.0, -1,2
