remaining_time,robot_mode,alarm,robot_x,robot_y,robot_theta,tree 1,tree 2,tree 3,tree 4,tree 5,tree 6,tree 7,tree 8,tree 9,battery_level,temperature,water_robot_tank,water_ground_tank,leak 1,leak 2,leak 3,leak 4,leak 5,leak 6,leak 7,leak 8,leak 9,direction,avancement,left,right,push,wrench,leak 1,leak 2,leak 3,leak 4,leak 5,leak 6,leak 7,leak 8,leak 9,rm_alarm,errors,shortcuts
130,1,-1,-1.3602410554885864,-7.949770927429199,-1.3703590631484983,0,0,1,1,0,1,1,0,1,64,20.0,20,23.06349206349086,0,0,0,0,0,0,0,0,0,0.0,2.86,1.0,0.0,1.0,0.0,0.0,0.0,0.0,0.0,0.0,0.0,0.0,0.0,0.0,0.0, -1,2
129,1,-1,-1.3602410554885864,-7.949770927429199,-1.3703590631484983,0,0,1,1,0,1,1,1,1,64,20.0,20,23.06349206349086,0,0,0,0,0,0,0,0,0,0.4416666666666667,0.4766666666666666,0.0,0.0,1.0,0.0,0.0,0.0,0.0,0.0,0.0,0.0,0.0,0.0,0.0,0.0, -1,1
128,1,-1,-1.179433822631836,-8.86374568939209,-1.1085259914398191,0,0,1,1,0,1,1,1,1,63,20.0,20,23.06349206349086,0,0,0,0,0,0,0,0,0,0.35333333333333333,0.9533333333333333,0.0,0.0,1.0,0.0,0.0,0.0,0.0,0.0,0.0,0.0,0.0,0.0,0.0,0.0, -1,2
127,1,-1,-1.1843435764312744,-8.84485149383545,-0.6845260858535767,0,0,1,1,0,1,1,1,1,63,20.0,20,23.06349206349086,0,0,0,0,0,0,0,0,0,0.0,2.86,0.0,0.0,0.0,0.0,0.0,0.0,0.0,0.0,0.0,0.0,0.0,0.0,0.0,0.0, -1, -1
126,1,-1,-1.1818262338638306,-8.842777252197266,-0.13636606931686399,0,0,1,1,0,1,1,1,1,62,20.0,20,23.06349206349086,0,0,0,0,0,0,0,0,0,0,0,0.0,0.0,0.0,0.0,0.0,0.0,0.0,0.0,0.0,0.0,0.0,0.0,0.0,0.0, -1, -1
125,1,-1,-1.1797428131103516,-8.84112548828125,0.4062288105487824,0,0,1,1,0,1,1,1,1,62,20.0,20,22.84126984126864,0,1,0,0,0,0,0,0,0,0,0,0.0,1.0,0.0,0.0,0.0,0.0,0.0,0.0,0.0,0.0,0.0,0.0,0.0,0.0, -1,2
124,1,-1,-1.177936315536499,-8.841470718383789,0.96514892578125,0,0,1,1,0,1,1,1,1,61,20.0,20,22.285714285713087,0,1,0,0,0,0,0,0,0,0,0,0.0,0.0,0.0,0.0,0.0,0.0,0.0,0.0,0.0,0.0,0.0,0.0,0.0,0.0, -1, -1
123,1,-1,-1.1766186952590942,-8.841483116149902,1.4973605871200562,0,0,1,1,0,1,1,1,1,61,20.0,20,22.23809523809404,0,0,0,0,0,0,0,0,0,0,0,1.0,0.0,0.0,1.0,0.0,1.0,0.0,0.0,0.0,0.0,0.0,0.0,0.0,0.0, -1,1
122,1,-1,-1.2320441007614136,-7.730610847473144,1.6412196159362793,0,0,1,1,0,1,1,1,1,60,20.0,20,22.80952380952261,0,0,0,0,0,0,0,0,0,0,0,1.0,0.0,0.0,0.0,0.0,0.0,0.0,0.0,0.0,0.0,0.0,0.0,0.0,0.0, -1,3
121,1,-1,-1.3484890460968018,-6.066127300262451,1.641925811767578,0,0,1,1,0,1,1,1,1,60,20.0,20,22.80952380952261,0,0,0,0,0,0,0,0,0,0,0,0.0,1.0,0.0,0.0,0.0,0.0,0.0,0.0,0.0,0.0,0.0,0.0,0.0,0.0, -1,3
