remaining_time,robot_mode,alarm,robot_x,robot_y,robot_theta,tree 1,tree 2,tree 3,tree 4,tree 5,tree 6,tree 7,tree 8,tree 9,battery_level,temperature,water_robot_tank,water_ground_tank,leak 1,leak 2,leak 3,leak 4,leak 5,leak 6,leak 7,leak 8,leak 9,direction,avancement,left,right,push,wrench,leak 1,leak 2,leak 3,leak 4,leak 5,leak 6,leak 7,leak 8,leak 9,rm_alarm,errors,shortcuts
580,1,-1,13.288115501403807,-9.654058456420898,0.7431569695472717,0,0,0,1,0,0,0,0,0,90,20.0,40,50.0,0,1,0,0,0,0,0,0,0,0,0,0.0,0.0,0.0,0.0,0.0,0.0,0.0,0.0,0.0,0.0,0.0,0.0,0.0,0.0, -1, -1
579,1,-1,13.289365768432615,-9.650350570678713,1.2868696451187134,0,0,0,1,0,0,0,0,0,90,20.0,40,49.44444444444443,0,1,0,0,0,0,0,0,0,0,0,0.0,0.0,0.0,0.0,0.0,0.0,0.0,0.0,0.0,0.0,0.0,0.0,0.0,0.0, -1, -1
578,1,-1,13.29120635986328,-9.65005874633789,1.780913233757019,0,0,0,1,0,0,0,0,0,89,20.0,40,48.88888888888886,0,1,0,0,0,0,0,0,0,0,0,0.0,0.0,0.0,1.0,0.0,0.0,0.0,0.0,0.0,0.0,0.0,0.0,0.0,0.0, -1,1
577,1,-1,13.29121208190918,-9.645644187927246,2.256284475326538,0,0,0,1,0,0,0,0,0,89,20.0,40,48.8333333333333,0,0,0,0,0,0,0,0,0,0,0,0.0,1.0,0.0,0.0,0.0,1.0,0.0,0.0,0.0,0.0,0.0,0.0,0.0,0.0, -1,1
576,1,-1,12.191378593444824,-8.428191184997559,2.312958002090454,0,0,0,1,0,0,0,0,0,88,20.0,40,49.8333333333333,0,0,0,0,0,0,0,0,0,0,0,0.0,1.0,1.0,0.0,0.0,0.0,0.0,0.0,0.0,0.0,0.0,0.0,0.0,0.0, -1,2
575,1,-1,11.06295394897461,-7.19891357421875,2.3144450187683105,0,0,0,1,0,0,0,0,0,88,20.0,40,54.69047619047616,0,0,0,0,0,0,0,0,0,0,0,0.0,1.0,0.0,0.0,0.0,0.0,0.0,0.0,0.0,0.0,0.0,0.0,0.0,0.0, -1,1
574,1,-1,9.93278694152832,-5.971659660339356,2.316288471221924,0,0,0,1,0,0,0,0,0,87,20.0,40,58.83333333333329,0,0,0,0,0,0,0,0,0,0,0,1.0,1.0,0.0,0.0,0.0,0.0,0.0,0.0,0.0,0.0,0.0,0.0,0.0,0.0, -1,2
573,1,-1,8.796834945678711,-4.749114990234375,2.320375204086304,0,0,0,1,0,0,0,0,0,87,20.0,40,62.547619047619,0,0,0,0,0,0,0,0,0,0,0,1.0,0.0,1.0,0.0,0.0,0.0,0.0,0.0,0.0,0.0,0.0,0.0,0.0,0.0, -1,3
572,1,-1,7.658346176147461,-3.5293335914611816,2.330306053161621,0,0,0,1,0,0,0,0,0,86,20.0,40,66.40476190476186,0,0,0,0,0,0,0,0,0,0,0,0.0,1.0,1.0,0.0,0.0,0.0,0.0,0.0,0.0,0.0,0.0,0.0,0.0,0.0, -1,2
571,1,-1,6.506332874298097,-2.321915626525879,2.3327176570892334,0,0,0,1,0,0,0,0,0,86,20.0,40,69.547619047619,0,0,0,0,0,0,0,0,0,0,0,1.0,0.0,1.0,0.0,0.0,0.0,0.0,0.0,0.0,0.0,0.0,0.0,0.0,0.0, -1,3
