remaining_time,robot_mode,alarm,robot_x,robot_y,robot_theta,tree 1,tree 2,tree 3,tree 4,tree 5,tree 6,tree 7,tree 8,tree 9,battery_level,temperature,water_robot_tank,water_ground_tank,leak 1,leak 2,leak 3,leak 4,leak 5,leak 6,leak 7,leak 8,leak 9,direction,avancement,left,right,push,wrench,leak 1,leak 2,leak 3,leak 4,leak 5,leak 6,leak 7,leak 8,leak 9,rm_alarm,errors,shortcuts
400,1,-1,-1.5350418090820312,0.8974665999412537,1.7225229740142822,0,1,1,1,0,1,1,0,0,40,20.0,90,0.9841269841266178,1,0,1,0,1,0,0,0,1,0,0,0.0,0.0,0.0,0.0,0.0,0.0,0.0,0.0,0.0,0.0,0.0,0.0,0.0,0.0, -1, -1
399,1,-1,-1.5350418090820312,0.8974665999412537,1.7225229740142822,0,1,1,1,0,1,1,0,0,40,20.0,90,0.9841269841266178,1,0,1,0,1,0,0,0,1,0,0,0.0,0.0,0.0,0.0,0.0,0.0,0.0,0.0,0.0,0.0,0.0,0.0,0.0,0.0, -1, -1
398,1,-1,-1.746135711669922,2.266270875930786,1.7245713472366333,0,1,1,1,0,1,1,0,0,39,20.0,90,0.9841269841266178,1,0,1,0,1,0,0,0,1,0,0,0.0,0.0,0.0,0.0,0.0,0.0,0.0,0.0,0.0,0.0,0.0,0.0,0.0,0.0, -1, -1
397,1,-1,-1.936879277229309,3.4416594505310063,1.7378779649734497,0,1,1,1,0,1,1,0,0,39,20.0,90,0.9841269841266178,1,0,1,0,1,0,0,0,1,0,0,0.0,0.0,0.0,0.0,0.0,0.0,0.0,0.0,0.0,0.0,0.0,0.0,0.0,0.0, -1, -1
396,1,-1,-2.0850963592529297,4.301197528839111,1.7459348440170288,0,1,1,0,0,1,1,0,0,38,20.0,80,0.9841269841266178,1,0,1,0,1,0,0,0,1,0,0,0.0,0.0,0.0,0.0,0.0,0.0,0.0,0.0,0.0,0.0,0.0,0.0,0.0,0.0, -1, -1
395,1,-1,-2.1998426914215092,4.93004846572876,1.753903865814209,0,1,1,0,0,1,1,0,0,38,20.0,80,0.9841269841266178,1,0,1,0,1,0,0,0,1,0,0,0.0,0.0,0.0,0.0,0.0,0.0,0.0,0.0,0.0,0.0,0.0,0.0,0.0,0.0, -1, -1
394,1,-1,-1.796345829963684,2.793039560317993,1.756450653076172,0,1,1,0,0,1,1,0,0,37,20.0,80,0.9841269841266178,1,0,1,0,1,0,0,0,1,0,0,0.0,0.0,0.0,0.0,0.0,0.0,0.0,0.0,0.0,0.0,0.0,0.0,0.0,0.0, -1, -1
393,1,-1,-1.796345829963684,2.793039560317993,1.756450653076172,0,1,1,0,0,1,1,0,0,37,20.0,80,0.9841269841266178,1,0,1,0,1,0,0,0,1,0,0,0.0,0.0,0.0,0.0,0.0,0.0,0.0,0.0,0.0,0.0,0.0,0.0,0.0,0.0, -1, -1
392,1,-1,-1.7996073961257937,4.107618808746338,1.5023841857910156,0,1,1,0,0,1,1,0,0,36,20.0,80,0.9841269841266178,1,0,1,0,1,0,0,0,1,0,0,0.0,0.0,0.0,0.0,0.0,0.0,0.0,0.0,0.0,0.0,0.0,0.0,0.0,0.0, -1, -1
391,1,-1,-1.6702675819396973,5.7712974548339835,1.491722583770752,0,1,1,0,0,1,1,0,0,36,20.0,80,0.9841269841266178,1,0,1,0,1,0,0,0,1,0,0,0.0,0.0,0.0,0.0,0.0,0.0,0.0,0.0,0.0,0.0,0.0,0.0,0.0,0.0, -1, -1
