remaining_time,robot_mode,alarm,robot_x,robot_y,robot_theta,tree 1,tree 2,tree 3,tree 4,tree 5,tree 6,tree 7,tree 8,tree 9,battery_level,temperature,water_robot_tank,water_ground_tank,leak 1,leak 2,leak 3,leak 4,leak 5,leak 6,leak 7,leak 8,leak 9,direction,avancement,left,right,push,wrench,leak 1,leak 2,leak 3,leak 4,leak 5,leak 6,leak 7,leak 8,leak 9,rm_alarm,errors,shortcuts
430,1,-1,3.4293947219848637,2.517879009246826,0.7994292378425598,0,1,1,1,0,1,1,1,1,15,20.0,0,0.8888888888887354,0,1,1,1,1,1,0,1,1,0,0,0.0,0.0,0.0,0.0,0.0,0.0,0.0,0.0,0.0,0.0,0.0,0.0,0.0,0.0, -1,-1
429,1,-1,4.590677738189697,3.7161076068878174,0.8016142845153809,0,1,1,1,0,1,1,1,1,15,20.0,0,0.8888888888887354,0,1,1,1,1,1,0,1,1,0,0,0.0,0.0,0.0,0.0,0.0,0.0,0.0,0.0,0.0,0.0,0.0,0.0,0.0,0.0, -1,-1
428,1,-1,5.749293327331543,4.916869640350342,0.8068011403083801,0,1,1,1,0,1,1,1,1,14,20.0,0,0.8888888888887354,0,1,1,1,1,1,0,1,1,0,0,0.0,0.0,0.0,0.0,0.0,0.0,0.0,0.0,0.0,0.0,0.0,0.0,0.0,0.0, -1,-1
427,1,-1,6.902918815612793,6.122352123260497,0.8073087334632874,0,1,1,1,0,1,1,1,1,14,20.0,0,0.8888888888887354,0,1,1,1,1,1,0,1,1,0,0,0.0,0.0,0.0,0.0,0.0,0.0,0.0,0.0,0.0,0.0,0.0,0.0,0.0,0.0, -1,-1
426,1,-1,8.051908493041992,7.332051277160644,0.8126683831214905,0,1,1,1,0,1,1,1,1,13,20.0,0,0.8888888888887354,0,1,1,1,1,1,0,1,1,0,0,0.0,0.0,0.0,0.0,0.0,0.0,0.0,0.0,0.0,0.0,0.0,0.0,0.0,0.0, -1,-1
425,1,-1,9.196578979492188,8.545673370361326,0.8224221467971802,0,1,1,1,0,1,1,1,1,13,20.0,0,0.8888888888887354,0,1,1,1,1,1,0,1,1,0,0,0.0,0.0,0.0,0.0,0.0,0.0,0.0,0.0,0.0,0.0,0.0,0.0,0.0,0.0, -1,-1
424,1,-1,10.33035373687744,9.769604682922363,0.822259783744812,0,1,1,1,0,1,1,1,1,12,20.0,0,0.8888888888887354,0,1,1,1,1,1,0,1,1,0,0,0.0,0.0,0.0,0.0,0.0,0.0,0.0,0.0,0.0,0.0,0.0,0.0,0.0,0.0, -1,-1
423,1,-1,11.460667610168455,10.99708366394043,0.8311281204223633,0,1,1,1,0,1,1,1,1,12,20.0,0,0.8888888888887354,0,1,1,1,1,1,0,1,1,0,0,0.0,0.0,0.0,0.0,0.0,0.0,0.0,0.0,0.0,0.0,0.0,0.0,0.0,0.0, -1,-1
422,1,-1,12.57813549041748,12.231340408325195,0.8448974490165709,0,1,1,1,0,1,1,1,1,11,20.0,0,0.8888888888887354,0,1,1,1,1,1,0,1,1,0,0,0.0,0.0,0.0,0.0,0.0,0.0,0.0,0.0,0.0,0.0,0.0,0.0,0.0,0.0, -1,-1
421,1,-1,13.47134017944336,13.23883056640625,0.8460313677787781,0,1,1,1,0,1,1,1,1,11,20.0,0,0.8888888888887354,0,1,1,1,1,1,0,1,1,0,0,0.0,0.0,0.0,0.0,0.0,0.0,0.0,0.0,0.0,0.0,0.0,0.0,0.0,0.0, -1,-1
