remaining_time,robot_mode,alarm,robot_x,robot_y,robot_theta,tree 1,tree 2,tree 3,tree 4,tree 5,tree 6,tree 7,tree 8,tree 9,battery_level,temperature,water_robot_tank,water_ground_tank,leak 1,leak 2,leak 3,leak 4,leak 5,leak 6,leak 7,leak 8,leak 9,direction,avancement,left,right,push,wrench,leak 1,leak 2,leak 3,leak 4,leak 5,leak 6,leak 7,leak 8,leak 9,rm_alarm,errors,shortcuts
300,1,-1,7.736555099487305,15.305204391479492,-2.9740798473358154,1,1,1,1,1,0,1,1,1,73,20.0,10,48.396825396825,0,0,0,0,0,0,0,0,0,0,0,0.0,1.0,0.0,0.0,0.0,0.0,0.0,0.0,0.0,0.0,0.0,0.0,0.0,0.0, -1,1
299,1,-1,6.910006999969482,15.164077758789062,-2.9636268615722656,0,1,1,1,1,0,1,1,1,73,20.0,0,52.39682539682499,0,0,0,0,0,0,0,0,0,0,0,0.0,0.0,0.0,0.0,0.0,0.0,0.0,0.0,0.0,0.0,0.0,0.0,0.0,0.0, -1, -1
298,1,-1,6.305984020233153,15.054924964904785,-2.957831382751465,0,1,1,1,1,0,1,1,1,72,20.0,0,55.68253968253928,0,0,0,0,0,0,0,0,0,0,0,0.0,0.0,0.0,0.0,0.0,0.0,0.0,0.0,0.0,0.0,0.0,0.0,0.0,0.0, -1, -1
297,1,-1,6.305984020233153,15.054924964904785,-2.957831382751465,0,1,1,1,1,0,1,1,1,72,20.0,0,58.25396825396785,0,0,0,0,0,0,0,0,0,0,0,0.0,0.0,0.0,0.0,0.0,0.0,0.0,0.0,0.0,0.0,0.0,0.0,0.0,0.0, -1, -1
296,1,-1,7.560531139373778,15.287200927734375,-2.5457358360290527,0,1,1,1,1,0,1,1,1,71,20.0,0,60.11111111111071,0,0,0,0,0,0,0,0,0,0,0,0.0,0.0,0.0,0.0,0.0,0.0,0.0,0.0,0.0,0.0,0.0,0.0,0.0,0.0, -1, -1
295,1,-1,7.560671329498291,15.288479804992676,-2.03455662727356,0,1,1,1,1,0,1,1,1,71,20.0,0,61.253968253967855,0,0,0,0,0,1,0,0,0,0,0,0.0,0.0,0.0,0.0,0.0,0.0,0.0,0.0,0.0,0.0,0.0,0.0,0.0,0.0, -1, -1
294,1,-1,7.21317195892334,14.290498733520508,-1.885536551475525,0,1,1,1,1,0,1,1,1,70,20.0,0,61.40476190476151,0,0,0,0,0,1,0,0,0,0,0,0.0,0.0,0.0,0.0,0.0,0.0,0.0,0.0,0.0,0.0,0.0,0.0,0.0,0.0, -1, -1
293,1,-1,6.69818639755249,12.70321559906006,-1.8829783201217647,0,1,1,1,1,0,1,1,1,70,20.0,0,62.12698412698372,0,0,0,0,0,1,0,0,0,0,0,0.0,0.0,1.0,0.0,0.0,0.0,0.0,0.0,0.0,0.0,0.0,0.0,0.0,0.0, -1, -1
292,1,-1,6.1842284202575675,11.115818977355957,-1.8833146095275881,0,1,1,1,1,0,1,1,1,69,20.0,0,66.70634920634879,0,0,0,0,0,1,0,0,0,0,0,0.0,1.0,0.0,0.0,0.0,0.0,0.0,0.0,0.0,0.0,0.0,0.0,0.0,0.0, -1,2
291,1,-1,5.674975872039795,9.52769947052002,-1.8797763586044312,0,1,1,1,1,0,1,1,1,69,20.0,0,70.57142857142816,0,0,0,0,0,1,0,0,0,0,0,1.0,0.0,0.0,1.0,0.0,0.0,0.0,0.0,0.0,0.0,0.0,0.0,0.0,0.0, -1,1
