remaining_time,robot_mode,alarm,robot_x,robot_y,robot_theta,tree 1,tree 2,tree 3,tree 4,tree 5,tree 6,tree 7,tree 8,tree 9,battery_level,temperature,water_robot_tank,water_ground_tank,leak 1,leak 2,leak 3,leak 4,leak 5,leak 6,leak 7,leak 8,leak 9,direction,avancement,left,right,push,wrench,leak 1,leak 2,leak 3,leak 4,leak 5,leak 6,leak 7,leak 8,leak 9,rm_alarm,errors,shortcuts
530,1,-1,16.163232803344727,16.91866111755371,-0.3866786956787109,0,1,1,0,0,1,0,0,1,99,20.0,50,30.05555555555521,1,0,0,0,0,0,1,0,0,0,0,0.0,0.0,0.0,1.0,0.0,0.0,0.0,0.0,0.0,0.0,0.0,1.0,0.0,0.0,-2,-2
529,1,-1,16.163232803344727,16.91866111755371,-0.3866786956787109,0,1,1,0,0,1,0,0,1,100,20.0,50,29.166666666666327,0,0,0,0,0,0,1,0,0,0,0,0.0,0.0,0.0,0.0,1.0,0.0,0.0,0.0,0.0,0.0,0.0,0.0,0.0,0.0,-2,-2
528,1,-1,16.165117263793945,16.918636322021484,-0.7713747024536133,0,1,1,0,0,1,0,0,1,99,20.0,50,28.61111111111077,0,0,0,0,0,0,1,0,0,0,0,0.0,0.0,0.0,1.0,0.0,0.0,0.0,0.0,0.0,0.0,0.0,0.0,0.0,0.0,-2,-2
527,1,-1,16.164960861206055,16.915037155151367,-1.3101638555526731,0,1,1,0,0,1,0,0,1,100,20.0,50,28.61111111111077,0,0,0,0,0,0,0,0,0,0,0,0.0,0.0,0.0,0.0,0.0,0.0,0.0,0.0,0.0,0.0,1.0,0.0,0.0,0.0,-2,-2
526,1,-1,16.156732559204098,16.913265228271484,-1.853075385093689,0,1,1,0,0,1,0,0,1,99,20.0,50,28.61111111111077,0,0,0,0,0,0,0,0,0,0,0,0.0,0.0,0.0,0.0,0.0,0.0,0.0,0.0,0.0,0.0,0.0,0.0,0.0,0.0,-2,-2
525,1,-1,16.156635284423828,16.910097122192386,-2.380409240722656,0,1,1,0,0,1,0,0,1,100,20.0,50,28.61111111111077,1,0,0,0,0,0,0,0,0,0,0,0.0,0.0,0.0,0.0,0.0,0.0,0.0,0.0,0.0,0.0,0.0,0.0,0.0,0.0,-2,-2
524,1,-1,16.159997940063473,16.910284042358402,-2.866380453109741,0,1,1,0,0,1,0,0,1,99,20.0,50,28.055555555555216,1,0,0,0,0,0,0,0,0,0,0,0.0,0.0,0.0,0.0,0.0,0.0,0.0,0.0,0.0,0.0,0.0,0.0,0.0,0.0,-2,-2
523,1,-1,14.954315185546875,16.71013069152832,-2.9957427978515625,0,1,1,0,0,1,0,0,1,100,20.0,50,27.499999999999666,1,0,0,0,0,0,0,0,0,0,0,0.0,1.0,0.0,1.0,0.0,0.0,0.0,0.0,0.0,0.0,0.0,0.0,0.0,0.0,-2,-2
522,1,-1,13.278423309326172,16.462989807128903,-2.9957506656646733,1,1,1,0,0,1,0,0,1,99,20.0,50,27.05555555555522,0,0,0,0,0,0,0,0,0,0,0,0.0,0.0,0.0,0.0,1.0,0.0,0.0,0.0,0.0,0.0,0.0,0.0,0.0,0.0,-2,-2
521,1,-1,11.627267837524414,16.22087287902832,-2.9958627223968506,1,1,1,0,0,1,0,0,1,99,20.0,50,27.05555555555522,0,0,0,0,0,0,0,0,0,0,0,0.0,0.0,0.0,0.0,0.0,0.0,0.0,0.0,0.0,0.0,0.0,0.0,0.0,0.0,-2,-2
