remaining_time,robot_mode,alarm,robot_x,robot_y,robot_theta,tree 1,tree 2,tree 3,tree 4,tree 5,tree 6,tree 7,tree 8,tree 9,battery_level,temperature,water_robot_tank,water_ground_tank,leak 1,leak 2,leak 3,leak 4,leak 5,leak 6,leak 7,leak 8,leak 9,direction,avancement,left,right,push,wrench,leak 1,leak 2,leak 3,leak 4,leak 5,leak 6,leak 7,leak 8,leak 9,rm_alarm,errors,shortcuts
370,1,-1,15.348727226257324,16.33256721496582,-0.034185081720352166,1,1,1,1,0,1,0,1,1,99,20.0,10,64.01587301587172,0,0,0,0,0,0,1,0,0,0,0,0.0,0.0,0.0,0.0,0.0,0.0,0.0,0.0,0.0,0.0,0.0,0.0,0.0,0.0, -1, -1
369,1,-1,15.348727226257324,16.33256721496582,-0.034185081720352166,1,1,1,1,0,1,0,1,1,100,20.0,10,63.6825396825384,0,0,0,0,0,0,1,0,0,0,0,0.0,0.0,0.0,0.0,0.0,0.0,0.0,0.0,0.0,0.0,0.0,0.0,0.0,0.0, -1, -1
368,1,-1,15.35053253173828,16.336095809936527,-0.4307442307472229,1,1,1,1,0,1,0,1,1,99,20.0,10,63.12698412698282,0,0,0,0,0,0,1,0,0,0,0,0.0,0.0,1.0,0.0,0.0,0.0,0.0,0.0,0.0,0.0,0.0,0.0,0.0,0.0, -1,2
367,1,-1,15.35303783416748,16.34004020690918,-0.9161002635955809,1,1,1,1,0,1,0,1,1,100,20.0,10,62.57142857142725,0,0,0,0,0,0,1,0,0,0,0,0.0,0.0,0.0,0.0,0.0,0.0,0.0,0.0,0.0,0.0,0.0,0.0,0.0,0.0, -1, -1
366,1,-1,15.352185249328613,16.341800689697266,-1.4138987064361572,1,1,1,1,0,1,0,1,1,99,20.0,10,62.12698412698279,0,0,0,0,0,0,0,0,0,0,0,0.0,0.0,0.0,1.0,0.0,0.0,0.0,0.0,0.0,0.0,1.0,0.0,0.0,0.0, -1, -1
365,1,-1,15.352776527404785,16.344497680664062,-1.9112411737442017,1,1,1,1,0,1,0,1,1,100,20.0,10,62.12698412698279,0,0,0,0,0,0,0,0,1,0,0,0.0,0.0,0.0,0.0,0.0,0.0,0.0,0.0,0.0,0.0,1.0,0.0,0.0,0.0, -1, -1
364,1,-1,15.354695320129395,16.346466064453125,-2.3992602825164795,1,1,1,1,0,1,0,1,1,99,20.0,10,61.57142857142722,0,0,0,0,0,0,0,0,1,0,0,0.0,1.0,0.0,0.0,0.0,0.0,0.0,0.0,0.0,0.0,0.0,0.0,0.0,0.0, -1,3
363,1,-1,15.353592872619627,16.349891662597653,-2.856658458709717,1,1,1,1,0,1,0,1,1,100,20.0,10,61.01587301587165,0,0,0,0,0,0,0,0,1,0,0,0.0,1.0,0.0,0.0,0.0,0.0,0.0,0.0,0.0,0.0,0.0,0.0,0.0,0.0, -1,2
362,1,-1,14.07349681854248,16.102293014526367,-2.9674038887023926,1,1,1,1,0,1,0,1,1,99,20.0,10,60.46031746031608,0,0,0,0,0,0,0,0,1,0,0,0.0,0.0,0.0,1.0,0.0,0.0,0.0,0.0,0.0,0.0,0.0,0.0,0.0,0.0, -1, -1
361,1,-1,12.403072357177734,15.806092262268065,-2.9631340503692627,1,1,1,1,0,1,0,1,1,99,20.0,10,60.12698412698275,0,0,0,0,0,0,0,0,0,0,0,0.0,0.0,0.0,0.0,0.0,0.0,0.0,0.0,0.0,0.0,0.0,0.0,1.0,0.0, -1, -1
