remaining_time,robot_mode,alarm,robot_x,robot_y,robot_theta,tree 1,tree 2,tree 3,tree 4,tree 5,tree 6,tree 7,tree 8,tree 9,battery_level,temperature,water_robot_tank,water_ground_tank,leak 1,leak 2,leak 3,leak 4,leak 5,leak 6,leak 7,leak 8,leak 9,direction,avancement,left,right,push,wrench,leak 1,leak 2,leak 3,leak 4,leak 5,leak 6,leak 7,leak 8,leak 9,rm_alarm,errors,shortcuts
590,1,-1,-1.502382516860962,-2.318608045578003,2.2594211101531982,0,0,0,0,0,0,0,0,0,95,20.0,50,50.0,0,0,0,0,0,0,0,0,0,0.0,2.86,0.0,0.0,0.0,0.0,0.0,0.0,0.0,0.0,0.0,0.0,0.0,0.0,0.0,0.0,-2,-2
589,1,-1,-1.502382516860962,-2.318608045578003,2.2594211101531982,0,0,0,0,0,0,0,0,0,95,20.0,50,50.0,0,0,0,0,0,0,0,0,0,0.0,2.86,0.0,0.0,0.0,0.0,0.0,0.0,0.0,0.0,0.0,0.0,0.0,0.0,0.0,0.0,-2,-2
588,1,-1,-2.811078786849976,-0.7333017587661743,1.84464168548584,0,0,0,0,0,0,0,0,0,94,20.0,50,50.0,0,0,0,0,0,0,0,0,0,0,0,0.0,0.0,0.0,0.0,0.0,0.0,0.0,0.0,0.0,0.0,0.0,0.0,0.0,0.0,-2,-2
587,1,-1,-2.811429023742676,-0.7316219210624695,1.2632225751876829,0,0,0,0,0,0,0,0,0,94,20.0,50,50.0,0,0,0,0,0,0,0,0,0,0,0,0.0,0.0,0.0,0.0,0.0,0.0,0.0,0.0,0.0,0.0,0.0,0.0,0.0,0.0,-2,-2
586,1,-1,-2.810969352722168,-0.7305042147636414,0.7786757946014404,0,0,0,0,0,0,0,0,0,93,20.0,50,50.0,0,0,0,0,0,0,0,0,0,0,0,0.0,0.0,0.0,0.0,0.0,0.0,0.0,0.0,0.0,0.0,0.0,0.0,0.0,0.0,-2,-2
585,1,-1,-1.5981849431991575,0.4157978296279907,0.7535457611083984,0,0,0,0,1,0,0,0,0,93,20.0,50,50.0,0,0,1,0,0,0,0,0,0,0,0,0.0,0.0,0.0,0.0,0.0,0.0,0.0,0.0,0.0,0.0,0.0,0.0,0.0,0.0,-2,-2
584,1,-1,-0.38048890233039856,1.5548554658889768,0.7515735626220703,0,0,0,0,1,0,0,0,0,92,20.0,50,49.44444444444443,0,0,1,0,0,0,0,0,0,0,0,0.0,0.0,0.0,0.0,0.0,0.0,0.0,0.0,0.0,0.0,0.0,0.0,0.0,0.0,-2,-2
583,1,-1,0.8410968780517578,2.691460132598877,0.7495720982551575,0,0,0,0,1,0,0,0,0,92,20.0,50,48.88888888888886,0,0,1,0,0,0,0,0,0,0,0,0.0,0.0,0.0,0.0,0.0,0.0,0.0,0.0,0.0,0.0,0.0,0.0,0.0,0.0,-2,-2
582,1,-1,2.0644094944000244,3.825866222381592,0.7472664117813109,0,0,1,0,1,0,0,0,0,91,20.0,50,48.33333333333329,0,0,1,0,0,0,0,0,0,0,0,0.0,0.0,0.0,0.0,0.0,0.0,0.0,0.0,0.0,0.0,0.0,0.0,0.0,0.0,-2,-2
581,1,-1,3.2882730960845947,4.960336208343506,0.747456431388855,0,0,1,0,1,0,0,0,0,91,20.0,50,47.77777777777772,0,0,1,0,0,0,0,0,0,0,0,0.0,0.0,0.0,0.0,0.0,0.0,0.0,0.0,0.0,0.0,0.0,0.0,0.0,0.0,-2,-2
