remaining_time,robot_mode,alarm,robot_x,robot_y,robot_theta,tree 1,tree 2,tree 3,tree 4,tree 5,tree 6,tree 7,tree 8,tree 9,battery_level,temperature,water_robot_tank,water_ground_tank,leak 1,leak 2,leak 3,leak 4,leak 5,leak 6,leak 7,leak 8,leak 9,direction,avancement,left,right,push,wrench,leak 1,leak 2,leak 3,leak 4,leak 5,leak 6,leak 7,leak 8,leak 9,rm_alarm,errors,shortcuts
540,1,-1,-10.267802238464355,15.42918586730957,2.997697114944458,0,1,1,0,0,1,1,0,0,70,51.781024459574084,10,15.999999999999654,0,0,0,0,0,1,0,1,1,0.265,1.43,0.0,0.0,0.0,0.0,0.0,0.0,0.0,0.0,0.0,0.0,0.0,0.0,0.0,0.0,-2,-2
539,1,6,-10.267802238464355,15.42918586730957,2.997697114944458,0,1,1,0,0,1,1,0,0,70,51.781024459574084,10,14.333333333332984,0,0,0,0,0,1,0,1,1,0.0,2.86,0.0,0.0,0.0,0.0,0.0,0.0,0.0,0.0,0.0,0.0,0.0,0.0,0.0,0.0,-2,-2
538,1,-1,-12.134772300720215,15.452713012695312,3.068939685821533,0,1,0,0,0,1,1,0,0,69,48.44769112624077,0,12.666666666666314,0,0,0,0,0,1,0,1,1,0,0,0.0,0.0,0.0,0.0,0.0,0.0,0.0,0.0,0.0,0.0,0.0,0.0,0.0,0.0,-2,-2
537,1,-1,-12.903871536254885,15.513991355895994,3.0569849014282227,0,1,0,0,0,1,1,0,0,69,41.781024459574084,0,10.999999999999645,0,0,0,0,0,1,0,1,1,0,0,0.0,0.0,0.0,0.0,0.0,0.0,0.0,0.0,0.0,0.0,0.0,0.0,0.0,0.0,-2,-2
536,1,-1,-10.694510459899902,15.325444221496582,3.0579438209533687,0,1,0,0,0,1,1,0,0,68,38.447691126240784,0,9.333333333332977,0,0,0,0,0,1,0,1,1,0,0,0.0,0.0,0.0,0.0,0.0,0.0,0.0,0.0,0.0,0.0,0.0,0.0,0.0,1.0,-2,-2
535,1,-1,-10.694510459899902,15.325444221496582,3.0579438209533687,0,1,0,0,0,1,1,0,0,68,38.447691126240784,0,7.666666666666307,0,0,0,0,0,1,0,1,1,0,0,0.0,0.0,0.0,0.0,0.0,0.0,0.0,0.0,0.0,0.0,0.0,0.0,0.0,0.0,-2,-2
534,1,-1,-10.577855110168457,15.31509017944336,-2.8184435367584233,0,1,0,0,0,1,1,0,0,67,35.11435779290744,0,5.999999999999642,0,0,0,0,0,0,0,1,1,0,0,0.0,0.0,0.0,1.0,0.0,0.0,0.0,0.0,0.0,1.0,0.0,0.0,0.0,0.0,-2,-2
533,1,-1,-10.579801559448242,15.312276840209961,-2.288193702697754,0,1,0,0,1,1,1,0,0,67,31.7810244595741,0,4.8888888888885305,0,0,0,0,0,0,0,1,1,0,0,0.0,0.0,0.0,1.0,0.0,0.0,0.0,0.0,0.0,0.0,0.0,0.0,0.0,0.0,-2,-2
532,1,-1,-10.580991744995117,15.310741424560547,-1.7748256921768188,0,1,0,0,1,1,1,0,0,66,28.447691126240777,0,4.222222222221865,0,0,0,0,0,0,0,1,0,0,0,0.0,0.0,0.0,1.0,0.0,0.0,0.0,0.0,0.0,0.0,0.0,0.0,1.0,0.0,-2,-2
531,1,-1,-10.58351230621338,15.312921524047852,-1.323562741279602,0,1,0,0,1,1,1,0,0,66,25.11435779290744,0,4.111111111110755,0,0,0,0,0,0,0,0,0,0,0,0.0,0.0,0.0,0.0,0.0,0.0,0.0,0.0,0.0,0.0,0.0,1.0,0.0,0.0,-2,-2
