remaining_time,robot_mode,alarm,robot_x,robot_y,robot_theta,tree 1,tree 2,tree 3,tree 4,tree 5,tree 6,tree 7,tree 8,tree 9,battery_level,temperature,water_robot_tank,water_ground_tank,leak 1,leak 2,leak 3,leak 4,leak 5,leak 6,leak 7,leak 8,leak 9,direction,avancement,left,right,push,wrench,leak 1,leak 2,leak 3,leak 4,leak 5,leak 6,leak 7,leak 8,leak 9,rm_alarm,errors,shortcuts
370,1,-1,4.0123510360717765,-2.87835431098938,-2.1239659786224365,1,0,0,1,1,1,1,0,1,90,20.0,0,0.6666666666666845,0,0,0,0,0,0,0,0,0,0.0,2.86,0.0,0.0,0.0,0.0,0.0,0.0,0.0,0.0,0.0,0.0,0.0,0.0,0.0,0.0,-2,-2
369,1,-1,4.0123510360717765,-2.87835431098938,-2.1239659786224365,1,0,0,1,1,1,1,0,1,90,20.0,0,0.6666666666666845,0,0,0,0,0,0,0,0,0,0.0,2.86,0.0,0.0,0.0,0.0,0.0,0.0,0.0,0.0,0.0,0.0,0.0,0.0,0.0,0.0,-2,-2
368,1,-1,2.803511619567871,-4.871029853820801,-2.103771448135376,1,0,0,1,1,1,1,0,1,89,20.0,0,0.6666666666666845,0,0,0,0,0,0,0,0,0,0,0,0.0,0.0,0.0,0.0,0.0,0.0,0.0,0.0,0.0,0.0,0.0,0.0,0.0,0.0,-2,-2
367,1,-1,2.0380384922027592,-6.185547351837157,-2.09417724609375,1,0,0,1,1,1,1,0,1,89,20.0,0,0.6666666666666845,0,0,0,0,0,0,0,0,0,0,0,0.0,0.0,0.0,0.0,0.0,0.0,0.0,0.0,0.0,0.0,0.0,0.0,0.0,0.0,-2,-2
366,1,4,1.4798842668533323,-7.161862850189209,-2.0852832794189453,1,0,0,1,1,1,1,0,1,88,20.0,0,0.6666666666666845,0,0,0,0,0,0,0,0,0,0.0,2.86,0.0,0.0,0.0,0.0,0.0,0.0,0.0,0.0,0.0,0.0,0.0,0.0,0.0,0.0,-2,-2
365,1,-1,1.0788878202438354,-7.88413143157959,-2.0722014904022217,1,0,0,1,1,1,1,0,1,88,20.0,0,0.6666666666666845,0,0,0,0,0,0,0,0,0,0,0,0.0,0.0,0.0,0.0,0.0,0.0,0.0,0.0,0.0,0.0,0.0,0.0,0.0,0.0,-2,-2
364,1,-1,0.7907099723815918,-8.412698745727539,-2.0598587989807133,1,0,0,1,1,1,1,0,1,87,20.0,0,0.6666666666666845,0,0,0,0,0,0,0,0,0,0.0,2.86,0.0,0.0,0.0,0.0,0.0,0.0,0.0,0.0,0.0,0.0,0.0,0.0,0.0,0.0,-2,-2
363,1,-1,0.5826131105422974,-8.796680450439453,-2.046236515045166,1,0,0,1,1,1,1,0,1,87,20.0,0,0.6666666666666845,0,0,0,0,0,0,0,0,0,0,0,0.0,0.0,0.0,0.0,0.0,0.0,0.0,0.0,0.0,0.0,0.0,0.0,0.0,0.0,-2,-2
362,1,-1,0.4322502315044403,-9.081661224365234,-2.0425863265991206,1,0,0,1,1,1,1,0,1,86,20.0,0,0.6666666666666845,0,0,0,0,0,0,0,0,0,0.0,2.86,0.0,0.0,0.0,0.0,0.0,0.0,0.0,0.0,0.0,0.0,0.0,0.0,0.0,0.0,-2,-2
361,1,-1,0.3237420618534088,-9.296344757080078,-2.0346949100494385,1,0,0,1,1,1,1,0,1,86,20.0,0,0.6666666666666845,0,0,0,0,0,0,0,0,0,0,0,0.0,0.0,0.0,0.0,0.0,0.0,0.0,0.0,0.0,0.0,0.0,0.0,0.0,0.0,-2,-2
