remaining_time,robot_mode,alarm,robot_x,robot_y,robot_theta,tree 1,tree 2,tree 3,tree 4,tree 5,tree 6,tree 7,tree 8,tree 9,battery_level,temperature,water_robot_tank,water_ground_tank,leak 1,leak 2,leak 3,leak 4,leak 5,leak 6,leak 7,leak 8,leak 9,direction,avancement,left,right,push,wrench,leak 1,leak 2,leak 3,leak 4,leak 5,leak 6,leak 7,leak 8,leak 9,rm_alarm,errors,shortcuts
150,1,-1,0.6092845797538757,-8.748690605163574,-2.0562398433685303,1,1,1,1,1,1,1,1,1,85,20.0,0,0.6666666666666845,0,0,0,0,0,0,0,0,0,0,0,0.0,0.0,0.0,0.0,0.0,0.0,0.0,0.0,0.0,0.0,0.0,0.0,0.0,0.0,-2,-2
149,1,-1,0.453074723482132,-9.042649269104004,-2.0434551239013667,1,1,1,1,1,1,1,1,1,85,20.0,0,0.6666666666666845,0,0,0,0,0,0,0,0,0,0,0,0.0,0.0,0.0,0.0,0.0,0.0,0.0,0.0,0.0,0.0,0.0,0.0,0.0,0.0,-2,-2
148,1,-1,0.3379729688167572,-9.268754005432127,-2.0326383113861084,1,1,1,1,1,1,1,1,1,84,20.0,0,0.6666666666666845,0,0,0,0,0,0,0,0,0,0,0,0.0,0.0,0.0,0.0,0.0,0.0,0.0,0.0,0.0,0.0,0.0,0.0,0.0,0.0,-2,-2
147,1,-1,0.25644099712371826,-9.433893203735352,-2.0265893936157227,1,1,1,1,1,1,1,1,1,84,20.0,0,0.6666666666666845,0,0,0,0,0,0,0,0,0,0,0,0.0,0.0,1.0,0.0,0.0,0.0,0.0,0.0,0.0,0.0,0.0,0.0,0.0,0.0,-2,-2
146,1,-1,0.19514933228492734,-9.55907154083252,-2.0143082141876216,1,1,1,1,1,1,1,1,1,83,20.0,0,0.6666666666666845,0,0,0,0,0,0,0,0,0,0,0,0.0,0.0,0.0,0.0,0.0,0.0,0.0,0.0,0.0,0.0,0.0,0.0,0.0,0.0,-2,-2
145,1,-1,0.15200099349021912,-9.649593353271484,-2.0156617164611816,1,1,1,1,1,1,1,1,1,83,20.0,0,0.6666666666666845,0,0,1,0,0,0,0,0,0,0,0,0.0,0.0,0.0,0.0,0.0,0.0,0.0,0.0,0.0,0.0,0.0,0.0,0.0,0.0,-2,-2
144,1,-1,0.12052925676107408,-9.716697692871094,-2.0041050910949707,1,1,1,1,1,1,1,1,1,82,20.0,0,0.6666666666666845,0,0,1,0,0,0,0,0,0,0,0,0.0,0.0,0.0,0.0,0.0,0.0,0.0,0.0,0.0,0.0,0.0,0.0,0.0,0.0,-2,-2
143,1,-1,0.11559049040079115,-9.727840423583984,-2.003925085067749,1,1,1,1,1,1,1,1,1,82,20.0,0,0.6666666666666845,0,0,1,0,0,0,0,0,0,0,0,0.0,0.0,0.0,0.0,0.0,0.0,0.0,0.0,0.0,0.0,0.0,0.0,0.0,0.0,-2,-2
142,1,-1,0.11559049040079115,-9.727840423583984,-2.003925085067749,1,1,1,1,1,1,1,1,1,81,20.0,0,0.6666666666666845,0,0,1,0,0,0,0,0,0,0,0,0.0,0.0,0.0,1.0,0.0,0.0,0.0,0.0,0.0,0.0,0.0,0.0,0.0,0.0,-2,-2
141,1,-1,0.11559049040079115,-9.727840423583984,-2.0037186145782466,1,1,1,1,1,1,1,1,1,81,20.0,0,0.6666666666666845,0,0,0,0,0,0,0,0,0,0,0,0.0,0.0,0.0,0.0,0.0,0.0,1.0,0.0,0.0,0.0,0.0,0.0,0.0,0.0,-2,-2
