remaining_time,robot_mode,alarm,robot_x,robot_y,robot_theta,tree 1,tree 2,tree 3,tree 4,tree 5,tree 6,tree 7,tree 8,tree 9,battery_level,temperature,water_robot_tank,water_ground_tank,leak 1,leak 2,leak 3,leak 4,leak 5,leak 6,leak 7,leak 8,leak 9,direction,avancement,left,right,push,wrench,leak 1,leak 2,leak 3,leak 4,leak 5,leak 6,leak 7,leak 8,leak 9,rm_alarm,errors,shortcuts
370,1,-1,-1.2017041444778442,-7.918257236480713,-1.0828578472137451,1,1,0,0,1,1,1,1,1,33,20.0,0,0.777777777777614,1,1,1,1,1,1,1,1,1,0,0,0.0,0.0,0.0,0.0,0.0,0.0,0.0,0.0,0.0,0.0,0.0,0.0,0.0,0.0,-1, -1
369,1,-1,-1.2017041444778442,-7.918257236480713,-1.0828578472137451,1,1,0,1,1,1,1,1,1,33,20.0,0,0.777777777777614,1,1,1,1,1,1,1,1,1,0,0,0.0,0.0,0.0,0.0,0.0,0.0,0.0,0.0,0.0,0.0,0.0,0.0,0.0,0.0,-1, -1
368,1,-1,-0.95470529794693,-8.375813484191895,-1.0710808038711548,1,1,0,1,1,1,1,1,1,32,20.0,0,0.777777777777614,1,1,1,1,1,1,1,1,1,0,0,0.0,0.0,0.0,0.0,0.0,0.0,0.0,0.0,0.0,0.0,0.0,0.0,0.0,0.0,-1, -1
367,1,-1,-0.7272522449493408,-8.782353401184082,-1.0642337799072266,1,1,0,1,1,1,1,1,1,32,20.0,0,0.777777777777614,1,1,1,1,1,1,1,1,1,0,0,0.0,0.0,0.0,0.0,0.0,0.0,0.0,0.0,0.0,0.0,0.0,0.0,0.0,0.0,-1, -1
366,1,-1,-0.5586372017860413,-9.079310417175293,-1.0552711486816406,1,1,0,1,1,1,1,1,1,31,20.0,0,0.777777777777614,1,1,1,1,1,1,1,1,1,0,0,0.0,0.0,0.0,0.0,0.0,0.0,0.0,0.0,0.0,0.0,0.0,0.0,0.0,0.0,-1, -1
365,1,-1,-0.4321485459804535,-9.300893783569336,-1.0483388900756836,1,1,0,1,1,1,1,1,1,31,20.0,0,0.777777777777614,1,1,1,1,1,1,1,1,1,0,0,0.0,0.0,0.0,0.0,0.0,0.0,0.0,0.0,0.0,0.0,0.0,0.0,0.0,0.0,-1, -1
364,1,-1,-0.3374001383781433,-9.46457576751709,-1.0362001657485962,1,1,0,1,1,1,1,1,1,30,20.0,0,0.777777777777614,1,1,1,1,1,1,1,1,1,0,0,0.0,0.0,0.0,0.0,0.0,0.0,0.0,0.0,0.0,0.0,0.0,0.0,0.0,0.0,-1, -1
363,1,-1,-0.2665138840675354,-9.584461212158203,-1.0316760540008545,1,1,0,1,1,1,1,1,1,30,20.0,0,0.777777777777614,1,1,1,1,1,1,1,1,1,0,0,0.0,0.0,0.0,0.0,0.0,0.0,0.0,0.0,0.0,0.0,0.0,0.0,0.0,0.0,-1, -1
362,1,-1,-0.21347576379776,-9.672419548034668,-1.0221278667449951,1,1,0,1,1,1,1,1,1,29,20.0,0,0.777777777777614,1,1,1,1,1,1,1,1,1,0,0,0.0,0.0,0.0,0.0,0.0,0.0,0.0,0.0,0.0,0.0,0.0,0.0,0.0,0.0,-1, -1
361,1,-1,-0.17395678162574768,-9.73721981048584,-1.0159374475479126,1,1,0,1,1,1,1,1,1,29,20.0,0,0.777777777777614,1,1,1,1,1,1,1,1,1,0,0,0.0,0.0,0.0,0.0,0.0,0.0,0.0,0.0,0.0,0.0,0.0,0.0,0.0,0.0,-1, -1
