remaining_time,robot_mode,alarm,robot_x,robot_y,robot_theta,tree 1,tree 2,tree 3,tree 4,tree 5,tree 6,tree 7,tree 8,tree 9,battery_level,temperature,water_robot_tank,water_ground_tank,leak 1,leak 2,leak 3,leak 4,leak 5,leak 6,leak 7,leak 8,leak 9,direction,avancement,left,right,push,wrench,leak 1,leak 2,leak 3,leak 4,leak 5,leak 6,leak 7,leak 8,leak 9,rm_alarm,errors,shortcuts
410,1,-1,8.38106632232666,-5.750191688537598,3.0211567878723145,1,1,1,0,1,1,1,1,1,5,20.0,0,0.0,0,0,0,1,0,1,1,1,0,0,0,0.0,0.0,0.0,0.0,0.0,0.0,0.0,0.0,0.0,0.0,0.0,0.0,0.0,0.0,-2,-2
409,1,-1,8.38106632232666,-5.750191688537598,3.0211603641510014,1,1,1,0,1,1,1,1,1,5,20.0,0,0.0,0,0,0,1,0,1,1,1,0,0,0,0.0,0.0,0.0,0.0,0.0,0.0,0.0,0.0,0.0,0.0,0.0,0.0,0.0,0.0,-2,-2
408,1,-1,8.38106632232666,-5.750191688537598,3.0211639404296875,1,1,1,0,1,1,1,1,1,4,20.0,0,0.0,0,0,0,1,0,1,1,1,0,0,0,0.0,0.0,0.0,0.0,0.0,0.0,0.0,0.0,0.0,0.0,0.0,0.0,0.0,0.0,-2,-2
407,1,-1,8.38106632232666,-5.750191688537598,3.021167755126953,1,1,1,0,1,1,1,1,1,4,20.0,0,0.0,0,0,0,1,0,1,1,1,0,0,0,0.0,0.0,0.0,0.0,0.0,0.0,0.0,0.0,0.0,0.0,0.0,0.0,0.0,0.0,-2,-2
406,1,-1,8.38106632232666,-5.750191688537598,3.021167755126953,1,1,1,0,1,1,1,1,1,3,20.0,0,0.0,0,0,0,1,0,1,1,1,0,0,0,0.0,0.0,0.0,0.0,0.0,0.0,0.0,0.0,0.0,0.0,0.0,0.0,0.0,0.0,-2,-2
405,1,-1,8.381234169006348,-5.750797748565674,2.61784291267395,1,1,1,0,1,1,1,1,1,3,20.0,0,0.0,0,0,0,1,0,1,1,1,0,0,0,0.0,0.0,0.0,0.0,0.0,0.0,0.0,0.0,0.0,0.0,0.0,0.0,0.0,0.0,-2,-2
404,1,-1,8.380965232849121,-5.751952648162843,2.0834207534790044,1,1,1,0,1,1,1,1,1,2,20.0,0,0.0,0,0,0,1,0,1,1,1,0,0,0,0.0,0.0,0.0,0.0,0.0,0.0,0.0,0.0,0.0,0.0,0.0,0.0,0.0,0.0,-2,-2
403,1,-1,8.379658699035645,-5.753918170928955,1.5630958080291748,1,1,1,0,1,1,1,1,1,2,20.0,0,0.0,0,0,0,1,0,1,1,1,0,0,0,0.0,0.0,0.0,0.0,0.0,0.0,0.0,0.0,0.0,0.0,0.0,0.0,0.0,0.0,-2,-2
402,1,-1,8.506584167480469,-5.299196720123291,1.278544783592224,1,1,1,0,1,1,1,1,1,1,20.0,0,0.0,0,0,0,1,0,1,1,1,0,0,0,0.0,0.0,0.0,0.0,0.0,0.0,0.0,0.0,0.0,0.0,0.0,0.0,0.0,0.0,-2,-2
401,1,-1,9.015114784240724,-3.709993839263916,1.2598178386688232,1,1,1,0,1,1,1,1,1,1,20.0,0,0.0,0,0,0,1,0,1,1,1,0,0,0,0.0,0.0,0.0,0.0,0.0,0.0,0.0,0.0,0.0,0.0,0.0,0.0,0.0,0.0,-2,-2
