remaining_time,robot_mode,alarm,robot_x,robot_y,robot_theta,tree 1,tree 2,tree 3,tree 4,tree 5,tree 6,tree 7,tree 8,tree 9,battery_level,temperature,water_robot_tank,water_ground_tank,leak 1,leak 2,leak 3,leak 4,leak 5,leak 6,leak 7,leak 8,leak 9,direction,avancement,left,right,push,wrench,leak 1,leak 2,leak 3,leak 4,leak 5,leak 6,leak 7,leak 8,leak 9,rm_alarm,errors,shortcuts
450,1,-1,-0.04586520418524742,-9.710556983947754,-1.4470983743667605,1,1,1,1,1,0,1,1,0,25,20.0,0,0.7777777777777626,1,1,1,1,0,1,1,1,0,0,0,0.0,0.0,0.0,0.0,0.0,0.0,0.0,0.0,0.0,0.0,0.0,0.0,0.0,0.0,-2,-2
449,1,-1,-0.04488779604434967,-9.708727836608887,-1.0606827735900881,1,1,1,1,1,0,1,1,0,25,20.0,0,0.7777777777777626,1,1,1,1,0,1,1,1,0,0,0,0.0,0.0,0.0,0.0,0.0,0.0,0.0,0.0,0.0,0.0,0.0,0.0,0.0,0.0,-2,-2
448,1,-1,-0.04305403307080269,-9.708048820495604,-0.5445413589477539,1,1,1,1,1,0,1,1,0,24,20.0,0,0.7777777777777626,1,1,1,1,0,1,1,1,0,0,0,0.0,0.0,0.0,0.0,0.0,0.0,0.0,0.0,0.0,0.0,0.0,0.0,0.0,0.0,-2,-2
447,1,-1,-0.04497699812054634,-9.710516929626463,-0.05336601659655571,1,1,1,1,1,0,1,1,0,24,20.0,0,0.7777777777777626,1,1,1,1,0,1,1,1,0,0,0,0.0,0.0,0.0,0.0,0.0,0.0,0.0,0.0,0.0,0.0,0.0,0.0,0.0,0.0,-2,-2
446,1,-1,-0.0384829230606556,-9.709540367126463,0.4595705568790436,1,1,1,1,1,0,1,1,0,23,20.0,0,0.7777777777777626,1,1,1,1,0,1,1,1,0,0,0,0.0,0.0,0.0,0.0,0.0,0.0,0.0,0.0,0.0,0.0,0.0,0.0,0.0,0.0,-2,-2
445,1,-1,-0.0394841805100441,-9.710375785827637,0.9037045240402222,1,1,1,1,1,0,1,1,0,23,20.0,0,0.7777777777777626,1,1,1,1,0,1,1,1,0,0,0,0.0,0.0,0.0,0.0,0.0,0.0,0.0,0.0,0.0,0.0,0.0,0.0,0.0,0.0,-2,-2
444,1,-1,0.7483187317848206,-8.530781745910645,1.0018774271011353,1,1,1,1,1,0,1,1,0,22,20.0,0,0.7777777777777626,1,1,1,1,0,1,1,1,0,0,0,0.0,0.0,0.0,0.0,0.0,0.0,0.0,0.0,0.0,0.0,0.0,0.0,0.0,0.0,-2,-2
443,1,-1,1.6513867378234863,-7.127785682678223,0.9970124363899232,1,1,1,1,1,0,1,1,0,22,20.0,0,0.7777777777777626,1,1,1,1,0,1,1,1,0,0,0,0.0,0.0,0.0,0.0,0.0,0.0,0.0,0.0,0.0,0.0,0.0,0.0,0.0,0.0,-2,-2
442,1,-1,2.556193828582764,-5.725890159606934,0.9970529079437256,1,1,1,1,1,0,1,1,0,21,20.0,0,0.7777777777777626,1,1,1,1,0,1,1,1,0,0,0,0.0,0.0,0.0,0.0,0.0,0.0,0.0,0.0,0.0,0.0,0.0,0.0,0.0,0.0,-2,-2
441,1,-1,3.4577851295471187,-4.323090553283691,0.9975804090499878,1,1,1,1,1,0,1,1,0,21,20.0,0,0.7777777777777626,1,1,1,1,0,1,1,1,0,0,0,0.0,0.0,0.0,0.0,0.0,0.0,0.0,0.0,0.0,0.0,0.0,0.0,0.0,0.0,-2,-2
