remaining_time,robot_mode,alarm,robot_x,robot_y,robot_theta,tree 1,tree 2,tree 3,tree 4,tree 5,tree 6,tree 7,tree 8,tree 9,battery_level,temperature,water_robot_tank,water_ground_tank,leak 1,leak 2,leak 3,leak 4,leak 5,leak 6,leak 7,leak 8,leak 9,direction,avancement,left,right,push,wrench,leak 1,leak 2,leak 3,leak 4,leak 5,leak 6,leak 7,leak 8,leak 9,rm_alarm,errors,shortcuts
550,1,-1,0.4516976773738861,13.719133377075195,2.898211002349853,0,1,0,0,0,0,1,1,1,75,29.51673958257635,30,31.111111111110826,1,0,0,1,0,0,0,0,0,-0.17666666666666667,1.9066666666666665,0.0,0.0,0.0,0.0,0.0,0.0,0.0,0.0,0.0,0.0,0.0,0.0,0.0,0.0, -1, -1
549,1,-1,0.4516976773738861,13.719133377075195,2.898211002349853,0,1,0,0,0,0,1,1,1,75,29.51673958257635,30,30.555555555555273,1,0,0,1,0,0,0,0,0,0,0,0.0,0.0,0.0,0.0,0.0,0.0,0.0,0.0,0.0,0.0,0.0,0.0,0.0,0.0, -1, -1
548,1,3,-0.4792841076850891,14.0469388961792,1.5734617710113523,0,0,0,0,0,0,1,1,1,74,26.183406249243014,20,29.99999999999972,1,0,0,1,0,0,0,0,0,0.53,0.0,0.0,0.0,0.0,0.0,0.0,0.0,0.0,0.0,0.0,0.0,0.0,0.0,0.0,0.0, -1, -1
547,1,-1,-0.4800900816917419,14.046935081481935,1.573732852935791,0,0,0,0,0,0,1,1,1,74,20.0,20,29.222222222221948,1,0,0,1,0,0,0,0,0,-0.53,0.0,0.0,0.0,0.0,0.0,0.0,0.0,0.0,0.0,0.0,0.0,0.0,0.0,0.0,0.0, -1, -1
546,1,-1,-0.4801411628723145,11.994330406188965,1.5704845190048218,0,0,0,0,0,0,1,1,1,73,20.0,20,28.11111111111084,1,0,0,1,0,0,0,0,0,0,0,0.0,0.0,0.0,0.0,0.0,0.0,0.0,0.0,0.0,0.0,0.0,0.0,0.0,0.0, -1, -1
545,1,-1,-0.4801411628723145,11.994330406188965,1.5704845190048218,0,0,0,0,0,0,1,1,1,73,20.0,20,26.999999999999726,1,0,0,1,0,0,0,1,0,0,0,0.0,0.0,0.0,0.0,0.0,0.0,0.0,0.0,0.0,0.0,0.0,0.0,0.0,0.0, -1, -1
544,1,-1,-0.4813887178897858,11.798365592956545,1.2163853645324707,0,0,0,0,0,0,1,1,1,72,20.0,20,25.333333333333073,1,0,0,1,0,0,0,1,0,0,0,0.0,0.0,0.0,0.0,0.0,0.0,0.0,0.0,0.0,0.0,0.0,0.0,0.0,0.0, -1, -1
543,1,-1,-0.4811306893825531,11.799023628234865,0.6934865713119507,0,0,0,0,0,0,1,1,1,72,20.0,20,23.666666666666412,1,0,0,1,0,0,0,1,0,0,0,0.0,0.0,0.0,0.0,0.0,0.0,0.0,0.0,0.0,0.0,0.0,0.0,0.0,1.0, click, -1
542,1,-1,-0.4794978797435761,11.800882339477539,0.16990381479263306,0,0,0,0,0,0,1,1,1,71,20.0,20,21.999999999999748,1,0,0,1,0,0,0,1,0,0,0,0.0,0.0,0.0,0.0,0.0,0.0,0.0,0.0,0.0,0.0,0.0,0.0,0.0,0.0, -1, -1
541,1,-1,-0.4769797325134277,11.801387786865234,-0.3644972741603851,0,0,0,0,0,0,1,1,1,71,20.0,20,20.333333333333087,1,0,0,1,0,0,0,1,0,0,0,0.0,0.0,0.0,1.0,0.0,0.0,0.0,0.0,0.0,0.0,0.0,0.0,0.0,0.0, -1,1
