remaining_time,robot_mode,alarm,robot_x,robot_y,robot_theta,tree 1,tree 2,tree 3,tree 4,tree 5,tree 6,tree 7,tree 8,tree 9,battery_level,temperature,water_robot_tank,water_ground_tank,leak 1,leak 2,leak 3,leak 4,leak 5,leak 6,leak 7,leak 8,leak 9,direction,avancement,left,right,push,wrench,leak 1,leak 2,leak 3,leak 4,leak 5,leak 6,leak 7,leak 8,leak 9,rm_alarm,errors,shortcuts
520,1,-1,17.156051635742188,-11.885541915893555,-1.60664701461792,0,0,1,0,1,0,1,1,0,60,20.0,20,24.38095238095223,1,0,0,0,0,0,0,0,0,0,0,1.0,0.0,0.0,0.0,0.0,0.0,0.0,0.0,0.0,0.0,0.0,0.0,0.0,0.0, -1,1
519,1,-1,17.213552474975586,-11.490028381347654,-1.632059931755066,0,0,1,0,1,0,1,1,0,60,20.0,20,23.825396825396677,1,0,0,0,0,0,0,0,0,0,0,0.0,0.0,0.0,0.0,0.0,0.0,0.0,0.0,0.0,0.0,0.0,0.0,0.0,0.0, -1, -1
518,1,-1,17.73944854736328,-12.97566032409668,-1.0729997158050537,0,0,1,0,1,0,1,1,0,59,20.0,20,23.269841269841123,1,0,0,0,0,0,0,0,0,0,0,0.0,0.0,0.0,0.0,0.0,0.0,0.0,0.0,0.0,0.0,0.0,0.0,0.0,0.0, -1, -1
517,1,-1,17.76191520690918,-13.184928894042967,-1.2775120735168457,0,0,1,0,1,0,1,1,0,59,20.191038930456344,20,22.71428571428557,1,0,0,0,0,0,0,0,0,0,0,0.0,0.0,0.0,1.0,0.0,0.0,0.0,0.0,0.0,0.0,0.0,0.0,0.0,0.0, -1,1
516,1,-1,17.760244369506836,-13.188312530517578,-1.7517516613006592,0,0,1,0,1,0,1,1,0,58,20.406937241388327,20,23.71428571428557,0,0,0,0,0,0,0,0,0,0,0,0.0,0.0,1.0,0.0,1.0,0.0,0.0,0.0,0.0,0.0,0.0,0.0,0.0,0.0, -1, -1
515,1,-1,17.60763168334961,-13.751973152160645,-1.8559170961380005,0,0,1,0,1,0,0,1,0,58,20.0,10,28.571428571428427,0,0,0,0,0,0,0,0,0,0,0,0.0,1.0,0.0,0.0,0.0,0.0,0.0,0.0,0.0,0.0,0.0,0.0,0.0,0.0, -1,2
514,1,-1,17.43782615661621,-14.328006744384766,-1.8620710372924805,0,0,1,0,1,0,0,1,0,57,20.0,10,32.714285714285566,0,0,0,0,0,0,0,0,0,0,0,0.0,1.0,0.0,0.0,0.0,0.0,0.0,0.0,0.0,0.0,0.0,0.0,0.0,0.0, -1,1
513,1,-1,17.43782615661621,-14.328006744384766,-1.8620710372924805,0,0,1,0,1,0,0,1,0,57,20.0,10,36.142857142857,0,0,0,0,0,0,0,0,0,0,0,0.0,0.0,0.0,0.0,0.0,0.0,0.0,0.0,0.0,0.0,0.0,0.0,0.0,0.0, -1, -1
512,1,-1,17.757694244384766,-12.617968559265135,-2.299790382385254,0,0,1,0,1,0,0,1,0,56,20.0,10,38.85714285714271,0,0,0,0,0,0,0,0,0,0,0,0.0,0.0,0.0,0.0,0.0,0.0,0.0,0.0,0.0,0.0,0.0,0.0,0.0,0.0, -1, -1
511,1,-1,17.753515243530273,-12.62120532989502,-2.786864995956421,0,0,1,0,1,0,0,1,0,56,20.0,10,40.85714285714271,0,0,0,0,0,0,0,0,0,0,0,0.0,0.0,0.0,0.0,0.0,0.0,0.0,0.0,0.0,0.0,0.0,0.0,0.0,0.0, -1, -1
