remaining_time,robot_mode,alarm,robot_x,robot_y,robot_theta,tree 1,tree 2,tree 3,tree 4,tree 5,tree 6,tree 7,tree 8,tree 9,battery_level,temperature,water_robot_tank,water_ground_tank,leak 1,leak 2,leak 3,leak 4,leak 5,leak 6,leak 7,leak 8,leak 9,direction,avancement,left,right,push,wrench,leak 1,leak 2,leak 3,leak 4,leak 5,leak 6,leak 7,leak 8,leak 9,rm_alarm,errors,shortcuts
90,1,-1,-0.21375401318073275,-9.814373016357422,-0.7997297048568726,1,1,1,1,1,1,1,1,1,58,20.0,30,0.6666666666666669,1,1,1,0,1,1,0,1,0,0,0,1.0,0.0,1.0,0.0,0.0,0.0,0.0,0.0,0.0,0.0,0.0,0.0,0.0,0.0,-2,-2
89,1,-1,-0.21375401318073275,-9.814373016357422,-0.7997297048568726,1,1,1,1,1,1,1,1,1,58,20.0,30,1.7142857142857146,1,1,1,0,1,1,0,1,0,0,0,1.0,0.0,0.0,0.0,0.0,0.0,0.0,0.0,0.0,0.0,0.0,0.0,0.0,0.0,-2,-2
88,1,-1,-0.21375401318073275,-9.814373016357422,-0.7999058961868286,1,1,1,1,1,1,1,1,1,57,20.0,30,3.9047619047619047,1,1,1,0,1,1,0,1,0,0,0,0.0,1.0,0.0,0.0,0.0,0.0,0.0,0.0,0.0,0.0,0.0,0.0,0.0,0.0,-2,-2
87,1,-1,-0.21375401318073275,-9.814373016357422,-0.7999058961868286,1,1,1,1,1,1,1,1,1,57,20.0,30,5.3809523809523805,1,1,1,0,1,1,0,1,0,0,0,1.0,0.0,0.0,0.0,0.0,0.0,0.0,0.0,0.0,0.0,0.0,0.0,0.0,0.0,-2,-2
86,1,-1,-0.21375401318073275,-9.814373016357422,-0.8000825047492981,1,1,1,1,1,1,1,1,1,56,20.0,30,7.2857142857142865,1,1,1,0,1,1,0,1,0,0,0,0.0,1.0,1.0,0.0,0.0,0.0,0.0,0.0,0.0,0.0,0.0,0.0,0.0,0.0,-2,-2
85,1,-1,-0.21375401318073275,-9.814373016357422,-0.8000825047492981,1,1,1,1,1,1,1,1,1,56,20.0,30,3.952380952380953,1,1,1,0,1,1,0,1,0,0,0,0.0,0.0,1.0,0.0,0.0,0.0,0.0,0.0,0.0,0.0,0.0,0.0,0.0,0.0,-2,-2
84,1,-1,-0.21375401318073275,-9.814373016357422,-0.8002564311027527,1,1,1,1,1,1,1,1,1,55,20.0,30,0.6190476190476203,1,1,1,0,1,1,0,1,0,0,0,0.0,0.0,0.0,0.0,0.0,0.0,0.0,0.0,0.0,0.0,0.0,0.0,0.0,0.0,-2,-2
83,1,-1,-0.21375401318073275,-9.814373016357422,-0.8002564311027527,1,1,1,1,1,1,1,1,1,55,20.0,30,0.6190476190476203,1,1,1,0,1,1,0,1,0,0,0,0.0,0.0,0.0,0.0,0.0,0.0,0.0,0.0,0.0,0.0,0.0,0.0,0.0,0.0,-2,-2
82,1,-1,-0.21375401318073275,-9.814373016357422,-0.8004350662231445,1,1,1,1,1,1,1,1,1,54,20.0,30,0.6190476190476203,1,1,1,0,1,1,0,1,0,0,0,0.0,0.0,0.0,1.0,0.0,0.0,0.0,0.0,0.0,0.0,0.0,0.0,0.0,0.0,-2,-2
81,1,-1,-0.21375401318073275,-9.814373016357422,-0.8004350662231445,1,1,1,1,1,1,1,1,1,54,20.0,30,0.6190476190476203,0,1,1,0,1,1,0,1,0,0,0,0.0,0.0,0.0,1.0,1.0,0.0,0.0,0.0,0.0,0.0,0.0,0.0,0.0,0.0,-2,-2
