remaining_time,robot_mode,alarm,robot_x,robot_y,robot_theta,tree 1,tree 2,tree 3,tree 4,tree 5,tree 6,tree 7,tree 8,tree 9,battery_level,temperature,water_robot_tank,water_ground_tank,leak 1,leak 2,leak 3,leak 4,leak 5,leak 6,leak 7,leak 8,leak 9,direction,avancement,left,right,push,wrench,leak 1,leak 2,leak 3,leak 4,leak 5,leak 6,leak 7,leak 8,leak 9,rm_alarm,errors,shortcuts
540,1,-1,-5.938380718231201,12.13816738128662,-0.4636026918888092,0,0,0,0,1,0,1,0,1,70,20.0,30,100.0,0,0,1,0,0,0,0,0,0,0,0,1.0,0.0,0.0,0.0,0.0,0.0,0.0,0.0,0.0,0.0,0.0,0.0,0.0,0.0,-2,-2
539,1,-1,-5.938380718231201,12.13816738128662,-0.4636026918888092,0,0,0,0,1,0,1,0,1,70,20.0,30,99.66666666666666,0,0,1,0,0,0,0,0,0,0,0,1.0,1.0,0.0,0.0,0.0,0.0,0.0,0.0,0.0,0.0,0.0,0.0,0.0,0.0,-2,-2
538,1,-1,-4.8211350440979,11.588380813598633,-0.4542302787303925,0,0,0,0,1,0,1,0,1,69,20.0,30,99.38888888888887,0,0,1,0,0,0,0,0,0,0,0,0.0,1.0,0.0,0.0,0.0,0.0,0.0,0.0,0.0,0.0,0.0,0.0,0.0,0.0,-2,-2
537,1,-1,-3.9266340732574463,11.156172752380373,-0.4405030608177185,0,1,0,0,0,0,1,0,1,69,20.0,20,99.11111111111107,0,0,1,0,0,0,0,0,0,0,0,1.0,1.0,0.0,0.0,0.0,0.0,0.0,0.0,0.0,0.0,0.0,0.0,0.0,0.0,-2,-2
536,1,-1,-3.2698864936828613,10.847110748291016,-0.432868242263794,0,1,0,0,0,0,1,0,1,68,20.0,20,98.55555555555551,0,0,1,0,0,0,0,0,0,0,0,1.0,0.0,0.0,0.0,0.0,0.0,0.0,0.0,0.0,0.0,0.0,0.0,0.0,0.0,-2,-2
535,1,-1,-3.2698864936828613,10.847110748291016,-0.432868242263794,0,1,0,0,0,0,1,0,1,68,20.0,20,97.99999999999994,0,0,1,0,1,0,0,0,0,0,0,1.0,0.0,0.0,0.0,0.0,0.0,0.0,0.0,0.0,0.0,0.0,0.0,0.0,0.0,-2,-2
534,1,-1,-4.845530033111572,11.57114028930664,0.00014161319995764643,0,1,0,0,0,0,1,0,1,67,20.0,20,96.8888888888888,0,0,0,0,1,0,0,0,0,0,0,0.0,0.0,0.0,1.0,0.0,0.0,1.0,0.0,0.0,0.0,0.0,0.0,0.0,0.0,-2,-2
533,1,-1,-4.848073959350586,11.569868087768555,0.5013181567192078,0,1,0,0,0,0,1,0,1,67,20.0,20,96.44444444444436,0,0,0,0,0,0,0,0,0,0,0,0.0,0.0,0.0,1.0,0.0,0.0,0.0,0.0,1.0,0.0,0.0,0.0,0.0,0.0,-2,-2
532,1,-1,-4.109596252441406,12.089545249938965,0.6368826031684875,0,1,0,0,0,0,1,0,1,66,20.0,20,99.44444444444436,0,0,0,0,0,0,0,0,0,0,0,0.0,1.0,1.0,0.0,0.0,0.0,0.0,0.0,0.0,0.0,0.0,0.0,0.0,0.0,-2,-2
531,1,-1,-3.2173764705657963,12.75335693359375,0.6516150832176208,0,1,0,0,0,0,1,0,1,66,20.0,20,100.0,0,0,0,0,0,0,0,0,0,0,0,0.0,0.0,0.0,1.0,0.0,0.0,0.0,0.0,0.0,0.0,0.0,0.0,0.0,0.0,-2,-2
