remaining_time,robot_mode,alarm,robot_x,robot_y,robot_theta,tree 1,tree 2,tree 3,tree 4,tree 5,tree 6,tree 7,tree 8,tree 9,battery_level,temperature,water_robot_tank,water_ground_tank,leak 1,leak 2,leak 3,leak 4,leak 5,leak 6,leak 7,leak 8,leak 9,direction,avancement,left,right,push,wrench,leak 1,leak 2,leak 3,leak 4,leak 5,leak 6,leak 7,leak 8,leak 9,rm_alarm,errors,shortcuts
580,1,-1,2.0504412651062007,-2.9411618709564213,0.3511368632316589,1,1,0,0,0,1,0,0,0,90,20.0,50,41.888888888888715,0,0,0,0,0,0,0,0,0,0.53,0.0,0.0,0.0,0.0,0.0,0.0,0.0,0.0,0.0,0.0,0.0,0.0,0.0,0.0,0.0,-2,-2
579,1,-1,2.0504412651062007,-2.9411618709564213,0.3511368632316589,1,1,0,0,0,1,0,0,0,90,20.0,50,41.888888888888715,0,0,0,0,0,0,0,0,0,0.53,0.0,0.0,0.0,0.0,0.0,0.0,0.0,0.0,0.0,0.0,0.0,0.0,0.0,0.0,0.0,-2,-2
578,1,-1,2.05012321472168,-2.940587520599365,0.39212143421173096,1,1,0,0,0,1,0,0,0,89,20.0,50,41.888888888888715,0,0,0,0,0,0,0,0,0,0.53,0.0,0.0,0.0,0.0,0.0,0.0,0.0,0.0,0.0,0.0,0.0,0.0,0.0,0.0,0.0,-2,-2
577,1,-1,2.0488905906677246,-2.9410207271575928,-0.17101556062698364,1,1,0,0,0,1,0,0,0,89,20.0,50,41.888888888888715,0,0,0,0,0,0,0,0,0,0,0,0.0,0.0,0.0,0.0,0.0,0.0,0.0,0.0,0.0,0.0,0.0,0.0,0.0,0.0,-2,-2
576,1,-1,2.3823578357696533,-3.140235424041748,-0.5514833331108093,1,1,0,0,0,1,0,0,0,88,20.0,50,41.888888888888715,0,0,0,0,0,0,0,0,0,0,0,0.0,0.0,0.0,0.0,0.0,0.0,0.0,0.0,0.0,0.0,0.0,0.0,0.0,0.0,-2,-2
575,1,-1,3.769524574279785,-4.0162272453308105,-0.5633879899978638,1,1,0,0,0,1,0,0,0,88,20.0,50,41.888888888888715,0,0,0,0,0,0,0,0,0,0,0,0.0,0.0,0.0,0.0,0.0,0.0,0.0,0.0,0.0,0.0,0.0,0.0,0.0,0.0,-2,-2
574,1,-1,5.180299758911133,-4.905955791473389,-0.5625761151313782,1,1,0,0,0,1,0,0,0,87,20.0,50,41.888888888888715,0,0,0,0,0,0,0,0,0,0,0,0.0,0.0,0.0,0.0,0.0,0.0,0.0,0.0,0.0,0.0,0.0,0.0,0.0,0.0,-2,-2
573,1,-1,6.614479064941406,-5.811577796936035,-0.5615983605384827,1,1,0,0,0,1,0,0,0,87,20.0,50,41.888888888888715,0,0,0,0,0,0,0,0,0,0,0,0.0,0.0,0.0,0.0,0.0,0.0,0.0,0.0,0.0,0.0,0.0,0.0,0.0,0.0,-2,-2
572,1,-1,8.019580841064451,-6.711334705352782,-0.5706377029418945,1,1,0,0,0,1,0,0,0,86,20.0,50,41.888888888888715,0,0,0,0,0,0,0,0,0,0,0,0.0,0.0,0.0,0.0,0.0,0.0,0.0,0.0,0.0,0.0,0.0,0.0,0.0,0.0,-2,-2
571,1,-1,9.42386531829834,-7.613266468048097,-0.5709448456764221,1,1,0,0,0,1,0,0,0,86,20.0,50,41.888888888888715,0,0,0,0,0,0,0,0,0,0,0,0.0,0.0,0.0,0.0,0.0,0.0,0.0,0.0,0.0,0.0,0.0,0.0,0.0,0.0,-2,-2
