remaining_time,robot_mode,alarm,robot_x,robot_y,robot_theta,tree 1,tree 2,tree 3,tree 4,tree 5,tree 6,tree 7,tree 8,tree 9,battery_level,temperature,water_robot_tank,water_ground_tank,leak 1,leak 2,leak 3,leak 4,leak 5,leak 6,leak 7,leak 8,leak 9,direction,avancement,left,right,push,wrench,leak 1,leak 2,leak 3,leak 4,leak 5,leak 6,leak 7,leak 8,leak 9,rm_alarm,errors,shortcuts
590,1,-1,4.244894444127567e-05,-8.197616261895746e-05,-0.0005971102509647608,0,0,1,0,0,0,0,0,0,95,20.0,50,56.85714285714285,0,0,1,0,0,0,0,0,0,0,0,0.0,0.0,1.0,0.0,0.0,0.0,0.0,0.0,0.0,0.0,0.0,0.0,0.0,0.0,-2,-2
589,1,-1,4.244894444127567e-05,-8.197616261895746e-05,-0.0005971102509647608,0,0,1,0,0,0,0,0,0,95,20.0,50,56.30158730158728,0,0,1,0,0,0,0,0,0,0,0,0.0,0.0,1.0,0.0,0.0,0.0,0.0,0.0,0.0,0.0,0.0,0.0,0.0,0.0,-2,-2
588,1,-1,-4.1601131670176976e-05,0.00033349584555253386,0.4392413794994354,0,0,1,0,0,0,0,1,0,94,20.0,50,55.74603174603171,0,0,1,0,0,0,0,0,0,0,0,0.0,0.0,1.0,1.0,0.0,0.0,0.0,0.0,0.0,0.0,0.0,0.0,0.0,0.0,-2,-2
587,1,-1,-0.00034647402935661376,0.000483928743051365,0.9681318402290344,0,0,1,0,0,0,0,1,0,94,20.0,50,55.19047619047614,0,0,1,0,0,0,0,0,0,0,0,0.0,0.0,1.0,0.0,0.0,0.0,0.0,0.0,0.0,0.0,0.0,0.0,0.0,0.0,-2,-2
586,1,-1,-0.0009943683398887515,0.0005394251784309745,1.5081591606140137,0,0,1,0,0,0,0,1,0,93,20.0,50,54.857142857142804,0,0,0,0,0,0,0,0,0,0,0,0.0,0.0,1.0,0.0,0.0,0.0,1.0,0.0,0.0,0.0,0.0,0.0,0.0,0.0,-2,-2
585,1,-1,-0.00214210175909102,0.0006932025426067412,2.0159311294555664,0,0,1,0,0,0,0,1,0,93,20.0,50,54.857142857142804,0,0,0,0,0,0,0,0,0,0,0,0.0,0.0,1.0,0.0,0.0,0.0,0.0,0.0,0.0,0.0,0.0,0.0,0.0,0.0,-2,-2
584,1,-1,-0.2722546756267548,0.3185011148452759,2.2934892177581787,0,0,1,0,0,0,0,1,0,92,20.0,50,54.857142857142804,0,0,0,0,0,0,0,0,0,0,0,0.0,0.0,1.0,0.0,0.0,0.0,0.0,0.0,0.0,0.0,0.0,0.0,0.0,0.0,-2,-2
583,1,-1,-1.3903626203536987,1.5555882453918457,2.3041820526123047,0,0,1,0,0,0,0,1,0,92,20.0,50,54.857142857142804,0,0,0,0,0,0,0,0,0,0,0,0.0,0.0,1.0,0.0,0.0,0.0,0.0,0.0,0.0,0.0,0.0,0.0,0.0,0.0,-2,-2
582,1,-1,-2.516770601272583,2.7865123748779297,2.3141298294067383,0,0,1,0,0,0,0,1,1,91,20.0,50,54.857142857142804,0,0,0,0,0,0,0,0,0,0,0,0.0,0.0,1.0,0.0,0.0,0.0,0.0,0.0,0.0,0.0,0.0,0.0,0.0,0.0,-2,-2
581,1,-1,-3.6465337276458736,4.0136590003967285,2.314758777618408,0,0,1,0,0,0,0,1,1,91,20.0,50,54.857142857142804,0,0,0,0,0,0,0,0,0,0,0,0.0,0.0,1.0,0.0,0.0,0.0,0.0,0.0,0.0,0.0,0.0,0.0,0.0,0.0,-2,-2
