remaining_time,robot_mode,alarm,robot_x,robot_y,robot_theta,tree 1,tree 2,tree 3,tree 4,tree 5,tree 6,tree 7,tree 8,tree 9,battery_level,temperature,water_robot_tank,water_ground_tank,leak 1,leak 2,leak 3,leak 4,leak 5,leak 6,leak 7,leak 8,leak 9,direction,avancement,left,right,push,wrench,leak 1,leak 2,leak 3,leak 4,leak 5,leak 6,leak 7,leak 8,leak 9,rm_alarm,errors,shortcuts
80,1,-1,0.11079925298690796,-9.031965255737305,-1.6564369201660156,0,0,1,0,0,1,1,0,1,37,20.0,10,28.396825396824042,0,0,1,0,0,0,0,0,0,0,0,1.0,0.0,0.0,0.0,0.0,0.0,0.0,0.0,0.0,0.0,0.0,0.0,0.0,0.0,-2,-2
79,1,-1,0.09090874344110488,-9.263280868530273,-1.661852478981018,0,0,1,0,0,1,1,0,1,37,20.0,30,12.690476190474827,0,0,1,0,0,0,0,0,0,0,0,0.0,0.0,1.0,0.0,0.0,0.0,0.0,0.0,0.0,0.0,0.0,0.0,0.0,0.0,-2,-2
78,1,6,0.07488726079463959,-9.43346118927002,-1.6680437326431274,0,0,1,0,0,1,1,0,1,36,20.0,40,6.841269841268481,0,0,1,0,0,0,0,0,0,0,0,0.0,0.0,1.0,0.0,0.0,0.0,0.0,0.0,0.0,0.0,0.0,0.0,0.0,0.0,-2,-2
77,1,-1,0.061653938144445426,-9.559548377990724,-1.6809512376785278,0,0,1,0,0,1,1,0,1,36,20.0,40,7.19841269841134,0,0,1,0,0,0,0,0,0,0,0,0.0,0.0,0.0,1.0,0.0,0.0,0.0,0.0,0.0,0.0,0.0,0.0,0.0,1.0,-2,-2
76,1,-1,0.05178782343864441,-9.648821830749512,-1.6810958385467532,0,0,1,0,0,1,1,0,1,35,20.0,40,6.642857142855786,0,0,1,0,0,0,0,0,0,0,0,0.0,0.0,0.0,0.0,0.0,0.0,1.0,0.0,0.0,0.0,0.0,0.0,0.0,0.0,-2,-2
75,1,-1,0.044552218168973916,-9.71090316772461,-1.6938090324401855,0,0,1,0,0,1,1,0,1,35,20.0,40,6.0873015873002325,0,0,1,0,0,0,0,0,0,0,0,0.0,0.0,0.0,1.0,0.0,0.0,0.0,0.0,0.0,0.0,0.0,0.0,0.0,0.0,-2,-2
74,1,-1,0.044552218168973916,-9.71090316772461,-1.6938090324401855,0,0,1,0,0,1,1,0,1,34,20.0,40,5.976190476189122,0,0,0,0,0,0,0,0,0,0,0,0.0,1.0,0.0,0.0,0.0,0.0,1.0,0.0,0.0,0.0,0.0,0.0,0.0,0.0,-2,-2
73,1,-1,0.0445542074739933,-9.710904121398926,-1.6938070058822632,0,0,1,0,0,1,1,0,1,34,20.0,40,5.976190476189122,0,0,0,0,0,0,0,0,0,0,0,0.0,0.0,0.0,0.0,0.0,0.0,0.0,0.0,0.0,0.0,0.0,0.0,0.0,0.0,-2,-2
72,1,4,0.0445542074739933,-9.710904121398926,-1.6938070058822632,0,0,1,0,0,1,1,0,1,33,20.0,40,5.976190476189122,0,0,0,0,0,0,0,0,0,0.53,0.0,0.0,0.0,0.0,0.0,0.0,0.0,0.0,0.0,0.0,0.0,0.0,0.0,0.0,0.0,-2,-2
71,1,-1,0.0445542074739933,-9.710904121398926,-1.6938070058822632,0,0,1,0,0,1,1,0,1,33,20.0,40,5.976190476189122,0,0,0,0,0,0,0,0,0,0.53,0.0,0.0,0.0,0.0,0.0,0.0,0.0,0.0,0.0,0.0,0.0,0.0,0.0,0.0,0.0,-2,-2
