remaining_time,robot_mode,alarm,robot_x,robot_y,robot_theta,tree 1,tree 2,tree 3,tree 4,tree 5,tree 6,tree 7,tree 8,tree 9,battery_level,temperature,water_robot_tank,water_ground_tank,leak 1,leak 2,leak 3,leak 4,leak 5,leak 6,leak 7,leak 8,leak 9,direction,avancement,left,right,push,wrench,leak 1,leak 2,leak 3,leak 4,leak 5,leak 6,leak 7,leak 8,leak 9,rm_alarm,errors,shortcuts
300,1,-1,12.288287162780762,-14.629637718200685,3.013211488723755,1,1,1,1,0,0,0,0,1,56,20.0,70,16.912698412697743,0,0,1,0,0,0,0,0,0,0.0,2.86,0.0,0.0,0.0,1.0,0.0,0.0,0.0,0.0,0.0,0.0,0.0,0.0,0.0,0.0, -1,1
299,1,4,12.288287162780762,-14.629637718200685,3.013211488723755,1,1,1,1,0,0,0,0,1,56,20.0,70,16.801587301586633,0,0,0,0,0,0,0,0,0,0.0,2.86,0.0,0.0,0.0,0.0,0.0,0.0,1.0,0.0,0.0,0.0,0.0,0.0,0.0,0.0, -1, -1
298,1,-1,12.146414756774902,-14.609822273254395,2.611501216888428,1,1,1,1,0,0,0,0,1,55,20.0,70,16.801587301586633,0,0,0,0,0,0,0,0,0,0,0,0.0,0.0,0.0,0.0,0.0,0.0,0.0,0.0,0.0,0.0,0.0,0.0,0.0,0.0, -1, -1
297,1,-1,12.040168762207033,-14.48066234588623,2.2417261600494385,1,1,1,1,0,0,0,0,1,55,20.0,70,16.801587301586633,0,0,0,0,0,0,0,0,0,0,0,1.0,0.0,0.0,0.0,0.0,0.0,0.0,0.0,0.0,0.0,0.0,0.0,0.0,0.0, -1,2
296,1,-1,11.051942825317383,-13.13625431060791,2.1975314617156982,1,1,1,1,0,0,0,0,1,54,20.0,70,16.801587301586633,0,0,0,0,0,0,0,0,0,0,0,1.0,0.0,0.0,0.0,0.0,0.0,0.0,0.0,0.0,0.0,0.0,0.0,0.0,1.0, click,1
295,1,-1,10.074156761169434,-11.784308433532715,2.1957869529724117,1,1,1,1,0,0,0,0,1,54,20.0,70,16.690476190475522,0,0,0,0,1,0,0,0,0,0,0,1.0,0.0,0.0,0.0,0.0,0.0,0.0,0.0,0.0,0.0,0.0,0.0,0.0,0.0, -1,3
294,1,-1,9.096911430358887,-10.43130111694336,2.1971757411956787,1,1,1,1,0,0,0,0,1,53,20.0,70,16.13492063491997,0,0,0,0,1,0,0,0,0,0,0,0.0,0.0,0.0,0.0,0.0,0.0,0.0,0.0,0.0,0.0,0.0,0.0,0.0,0.0, -1, -1
293,1,-1,8.119876861572267,-9.07917308807373,2.1985507011413574,1,1,1,1,0,0,0,0,1,53,20.0,70,15.579365079364415,0,0,0,0,1,0,0,0,0,0,0,0.0,0.0,0.0,1.0,0.0,0.0,0.0,0.0,0.0,0.0,0.0,0.0,0.0,0.0, -1,1
292,1,-1,7.1412434577941895,-7.727464199066162,2.19201397895813,1,1,1,1,0,0,0,0,1,52,20.0,70,15.301587301586638,0,0,0,0,1,0,0,0,0,0,0,0.0,0.0,0.0,0.0,0.0,0.0,0.0,0.0,0.0,0.0,0.0,0.0,0.0,0.0, down, -1
291,1,-1,6.168399333953857,-6.371735095977782,2.189142227172852,1,1,1,1,0,0,0,0,1,52,20.0,70,14.746031746031086,0,0,0,0,0,0,0,0,0,0,0,0.0,0.0,1.0,0.0,0.0,0.0,0.0,0.0,1.0,0.0,0.0,0.0,0.0,0.0, up,3
