remaining_time,robot_mode,alarm,robot_x,robot_y,robot_theta,tree 1,tree 2,tree 3,tree 4,tree 5,tree 6,tree 7,tree 8,tree 9,battery_level,temperature,water_robot_tank,water_ground_tank,leak 1,leak 2,leak 3,leak 4,leak 5,leak 6,leak 7,leak 8,leak 9,direction,avancement,left,right,push,wrench,leak 1,leak 2,leak 3,leak 4,leak 5,leak 6,leak 7,leak 8,leak 9,rm_alarm,errors,shortcuts
400,1,-1,3.3735048770904537,13.087244987487793,0.9570720791816713,0,0,0,0,0,0,1,0,1,21,20.0,10,12.563492063491486,0,0,0,0,0,0,0,0,1,0,0,0.0,0.0,0.0,0.0,0.0,0.0,0.0,0.0,0.0,0.0,0.0,0.0,0.0,0.0, -1, -1
399,1,-1,2.2585010528564453,11.506014823913574,0.9541782140731812,0,0,0,0,0,0,1,0,1,21,20.0,10,14.285714285713706,0,0,0,0,0,0,0,0,1,0,0,0.0,1.0,1.0,0.0,0.0,0.0,0.0,0.0,0.0,0.0,0.0,0.0,0.0,0.0, -1,2
398,1,-1,1.4493042230606081,10.363537788391113,0.9529681205749512,0,0,0,0,0,0,1,0,1,20,20.0,10,17.809523809523228,0,0,0,0,0,0,0,0,1,0,0,0.0,0.0,0.0,1.0,0.0,0.0,0.0,0.0,0.0,0.0,0.0,0.0,0.0,0.0, -1,1
397,1,-1,1.62201726436615,11.414379119873047,1.476417899131775,0,0,0,0,0,0,1,0,1,20,20.0,10,20.95238095238037,0,0,0,0,0,0,0,0,0,0,0,1.0,0.0,0.0,0.0,0.0,0.0,0.0,0.0,0.0,0.0,0.0,0.0,1.0,0.0, -1,1
396,1,-1,1.6371861696243286,11.60493278503418,1.5161508321762085,0,0,0,0,0,0,1,0,1,19,20.0,10,24.238095238094665,0,0,0,0,0,0,0,0,0,0,0,0.0,1.0,0.0,0.0,0.0,0.0,0.0,0.0,0.0,0.0,0.0,0.0,0.0,0.0, -1,1
395,1,-1,1.6371861696243286,11.60493278503418,1.5161508321762085,0,0,0,0,0,0,1,0,1,19,20.0,10,26.809523809523238,0,0,0,0,0,0,0,0,0,0,0,1.0,0.0,1.0,0.0,0.0,0.0,0.0,0.0,0.0,0.0,0.0,0.0,0.0,0.0, -1,2
394,1,-1,1.637017011642456,11.604104042053224,1.1099973917007446,0,0,0,0,0,0,1,0,1,18,20.0,10,30.38095238095181,0,0,0,0,0,0,0,0,0,0,0,0.0,1.0,1.0,0.0,0.0,0.0,0.0,0.0,0.0,0.0,0.0,0.0,0.0,0.0, -1,2
393,1,-1,1.6370456218719482,11.605937004089355,0.5890506505966187,0,0,0,0,1,0,1,0,1,18,20.0,10,30.38095238095181,0,0,0,0,0,0,0,0,0,0,0,0.0,1.0,0.0,0.0,0.0,0.0,0.0,0.0,0.0,0.0,0.0,0.0,0.0,0.0, -1,1
392,1,-1,1.6370679140090942,11.605846405029295,0.5522392392158508,0,0,0,0,1,0,1,0,1,17,20.0,10,32.38095238095181,0,0,0,0,0,0,0,0,0,0,0,0.0,0.0,1.0,0.0,0.0,0.0,0.0,0.0,0.0,0.0,0.0,0.0,0.0,0.0, -1,1
391,1,-1,1.6370679140090942,11.605846405029295,0.5522392392158508,0,0,0,0,1,0,1,0,1,17,20.0,10,35.80952380952323,0,0,0,0,0,0,0,0,0,0,0,1.0,0.0,1.0,0.0,0.0,0.0,0.0,0.0,0.0,0.0,0.0,0.0,0.0,0.0, -1,2
