remaining_time,robot_mode,alarm,robot_x,robot_y,robot_theta,tree 1,tree 2,tree 3,tree 4,tree 5,tree 6,tree 7,tree 8,tree 9,battery_level,temperature,water_robot_tank,water_ground_tank,leak 1,leak 2,leak 3,leak 4,leak 5,leak 6,leak 7,leak 8,leak 9,direction,avancement,left,right,push,wrench,leak 1,leak 2,leak 3,leak 4,leak 5,leak 6,leak 7,leak 8,leak 9,rm_alarm,errors,shortcuts
580,1,-1,6.549771933350712e-05,-2.509688056306913e-05,-0.00149295455776155,0,0,0,0,0,0,0,0,0,90,20.0,50,41.88095238095225,0,0,0,0,0,0,0,1,1,0,0,0.0,0.0,0.0,0.0,0.0,0.0,0.0,0.0,0.0,0.0,1.0,0.0,0.0,0.0,-2,-2
579,1,-1,6.549771933350712e-05,-2.509688056306913e-05,-0.00149295455776155,0,0,0,0,1,0,0,0,0,90,20.0,50,41.99206349206336,0,0,0,0,0,0,0,1,1,0,0,1.0,0.0,0.0,1.0,0.0,0.0,0.0,0.0,0.0,0.0,0.0,1.0,0.0,0.0,-2,-2
578,1,-1,1.0788639883685393e-05,0.0006689464789815247,0.4561959207057953,0,0,0,0,1,0,0,0,0,89,20.0,50,41.214285714285566,0,0,0,0,0,0,0,0,1,0,0,0.0,0.0,0.0,1.0,0.0,0.0,0.0,0.0,0.0,0.0,0.0,1.0,0.0,0.0,-2,-2
577,1,-1,0.3911300301551819,0.3554401993751526,0.7599717974662781,0,0,0,0,1,0,0,0,0,89,20.0,50,41.10317460317446,0,0,0,0,0,0,0,0,0,0,0,0.0,1.0,0.0,0.0,0.0,0.0,0.0,0.0,0.0,0.0,0.0,0.0,1.0,0.0,-2,-2
576,1,-1,1.588274002075195,1.517993450164795,0.7718296647071838,0,0,0,0,1,0,0,0,0,88,20.0,50,41.10317460317446,0,0,0,0,0,0,0,0,0,0,0,0.0,1.0,0.0,0.0,0.0,0.0,0.0,0.0,0.0,0.0,0.0,0.0,0.0,0.0,-2,-2
575,1,-1,2.7819759845733643,2.6837682723999023,0.7743188142776489,0,0,0,0,1,0,0,0,0,88,20.0,50,41.10317460317446,0,0,0,0,1,0,0,0,0,0,0,0.0,0.0,0.0,0.0,0.0,0.0,0.0,0.0,0.0,0.0,0.0,0.0,0.0,0.0,-2,-2
574,1,-1,3.9765117168426514,3.8485476970672607,0.7711710929870605,0,0,0,0,1,0,0,0,0,87,20.0,50,40.54761904761889,0,0,0,0,1,0,0,0,0,0,0,0.0,0.0,0.0,0.0,0.0,0.0,0.0,0.0,0.0,0.0,0.0,0.0,0.0,0.0,-2,-2
573,1,-1,5.169334411621094,5.0161404609680185,0.7787228226661682,0,0,0,0,1,0,0,0,0,87,20.0,50,39.99206349206332,0,0,0,0,1,0,0,0,0,0,0,0.0,0.0,0.0,0.0,0.0,0.0,0.0,0.0,0.0,0.0,0.0,0.0,0.0,0.0,-2,-2
572,1,-1,6.356478691101074,6.188620567321777,0.7786537408828735,0,0,0,0,1,0,0,0,0,86,20.0,50,39.43650793650775,0,0,0,0,1,0,0,0,0,0,0,0.0,0.0,0.0,0.0,0.0,0.0,0.0,0.0,0.0,0.0,0.0,0.0,0.0,0.0,-2,-2
571,1,-1,7.544166088104247,7.360273838043213,0.7780759930610657,0,0,0,0,1,0,0,0,0,86,20.0,50,39.04761904761885,0,0,0,0,1,0,0,0,0,0,0,0.0,0.0,0.0,0.0,0.0,0.0,0.0,0.0,0.0,0.0,0.0,0.0,0.0,0.0,-2,-2
