remaining_time,robot_mode,alarm,robot_x,robot_y,robot_theta,tree 1,tree 2,tree 3,tree 4,tree 5,tree 6,tree 7,tree 8,tree 9,battery_level,temperature,water_robot_tank,water_ground_tank,leak 1,leak 2,leak 3,leak 4,leak 5,leak 6,leak 7,leak 8,leak 9,direction,avancement,left,right,push,wrench,leak 1,leak 2,leak 3,leak 4,leak 5,leak 6,leak 7,leak 8,leak 9,rm_alarm,errors,shortcuts
390,1,-1,0.6538319587707521,-11.32975959777832,-1.4058637619018557,0,1,1,1,1,0,1,1,1,81,20.0,40,48.07936507936441,0,0,0,0,0,0,0,0,0,0.0,-0.9533333333333333,0.0,0.0,0.0,0.0,0.0,0.0,0.0,0.0,0.0,0.0,0.0,0.0,0.0,0.0,-2,-2
389,1,-1,0.6538319587707521,-11.32975959777832,-1.4058637619018557,0,1,1,1,1,0,1,1,1,81,20.0,40,48.07936507936441,0,0,0,0,0,0,0,0,0,0.0,-2.86,0.0,0.0,0.0,0.0,0.0,0.0,0.0,0.0,0.0,0.0,0.0,0.0,0.0,0.0,-2,-2
388,1,-1,0.5037780404090881,-10.44076442718506,-1.8128550052642824,0,1,1,1,1,0,1,1,1,80,20.0,50,38.07936507936441,0,0,0,0,0,0,0,0,0,0,0,0.0,1.0,0.0,0.0,0.0,0.0,0.0,0.0,0.0,0.0,0.0,0.0,0.0,0.0,-2,-2
387,1,-1,0.4984714984893799,-10.441587448120117,-2.312164783477783,0,1,1,1,1,0,1,1,1,80,20.0,70,18.079365079364408,0,0,0,0,0,0,0,0,0,0,0,0.0,0.0,0.0,0.0,0.0,0.0,0.0,0.0,0.0,0.0,0.0,0.0,0.0,0.0,-2,-2
386,1,-1,0.4972846210002899,-10.444110870361328,-2.8062856197357178,0,1,1,1,1,0,1,1,1,79,20.0,80,8.079365079364408,0,0,0,0,0,0,0,0,0,0,0,0.0,1.0,0.0,0.0,0.0,0.0,0.0,0.0,0.0,0.0,0.0,0.0,0.0,0.0,-2,-2
385,1,6,0.4926769733428955,-10.445245742797852,2.953044414520264,0,1,1,1,1,0,1,1,1,79,20.0,80,8.079365079364408,0,0,0,0,0,0,0,0,0,0,0,0.0,0.0,0.0,0.0,0.0,0.0,0.0,0.0,0.0,0.0,0.0,0.0,0.0,0.0,-2,-2
384,1,-1,0.4864282608032226,-10.44435977935791,2.5072052478790283,0,1,1,1,1,0,1,1,1,78,20.0,80,8.079365079364408,0,0,0,0,0,0,0,0,0,0,0,0.0,0.0,0.0,0.0,0.0,0.0,0.0,0.0,0.0,0.0,0.0,0.0,0.0,0.0,-2,-2
383,1,-1,0.3864962458610535,-10.359980583190918,2.4191725254058842,0,1,1,1,1,0,1,1,1,78,20.0,80,8.079365079364408,0,0,0,0,0,0,0,0,0,0,0,0.0,0.0,1.0,0.0,0.0,0.0,0.0,0.0,0.0,0.0,0.0,0.0,0.0,1.0,-2,-2
382,1,-1,0.30160969495773315,-10.28522777557373,2.412648677825928,0,1,1,1,1,0,1,1,1,77,20.0,80,8.079365079364408,0,0,0,0,0,0,0,0,0,0,0,0.0,0.0,0.0,0.0,0.0,0.0,0.0,0.0,0.0,0.0,0.0,0.0,0.0,0.0,-2,-2
381,1,-1,0.2394275367259979,-10.229724884033203,2.4117374420166016,0,1,1,1,1,0,1,1,1,77,20.0,80,8.079365079364408,0,0,0,0,0,0,0,0,0,0,0,0.0,0.0,0.0,0.0,0.0,0.0,0.0,0.0,0.0,0.0,0.0,0.0,0.0,0.0,-2,-2
