remaining_time,robot_mode,alarm,robot_x,robot_y,robot_theta,tree 1,tree 2,tree 3,tree 4,tree 5,tree 6,tree 7,tree 8,tree 9,battery_level,temperature,water_robot_tank,water_ground_tank,leak 1,leak 2,leak 3,leak 4,leak 5,leak 6,leak 7,leak 8,leak 9,direction,avancement,left,right,push,wrench,leak 1,leak 2,leak 3,leak 4,leak 5,leak 6,leak 7,leak 8,leak 9,rm_alarm,errors,shortcuts
400,1,-1,-2.103098630905152,8.926063537597656,1.789507508277893,0,1,1,0,0,1,1,1,0,26,49.1860747388248,30,100.0,0,0,0,0,0,0,0,0,0,-0.47700000000000004,0.286,0.0,0.0,0.0,0.0,0.0,0.0,0.0,0.0,0.0,0.0,0.0,0.0,0.0,0.0, -1, -1
399,1,-1,-2.103098630905152,8.926063537597656,1.789507508277893,0,1,1,0,0,1,1,1,0,26,49.1860747388248,30,100.0,0,0,0,0,0,0,0,0,0,-0.318,1.144,0.0,0.0,0.0,0.0,0.0,0.0,0.0,0.0,0.0,0.0,0.0,0.0,0.0,0.0, -1, -1
398,1,4,-2.236234426498413,9.532577514648438,1.4210504293441772,0,1,1,0,0,1,1,1,0,25,45.85274140549147,30,100.0,0,0,0,0,0,0,0,0,0,0,0,0.0,1.0,0.0,0.0,0.0,0.0,0.0,0.0,0.0,0.0,0.0,0.0,0.0,0.0, -1,1
397,1,-1,-1.971296310424805,10.582212448120117,1.3198015689849854,0,1,1,0,0,1,1,1,0,25,42.51940807215814,30,100.0,0,0,0,0,0,0,0,0,0,0,0,0.0,0.0,0.0,0.0,0.0,0.0,0.0,0.0,0.0,0.0,0.0,0.0,0.0,0.0, -1, -1
396,1,-1,-1.6766849756240845,11.678044319152832,1.30427885055542,0,1,1,0,0,1,1,1,0,24,41.096354568744246,30,100.0,0,0,0,0,0,0,0,0,0,0,0,0.0,0.0,0.0,0.0,0.0,0.0,0.0,0.0,0.0,0.0,0.0,0.0,0.0,0.0, -1, -1
395,1,-1,-1.4556649923324585,12.478870391845705,1.2938075065612793,0,0,1,0,0,1,1,1,0,24,37.76302123541092,20,99.88888888888887,0,0,0,1,0,0,0,0,0,0,0,0.0,0.0,0.0,0.0,0.0,0.0,0.0,0.0,0.0,0.0,0.0,0.0,0.0,1.0, click, -1
394,1,-1,-1.2880529165267944,13.063965797424315,1.285558581352234,0,0,1,0,0,1,1,1,0,23,34.42968790207759,20,99.33333333333331,0,0,0,1,0,0,0,0,0,0,0,0.0,0.0,0.0,0.0,0.0,0.0,0.0,0.0,0.0,0.0,0.0,0.0,0.0,0.0, -1, -1
393,1,-1,-1.695193886756897,11.656201362609865,1.2914886474609375,0,0,1,0,0,1,1,1,0,23,31.096354568744246,20,98.99999999999996,0,0,0,0,0,0,0,0,0,0,0,0.0,0.0,0.0,1.0,0.0,0.0,0.0,1.0,0.0,0.0,0.0,0.0,0.0,0.0, -1,1
392,1,-1,-2.082336902618408,10.309974670410156,1.2891292572021484,0,0,1,0,0,1,1,1,0,22,27.763021235410918,20,98.99999999999996,0,0,0,0,0,0,0,0,0,0,0,0.0,0.0,0.0,0.0,0.0,0.0,0.0,0.0,0.0,0.0,0.0,0.0,0.0,0.0, -1, -1
391,1,-1,-2.26123595237732,11.358502388000488,1.8062424659729004,0,0,1,0,0,1,1,1,0,22,24.429687902077582,20,98.99999999999996,0,0,0,0,0,0,0,0,0,0,0,0.0,0.0,0.0,0.0,0.0,0.0,0.0,0.0,0.0,0.0,0.0,0.0,0.0,0.0, -1, -1
