remaining_time,robot_mode,alarm,robot_x,robot_y,robot_theta,tree 1,tree 2,tree 3,tree 4,tree 5,tree 6,tree 7,tree 8,tree 9,battery_level,temperature,water_robot_tank,water_ground_tank,leak 1,leak 2,leak 3,leak 4,leak 5,leak 6,leak 7,leak 8,leak 9,direction,avancement,left,right,push,wrench,leak 1,leak 2,leak 3,leak 4,leak 5,leak 6,leak 7,leak 8,leak 9,rm_alarm,errors,shortcuts
480,1,-1,8.972920417785645,13.59758758544922,-2.777282476425171,0,0,0,1,1,1,0,0,0,97,20.0,10,44.92857142857131,0,0,0,0,0,0,0,0,0,0,0,0.0,0.0,0.0,0.0,0.0,0.0,0.0,0.0,0.0,0.0,0.0,0.0,0.0,0.0,-2,-2
479,1,-1,7.413262367248535,13.004401206970215,-2.780761957168579,0,0,0,1,1,1,0,0,0,97,20.0,10,48.357142857142726,0,0,0,0,0,0,0,0,0,0,0,0.0,0.0,1.0,0.0,0.0,0.0,0.0,0.0,0.0,0.0,0.0,0.0,0.0,0.0,-2,-2
478,1,-1,5.847860813140869,12.427217483520508,-2.796786069869995,0,0,0,1,1,1,0,0,0,96,20.0,10,49.07142857142845,0,0,0,0,0,0,0,0,0,0,0,0.0,0.0,1.0,0.0,0.0,0.0,0.0,0.0,0.0,0.0,0.0,0.0,0.0,0.0,-2,-2
477,1,-1,4.2772860527038565,11.863202095031738,-2.7959742546081543,0,0,0,1,1,1,0,0,0,96,20.0,10,49.07142857142845,0,0,0,0,0,0,0,0,0,0,0,0.0,0.0,0.0,0.0,0.0,0.0,0.0,0.0,0.0,0.0,0.0,0.0,0.0,0.0,-2,-2
476,1,-1,2.8281154632568364,11.343076705932615,-2.7974989414215092,0,0,0,1,1,1,0,0,0,95,20.0,10,49.07142857142845,0,0,0,0,0,0,0,0,0,0,0,0.0,0.0,0.0,0.0,0.0,0.0,0.0,0.0,0.0,0.0,0.0,0.0,0.0,0.0,-2,-2
475,1,-1,1.7494187355041504,10.967212677001953,-2.807979822158813,0,0,0,1,1,1,0,0,0,95,20.0,10,49.07142857142845,0,0,0,0,0,0,0,0,0,0,0,0.0,0.0,0.0,0.0,0.0,0.0,0.0,0.0,0.0,0.0,0.0,0.0,0.0,0.0,-2,-2
474,1,-1,0.95738685131073,10.701274871826172,-2.8176453113555913,0,0,0,1,0,1,0,0,0,94,20.0,0,49.07142857142845,0,0,0,0,0,0,0,0,0,0,0,0.0,0.0,0.0,0.0,0.0,0.0,0.0,0.0,0.0,0.0,0.0,0.0,0.0,0.0,-2,-2
473,1,-1,0.389541894197464,10.515978813171387,-2.828319311141968,0,0,0,1,0,1,0,0,0,94,20.0,0,49.07142857142845,0,0,0,0,0,0,0,0,0,0.53,0.0,0.0,0.0,0.0,0.0,0.0,0.0,0.0,0.0,0.0,0.0,0.0,0.0,0.0,0.0,-2,-2
472,1,-1,2.36816954612732,11.156670570373537,-2.82800030708313,0,0,0,1,0,1,0,0,0,93,20.0,0,49.07142857142845,0,0,0,0,0,0,0,0,0,0.53,0.0,0.0,0.0,0.0,0.0,0.0,0.0,0.0,0.0,0.0,0.0,0.0,0.0,0.0,0.0,-2,-2
471,1,-1,2.36816954612732,11.156670570373537,-2.82800030708313,0,0,0,1,0,1,0,0,0,93,20.0,0,49.07142857142845,0,0,0,0,0,0,0,0,0,0,0,0.0,0.0,0.0,0.0,0.0,0.0,0.0,0.0,0.0,0.0,0.0,0.0,0.0,0.0,-2,-2
