remaining_time,robot_mode,alarm,robot_x,robot_y,robot_theta,tree 1,tree 2,tree 3,tree 4,tree 5,tree 6,tree 7,tree 8,tree 9,battery_level,temperature,water_robot_tank,water_ground_tank,leak 1,leak 2,leak 3,leak 4,leak 5,leak 6,leak 7,leak 8,leak 9,direction,avancement,left,right,push,wrench,leak 1,leak 2,leak 3,leak 4,leak 5,leak 6,leak 7,leak 8,leak 9,rm_alarm,errors,shortcuts
520,1,-1,1.3766196966171265,14.188785552978516,1.5992710590362549,0,1,0,0,0,1,0,0,0,60,74.21406395528248,60,11.706349206349186,0,1,0,0,0,0,0,0,0,0,0,0.0,0.0,0.0,0.0,0.0,0.0,0.0,0.0,0.0,0.0,0.0,0.0,0.0,0.0,-2,-2
519,1,-1,1.3750193119049072,14.188863754272461,2.1295762062072754,0,1,0,1,0,1,0,0,0,60,79.65551497910653,60,11.150793650793634,0,1,0,0,0,0,0,0,0,0,0,0.0,0.0,0.0,0.0,0.0,0.0,0.0,0.0,0.0,0.0,0.0,0.0,0.0,0.0,-2,-2
518,1,-1,1.3725394010543823,14.18932056427002,2.671103954315185,0,0,0,1,0,1,0,0,0,59,76.3221816457732,50,10.59523809523808,0,1,0,0,0,0,0,0,0,0,0,0.0,1.0,0.0,0.0,0.0,0.0,0.0,0.0,0.0,0.0,0.0,0.0,0.0,0.0,-2,-2
517,1,-1,1.0976932048797607,14.276793479919435,2.860734701156616,0,0,0,1,0,1,0,0,0,59,69.65551497910654,50,10.238095238095225,0,1,0,0,0,0,0,0,0,0,0,1.0,0.0,1.0,0.0,0.0,0.0,0.0,0.0,0.0,0.0,0.0,0.0,0.0,0.0,-2,-2
516,1,-1,3.1863918304443364,13.673747062683105,2.8605101108551025,0,0,0,1,0,1,0,0,0,58,66.3221816457732,50,9.960317460317448,0,1,0,0,0,0,0,0,0,0,0,1.0,0.0,0.0,0.0,0.0,0.0,0.0,0.0,0.0,0.0,0.0,0.0,0.0,0.0,-2,-2
515,1,-1,3.1863918304443364,13.673747062683105,2.8605101108551025,0,0,0,1,0,1,0,0,0,58,66.3221816457732,50,13.968253968253961,0,1,0,0,0,0,0,0,0,0,0,0.0,0.0,0.0,0.0,0.0,0.0,0.0,0.0,0.0,0.0,0.0,0.0,0.0,0.0,-2,-2
514,1,-1,3.3366205692291264,13.630114555358887,-3.017622232437134,0,0,0,1,0,1,0,0,0,57,62.988848312439885,50,17.26190476190475,0,1,0,0,0,0,0,0,0,0,0,1.0,1.0,0.0,0.0,0.0,0.0,0.0,0.0,0.0,0.0,0.0,0.0,0.0,0.0,-2,-2
513,1,-1,3.3349545001983643,13.62867546081543,-2.4891915321350098,0,1,0,1,0,1,0,0,0,57,59.655514979106556,50,19.841269841269828,0,1,0,0,0,0,0,0,0,0,0,0.0,0.0,0.0,0.0,0.0,0.0,0.0,0.0,0.0,0.0,0.0,0.0,0.0,0.0,-2,-2
512,1,-1,2.667250871658325,12.920313835144045,-2.30392861366272,0,1,0,1,0,1,0,0,0,56,56.32218164577324,50,21.706349206349177,0,1,0,0,0,0,0,0,0,0,0,0.0,0.0,0.0,0.0,0.0,0.0,0.0,0.0,0.0,0.0,0.0,0.0,0.0,0.0,-2,-2
511,1,-1,1.5516293048858645,11.679178237915039,-2.3031506538391118,0,1,0,1,0,1,0,0,0,56,52.98884831243991,50,26.42857142857139,0,1,0,0,0,0,0,0,0,0,0,0.0,0.0,1.0,0.0,0.0,0.0,0.0,0.0,0.0,0.0,0.0,0.0,0.0,0.0,-2,-2
