remaining_time,robot_mode,alarm,robot_x,robot_y,robot_theta,tree 1,tree 2,tree 3,tree 4,tree 5,tree 6,tree 7,tree 8,tree 9,battery_level,temperature,water_robot_tank,water_ground_tank,leak 1,leak 2,leak 3,leak 4,leak 5,leak 6,leak 7,leak 8,leak 9,direction,avancement,left,right,push,wrench,leak 1,leak 2,leak 3,leak 4,leak 5,leak 6,leak 7,leak 8,leak 9,rm_alarm,errors,shortcuts
500,1,-1,-2.60430121421814,10.028169631958008,-2.1370046138763428,0,1,0,0,0,1,0,0,0,50,51.87421023359913,30,40.706349206349174,0,0,0,1,0,0,0,0,0,-0.53,0.0,0.0,0.0,0.0,0.0,0.0,0.0,0.0,0.0,0.0,0.0,0.0,0.0,0.0,0.0,-2,-2
499,1,-1,-2.60430121421814,10.028169631958008,-2.1370046138763428,0,1,0,0,0,1,0,0,0,50,51.87421023359913,30,40.1507936507936,0,0,0,1,0,0,0,0,0,-0.53,0.0,0.0,0.0,0.0,0.0,0.0,0.0,0.0,0.0,0.0,0.0,0.0,0.0,0.0,0.0,-2,-2
498,1,-1,-2.603954792022705,10.025976181030273,-2.914234399795532,0,1,0,0,0,1,0,1,0,49,48.5408769002658,30,39.59523809523802,0,0,0,1,0,0,0,0,0,-0.53,0.0,0.0,1.0,0.0,0.0,0.0,0.0,0.0,0.0,0.0,0.0,0.0,0.0,0.0,0.0,-2,-2
497,1,-1,-2.602940559387207,10.027152061462402,2.84922456741333,0,1,0,0,0,1,0,1,0,49,45.20754356693247,30,39.03968253968245,0,0,0,1,0,0,0,0,0,0,0,0.0,0.0,0.0,0.0,0.0,0.0,0.0,0.0,0.0,0.0,0.0,0.0,0.0,0.0,-2,-2
496,1,-1,-2.602212429046631,10.028119087219238,2.324646472930908,0,1,0,0,0,1,0,1,0,48,41.87421023359914,30,38.48412698412688,0,0,0,1,0,0,0,0,0,0,0,0.0,1.0,0.0,0.0,0.0,0.0,0.0,0.0,0.0,0.0,0.0,0.0,0.0,0.0,-2,-2
495,1,-1,-2.600683689117432,10.028209686279297,1.7898008823394775,0,1,0,0,0,1,0,1,0,48,38.540876900265815,30,38.03968253968241,0,0,0,0,0,0,0,0,0,0,0,0.0,0.0,0.0,1.0,0.0,0.0,0.0,1.0,0.0,0.0,0.0,0.0,0.0,0.0,-2,-2
494,1,-1,-2.5989749431610107,10.028900146484377,1.3047738075256348,0,1,0,0,0,1,0,1,0,47,35.207543566932486,30,41.03968253968241,0,0,0,0,0,0,0,0,0,0,0,1.0,0.0,1.0,0.0,0.0,0.0,0.0,0.0,0.0,0.0,0.0,0.0,0.0,0.0,-2,-2
493,1,-1,-2.233948945999145,11.036803245544434,1.2157272100448608,0,1,0,0,0,1,0,1,0,47,31.87421023359915,30,45.3253968253967,0,0,0,0,0,0,0,0,0,0,0,0.0,0.0,0.0,0.0,0.0,0.0,0.0,0.0,0.0,0.0,0.0,0.0,0.0,0.0,-2,-2
492,1,-1,-1.8710105419158936,12.014795303344727,1.213780403137207,0,0,1,0,0,1,0,1,0,46,28.540876900265815,20,48.182539682539556,0,0,0,0,0,0,0,0,0,0,0,1.0,0.0,0.0,0.0,0.0,0.0,0.0,0.0,0.0,0.0,0.0,0.0,0.0,0.0,-2,-2
491,1,-1,-1.5982171297073364,12.727805137634276,1.2033840417861938,0,0,1,0,0,1,0,1,0,46,21.874210233599136,20,49.3253968253967,0,0,0,0,0,0,0,0,0,0,0,1.0,0.0,0.0,0.0,0.0,0.0,0.0,0.0,0.0,0.0,0.0,0.0,0.0,0.0,-2,-2
