remaining_time,robot_mode,alarm,robot_x,robot_y,robot_theta,tree 1,tree 2,tree 3,tree 4,tree 5,tree 6,tree 7,tree 8,tree 9,battery_level,temperature,water_robot_tank,water_ground_tank,leak 1,leak 2,leak 3,leak 4,leak 5,leak 6,leak 7,leak 8,leak 9,direction,avancement,left,right,push,wrench,leak 1,leak 2,leak 3,leak 4,leak 5,leak 6,leak 7,leak 8,leak 9,rm_alarm,errors,shortcuts
570,1,-1,11.123648643493652,9.625926971435547,0.9018293023109436,0,0,0,0,0,0,0,0,1,85,20.0,50,99.44444444444444,0,0,0,0,0,1,0,0,0,0,0,1.0,0.0,0.0,0.0,0.0,0.0,0.0,0.0,0.0,0.0,0.0,0.0,0.0,0.0,-2,-2
569,1,4,12.143516540527346,10.947484016418457,0.9157080054283142,0,0,0,0,0,0,0,0,1,85,20.0,50,98.88888888888886,0,0,0,0,0,1,0,0,0,0.53,0.0,0.0,0.0,0.0,0.0,0.0,0.0,0.0,0.0,0.0,0.0,0.0,0.0,0.0,0.0,-2,-2
568,1,-1,13.141691207885742,12.25137710571289,0.9269848465919496,0,0,0,0,0,0,0,0,1,84,20.0,50,98.33333333333329,0,0,0,0,0,1,0,0,0,0,0,0.0,0.0,1.0,0.0,0.0,0.0,0.0,0.0,0.0,0.0,0.0,0.0,0.0,0.0,-2,-2
567,1,-1,13.917201042175293,13.286776542663574,0.9288635849952698,1,0,0,0,0,0,0,0,1,84,20.0,50,97.77777777777771,0,0,0,0,0,1,0,0,0,0,0,0.0,0.0,0.0,0.0,0.0,0.0,0.0,0.0,0.0,0.0,0.0,0.0,0.0,1.0,-2,-2
566,1,-1,14.476123809814453,14.05025863647461,0.9420213103294371,1,0,0,0,0,0,0,0,1,83,20.0,50,97.22222222222214,0,0,0,0,0,1,0,0,0,0,0,1.0,0.0,0.0,0.0,0.0,0.0,0.0,0.0,0.0,0.0,0.0,0.0,0.0,0.0,-2,-2
565,1,-1,14.878110885620115,14.606966972351074,0.9556120038032532,1,0,0,0,0,0,0,0,1,83,20.0,50,96.66666666666657,0,0,0,0,0,1,0,0,0,0,0,0.0,1.0,0.0,0.0,0.0,0.0,0.0,0.0,0.0,0.0,0.0,0.0,0.0,0.0,-2,-2
564,1,-1,15.174083709716795,15.023784637451172,0.9655667543411256,1,0,1,0,0,0,0,0,1,82,20.0,50,96.11111111111099,0,0,0,0,0,1,0,0,0,0,0,0.0,0.0,0.0,0.0,0.0,0.0,0.0,0.0,0.0,0.0,0.0,0.0,0.0,0.0,-2,-2
563,1,-1,15.38670539855957,15.324671745300293,0.9772126078605652,1,0,1,0,0,0,0,0,1,82,20.0,50,95.55555555555544,0,0,0,0,0,1,0,0,0,0,0,1.0,0.0,0.0,0.0,0.0,0.0,0.0,0.0,0.0,0.0,0.0,0.0,0.0,0.0,-2,-2
562,1,-1,15.54151439666748,15.553942680358887,0.9847818613052368,1,0,1,0,0,0,0,0,1,91,20.0,50,95.59523809523796,0,0,0,0,0,1,0,0,0,0,0,0.0,1.0,0.0,0.0,0.0,0.0,0.0,0.0,0.0,0.0,0.0,0.0,0.0,0.0,-2,-2
561,1,-1,15.654410362243652,15.723528861999512,0.9889794588088988,1,0,1,0,0,0,0,0,1,100,20.0,50,96.46031746031728,0,0,0,0,0,1,0,0,0,0,0,0.0,1.0,1.0,0.0,0.0,0.0,0.0,0.0,0.0,0.0,0.0,0.0,0.0,0.0,-2,-2
