remaining_time,robot_mode,alarm,robot_x,robot_y,robot_theta,tree 1,tree 2,tree 3,tree 4,tree 5,tree 6,tree 7,tree 8,tree 9,battery_level,temperature,water_robot_tank,water_ground_tank,leak 1,leak 2,leak 3,leak 4,leak 5,leak 6,leak 7,leak 8,leak 9,direction,avancement,left,right,push,wrench,leak 1,leak 2,leak 3,leak 4,leak 5,leak 6,leak 7,leak 8,leak 9,rm_alarm,errors,shortcuts
390,1,-1,2.9588184356689453,2.9813246726989746,-0.8942411541938782,1,0,1,1,0,1,1,0,1,92,20.0,30,31.174603174602648,0,0,0,1,0,0,0,0,0,0.0,2.86,1.0,0.0,0.0,0.0,0.0,0.0,0.0,0.0,0.0,0.0,0.0,0.0,0.0,0.0, -1,1
389,1,-1,2.9588184356689453,2.9813246726989746,-0.8942411541938782,1,0,1,1,0,1,1,0,1,92,20.0,30,34.75396825396772,0,0,0,1,0,0,0,0,0,0.0,2.86,0.0,0.0,0.0,1.0,0.0,0.0,0.0,0.0,0.0,0.0,0.0,0.0,0.0,0.0, -1,1
388,1,-1,4.335525035858153,1.2678881883621216,-0.450881153345108,1,0,1,1,0,1,1,0,1,91,20.0,30,37.619047619047066,0,0,0,1,0,0,0,0,0,0.0,2.86,0.0,0.0,0.0,0.0,0.0,0.0,0.0,0.0,0.0,0.0,0.0,0.0,0.0,0.0, click, -1
387,1,-1,4.3360934257507315,1.2670525312423706,0.06626367568969728,1,0,1,1,0,1,1,0,1,91,20.0,30,39.02380952380897,0,0,0,0,0,0,0,0,0,0,0,0.0,1.0,0.0,0.0,0.0,0.0,0.0,1.0,0.0,0.0,0.0,0.0,0.0,0.0, click,2
386,1,-1,4.3357367515563965,1.267994999885559,0.6440137624740601,1,0,1,1,0,1,1,0,1,90,20.0,30,40.309523809523256,0,0,0,0,0,0,0,0,0,0,0,1.0,0.0,1.0,0.0,0.0,0.0,0.0,0.0,0.0,0.0,0.0,0.0,0.0,0.0, -1,2
385,1,-1,4.3357324600219735,1.2694387435913086,1.1990115642547607,1,0,1,1,0,1,1,0,1,90,20.0,30,40.309523809523256,0,0,0,0,0,0,0,0,0,0,0,0.0,1.0,1.0,0.0,0.0,0.0,0.0,0.0,0.0,0.0,0.0,0.0,0.0,0.0, -1,4
384,1,-1,4.361464977264403,1.5752650499343872,1.5045206546783447,1,0,1,1,0,1,1,0,1,89,20.0,30,42.88095238095182,0,0,0,0,0,0,0,0,0,0,0,0.0,0.0,0.0,0.0,0.0,0.0,0.0,0.0,0.0,0.0,0.0,0.0,0.0,0.0, -1, -1
383,1,-1,4.429545879364014,3.2429018020629883,1.5361177921295166,1,0,1,1,0,1,1,0,1,89,20.0,30,47.023809523808964,0,0,0,0,0,0,0,0,0,0,0,1.0,0.0,1.0,0.0,0.0,0.0,0.0,0.0,0.0,0.0,0.0,0.0,0.0,0.0, -1,5
382,1,-1,4.4869818687438965,4.910239219665527,1.5363507270812988,1,0,1,1,0,1,1,0,1,88,20.0,30,51.30952380952324,0,0,0,0,0,0,0,0,0,0,0,0.0,1.0,1.0,0.0,0.0,0.0,0.0,0.0,0.0,0.0,0.0,0.0,0.0,0.0, -1,3
381,1,-1,4.545237064361572,6.577906608581543,1.541837215423584,1,0,1,1,0,1,1,0,1,88,20.0,30,54.88095238095181,0,0,0,0,0,0,0,0,0,0,0,1.0,0.0,1.0,0.0,0.0,0.0,0.0,0.0,0.0,0.0,0.0,0.0,0.0,0.0, -1,2
