remaining_time,robot_mode,alarm,robot_x,robot_y,robot_theta,tree 1,tree 2,tree 3,tree 4,tree 5,tree 6,tree 7,tree 8,tree 9,battery_level,temperature,water_robot_tank,water_ground_tank,leak 1,leak 2,leak 3,leak 4,leak 5,leak 6,leak 7,leak 8,leak 9,direction,avancement,left,right,push,wrench,leak 1,leak 2,leak 3,leak 4,leak 5,leak 6,leak 7,leak 8,leak 9,rm_alarm,errors,shortcuts
420,1,-1,-11.38054656982422,-13.107108116149902,-0.13129496574401855,1,1,1,0,1,0,1,1,1,10,20.0,10,0.6904761904758521,0,0,0,1,1,1,1,1,1,0,0,0.0,0.0,0.0,0.0,0.0,0.0,0.0,0.0,0.0,0.0,0.0,0.0,0.0,0.0, -1, -1
419,1,-1,-11.38054656982422,-13.107108116149902,-0.13124532997608185,1,1,1,0,1,0,1,1,1,10,20.0,10,0.6904761904758521,0,0,0,1,1,1,1,1,1,0,0,0.0,0.0,0.0,0.0,0.0,0.0,0.0,0.0,0.0,0.0,0.0,0.0,0.0,0.0, -1, -1
418,1,-1,-11.38054656982422,-13.107108116149902,-0.13119573891162872,1,1,1,0,1,0,1,1,1,9,20.0,10,0.6904761904758521,0,0,0,1,1,1,1,1,1,0,0,0.0,0.0,0.0,0.0,0.0,0.0,0.0,0.0,0.0,0.0,0.0,0.0,0.0,0.0, -1, -1
417,1,-1,-11.38054656982422,-13.107108116149902,-0.13114631175994873,1,1,1,0,1,0,1,1,1,9,20.0,10,0.6904761904758521,0,0,0,1,1,1,1,1,1,0,0,0.0,0.0,0.0,0.0,0.0,0.0,0.0,0.0,0.0,0.0,0.0,0.0,0.0,0.0, -1, -1
416,1,-1,-11.38054656982422,-13.107108116149902,-0.13114631175994873,1,1,1,0,1,0,1,1,1,8,20.0,10,0.6904761904758521,0,0,0,1,1,1,1,1,1,0,0,0.0,0.0,0.0,0.0,0.0,0.0,0.0,0.0,0.0,0.0,0.0,0.0,0.0,0.0, -1, -1
415,1,-1,-11.378042221069336,-13.107335090637207,0.2905727326869965,1,1,1,0,1,0,1,1,1,8,20.0,10,0.6904761904758521,0,0,0,1,1,1,1,1,1,0,0,0.0,0.0,0.0,0.0,0.0,0.0,0.0,0.0,0.0,0.0,0.0,0.0,0.0,0.0, -1, -1
414,1,-1,-11.37893295288086,-13.11032009124756,0.7445235848426819,1,1,1,0,1,0,1,1,1,7,20.0,10,0.6904761904758521,0,0,0,1,1,1,1,1,1,0,0,0.0,0.0,0.0,0.0,0.0,0.0,0.0,0.0,0.0,0.0,0.0,0.0,0.0,0.0, -1, -1
413,1,-1,-10.222633361816406,-11.946192741394045,0.7972278594970703,1,1,1,0,1,0,1,1,1,7,20.0,10,0.6904761904758521,0,0,0,1,1,1,1,1,1,0,0,0.0,0.0,0.0,0.0,0.0,0.0,0.0,0.0,0.0,0.0,0.0,0.0,0.0,0.0, -1, -1
412,1,-1,-9.057039260864258,-10.752239227294922,0.7963442206382751,1,1,1,0,1,0,1,1,1,6,20.0,10,0.6904761904758521,0,0,0,1,1,1,1,1,1,0,0,0.0,0.0,0.0,0.0,0.0,0.0,0.0,0.0,0.0,0.0,0.0,0.0,0.0,0.0, -1, -1
411,1,-1,-7.889627933502197,-9.560341835021973,0.7945993542671204,1,1,1,0,1,0,1,1,1,6,20.0,10,0.6904761904758521,0,0,0,1,1,1,1,1,1,0,0,0.0,0.0,0.0,0.0,0.0,0.0,0.0,0.0,0.0,0.0,0.0,0.0,0.0,0.0, -1, -1
