remaining_time,robot_mode,alarm,robot_x,robot_y,robot_theta,tree 1,tree 2,tree 3,tree 4,tree 5,tree 6,tree 7,tree 8,tree 9,battery_level,temperature,water_robot_tank,water_ground_tank,leak 1,leak 2,leak 3,leak 4,leak 5,leak 6,leak 7,leak 8,leak 9,direction,avancement,left,right,push,wrench,leak 1,leak 2,leak 3,leak 4,leak 5,leak 6,leak 7,leak 8,leak 9,rm_alarm,errors,shortcuts
440,1,-1,2.5151705741882324,-8.262523651123049,1.056496262550354,1,1,1,1,0,1,1,0,1,20,20.0,60,28.849206349205662,0,0,0,0,0,0,0,0,0,0.0,2.86,0.0,0.0,0.0,0.0,0.0,0.0,0.0,0.0,0.0,0.0,0.0,0.0,0.0,0.0,-2,-2
439,1,-1,2.9157555103302,-7.555916786193848,1.0533573627471924,1,1,1,1,0,1,1,0,1,20,20.0,60,29.849206349205662,0,0,0,0,0,0,0,0,0,0.0,2.86,0.0,0.0,0.0,0.0,0.0,0.0,0.0,0.0,0.0,0.0,0.0,0.0,0.0,0.0,-2,-2
438,1,-1,2.9157555103302,-7.555916786193848,1.0534344911575315,1,1,1,1,0,1,1,0,1,19,20.0,60,30.42063492063423,0,0,0,0,0,0,0,0,0,0.0,2.86,0.0,0.0,0.0,0.0,0.0,0.0,0.0,0.0,0.0,0.0,0.0,0.0,0.0,0.0,-2,-2
437,1,-1,2.9157555103302,-7.555916786193848,1.0534344911575315,1,1,1,1,0,1,1,0,1,19,20.0,60,31.13492063491994,0,0,0,0,0,0,0,0,0,0.0,2.86,0.0,0.0,0.0,0.0,0.0,0.0,0.0,0.0,0.0,0.0,0.0,0.0,0.0,0.0,-2,-2
436,1,-1,3.615379095077514,-6.321706771850586,1.056140661239624,1,1,1,1,0,1,1,0,1,18,20.0,60,31.420634920634228,0,0,0,0,0,0,0,0,0,0.0,2.86,0.0,0.0,0.0,0.0,0.0,0.0,0.0,0.0,0.0,0.0,0.0,0.0,0.0,0.0,-2,-2
435,1,4,4.438032627105713,-4.870483875274658,1.0540872812271118,1,1,1,1,0,1,1,0,1,18,20.0,60,31.420634920634228,0,0,0,0,0,0,0,0,0,-0.53,0.0,0.0,0.0,0.0,0.0,0.0,0.0,0.0,0.0,0.0,0.0,0.0,0.0,0.0,0.0,-2,-2
434,1,-1,5.266622066497803,-3.4227266311645512,1.0503010749816897,1,1,1,1,0,1,1,0,1,17,20.0,60,31.420634920634228,0,0,0,0,0,0,0,0,0,0,0,0.0,0.0,0.0,0.0,0.0,0.0,0.0,0.0,0.0,0.0,0.0,0.0,0.0,0.0,-2,-2
433,1,-1,6.092781066894531,-1.9728453159332275,1.0535237789154053,1,1,1,1,0,1,1,0,1,17,20.0,60,31.420634920634228,0,0,0,0,0,0,0,0,0,0,0,0.0,1.0,0.0,0.0,0.0,0.0,0.0,0.0,0.0,0.0,0.0,0.0,0.0,1.0,-2,-2
432,1,-1,6.9227867126464835,-0.5252069234848022,1.0515357255935671,1,1,1,1,0,1,1,0,1,16,20.0,60,31.420634920634228,0,0,0,0,0,0,0,0,0,0,0,0.0,0.0,0.0,0.0,0.0,0.0,0.0,0.0,0.0,0.0,0.0,0.0,0.0,0.0,-2,-2
431,1,-1,7.739380836486816,0.8986624479293823,1.0509814023971558,1,1,1,1,0,1,1,0,1,16,20.0,60,35.42063492063423,0,0,0,0,0,0,0,0,0,0,0,0.0,0.0,1.0,0.0,0.0,0.0,0.0,0.0,0.0,0.0,0.0,0.0,0.0,0.0,-2,-2
