remaining_time,robot_mode,alarm,robot_x,robot_y,robot_theta,tree 1,tree 2,tree 3,tree 4,tree 5,tree 6,tree 7,tree 8,tree 9,battery_level,temperature,water_robot_tank,water_ground_tank,leak 1,leak 2,leak 3,leak 4,leak 5,leak 6,leak 7,leak 8,leak 9,direction,avancement,left,right,push,wrench,leak 1,leak 2,leak 3,leak 4,leak 5,leak 6,leak 7,leak 8,leak 9,rm_alarm,errors,shortcuts
300,1,-1,11.469107627868652,-12.140229225158693,2.1896924972534184,1,1,1,1,1,0,0,0,0,50,20.0,50,42.547619047619,0,0,0,0,1,0,0,0,0,0,0,0.0,0.0,1.0,0.0,0.0,0.0,0.0,0.0,0.0,0.0,0.0,0.0,0.0,0.0,-2,-2
299,1,-1,10.499774932861328,-10.781797409057617,2.18916916847229,1,1,1,1,1,0,0,0,0,50,20.0,50,45.698412698412646,0,0,0,0,1,0,0,0,0,0,0,0.0,0.0,1.0,0.0,0.0,0.0,0.0,0.0,0.0,0.0,0.0,0.0,0.0,0.0,-2,-2
298,1,-1,9.533247947692873,-9.422274589538574,2.1878602504730225,1,1,1,1,1,0,0,0,0,49,20.0,50,48.13492063492057,0,0,0,0,0,0,0,0,0,0,0,0.0,0.0,1.0,1.0,0.0,0.0,0.0,0.0,1.0,0.0,0.0,0.0,0.0,0.0,-2,-2
297,1,-1,8.568717956542969,-8.060669898986816,2.1840736865997314,1,1,1,1,1,0,0,0,0,49,20.0,50,50.134920634920576,0,0,0,0,0,0,0,0,0,0,0,0.0,0.0,1.0,0.0,0.0,0.0,0.0,0.0,0.0,0.0,0.0,0.0,0.0,0.0,-2,-2
296,1,-1,7.58951997756958,-6.675669193267822,2.1903462409973145,1,1,1,1,1,0,0,0,0,48,20.0,50,52.563492063492,0,0,0,0,0,0,0,0,0,0,0,0.0,0.0,1.0,0.0,0.0,0.0,0.0,0.0,0.0,0.0,0.0,0.0,0.0,0.0,-2,-2
295,1,-1,6.620148658752441,-5.317251682281494,2.1918981075286865,1,1,1,1,1,0,0,0,0,48,20.0,50,55.134920634920576,0,0,0,0,0,0,0,0,0,0,0,0.0,0.0,1.0,0.0,0.0,0.0,0.0,0.0,0.0,0.0,0.0,0.0,0.0,0.0,-2,-2
294,1,-1,5.6326236724853525,-3.937764883041382,2.1908941268920903,1,1,1,1,1,0,0,0,0,47,20.0,50,56.99206349206343,0,0,0,0,0,0,0,0,0,0,0,1.0,1.0,0.0,0.0,0.0,0.0,0.0,0.0,0.0,0.0,0.0,0.0,0.0,0.0,-2,-2
293,1,-1,4.646082878112793,-2.5924832820892334,2.2072548866271973,1,1,1,1,1,0,0,0,0,47,20.0,50,58.706349206349145,0,0,0,0,0,0,0,0,0,0,0,0.0,0.0,0.0,0.0,0.0,0.0,0.0,0.0,0.0,0.0,0.0,0.0,0.0,0.0,-2,-2
292,1,-1,3.687974214553833,-1.294476866722107,2.20661997795105,1,1,1,1,1,0,0,0,0,46,20.0,50,59.706349206349145,0,0,0,0,0,0,0,0,0,0,0,0.0,1.0,0.0,0.0,0.0,0.0,0.0,0.0,0.0,0.0,0.0,0.0,0.0,0.0,-2,-2
291,1,-1,2.6955809593200684,0.04652155563235283,2.207000732421875,1,1,1,1,1,0,0,0,0,46,20.0,50,61.27777777777773,0,0,0,0,0,0,0,0,0,0,0,1.0,0.0,0.0,0.0,0.0,0.0,0.0,0.0,0.0,0.0,0.0,0.0,0.0,0.0,-2,-2
