remaining_time,robot_mode,alarm,robot_x,robot_y,robot_theta,tree 1,tree 2,tree 3,tree 4,tree 5,tree 6,tree 7,tree 8,tree 9,battery_level,temperature,water_robot_tank,water_ground_tank,leak 1,leak 2,leak 3,leak 4,leak 5,leak 6,leak 7,leak 8,leak 9,direction,avancement,left,right,push,wrench,leak 1,leak 2,leak 3,leak 4,leak 5,leak 6,leak 7,leak 8,leak 9,rm_alarm,errors,shortcuts
50,1,-1,-12.294707298278807,9.402349472045898,1.328973412513733,0,1,0,1,0,1,1,0,1,23,20.0,0,3.2619047619047636,0,0,0,1,0,0,1,1,0,0.0,-2.86,0.0,0.0,0.0,0.0,0.0,0.0,0.0,0.0,0.0,0.0,0.0,0.0,0.0,0.0,-2,-2
49,1,-1,-12.466756820678713,8.706957817077638,1.3283172845840454,0,1,0,1,0,1,1,0,1,23,20.0,0,1.5952380952380971,0,0,0,1,0,0,1,1,0,0.0,-2.86,0.0,0.0,0.0,0.0,0.0,0.0,0.0,0.0,0.0,0.0,0.0,0.0,0.0,0.0,-2,-2
48,1,-1,-12.466756820678713,8.706957817077638,1.3283172845840454,0,1,0,1,0,1,1,0,1,22,20.0,0,0.9285714285714306,0,0,0,1,0,0,1,1,0,0,0,0.0,0.0,0.0,0.0,0.0,0.0,0.0,0.0,0.0,0.0,0.0,0.0,0.0,0.0,-2,-2
47,1,-1,-12.466756820678713,8.706957817077638,1.3283172845840454,0,1,0,1,0,1,1,0,1,22,20.0,0,0.9285714285714306,0,0,0,1,0,0,1,1,0,0,0,1.0,0.0,0.0,0.0,0.0,0.0,0.0,0.0,0.0,0.0,0.0,0.0,0.0,1.0,-2,-2
46,1,-1,-12.464017868041992,8.709077835083008,0.9305540919303894,0,1,0,1,0,1,1,0,1,21,20.0,0,0.9285714285714306,0,0,0,0,0,0,1,1,0,0,0,1.0,0.0,0.0,0.0,0.0,0.0,0.0,1.0,0.0,0.0,0.0,0.0,0.0,0.0,-2,-2
45,1,-1,-12.459744453430176,8.710323333740233,0.4101595878601074,0,1,0,1,0,1,1,0,1,21,20.0,0,0.9285714285714306,0,0,0,0,0,0,1,1,0,0,0,0.0,0.0,0.0,0.0,0.0,0.0,0.0,0.0,0.0,0.0,0.0,0.0,0.0,0.0,-2,-2
44,1,-1,-11.2887601852417,9.067160606384276,0.2888180315494537,0,1,0,1,0,1,1,0,1,20,20.0,0,0.9285714285714306,0,0,0,0,0,0,0,1,0,0,0,0.0,0.0,0.0,1.0,0.0,0.0,0.0,0.0,0.0,0.0,1.0,0.0,0.0,0.0,-2,-2
43,1,-1,-9.715786933898926,9.531723022460938,0.2858121991157532,0,1,0,1,0,1,1,0,1,20,20.0,0,0.9285714285714306,0,0,0,0,0,0,0,0,0,0,0,0.0,0.0,0.0,0.0,0.0,0.0,0.0,0.0,0.0,0.0,0.0,1.0,0.0,0.0,-2,-2
42,1,-1,-8.116185188293457,10.00471019744873,0.28949835896492004,0,1,0,1,0,1,1,0,1,19,20.0,0,0.9285714285714306,0,0,0,0,0,0,0,0,0,0,0,0.0,1.0,0.0,0.0,0.0,0.0,0.0,0.0,0.0,0.0,0.0,0.0,0.0,0.0,-2,-2
41,1,-1,-6.46134090423584,10.488303184509276,0.2840746939182281,0,1,0,1,0,1,1,0,1,19,20.0,0,0.9285714285714306,0,0,0,0,0,0,0,0,0,0,0,0.0,1.0,0.0,0.0,0.0,0.0,0.0,0.0,0.0,0.0,0.0,0.0,0.0,0.0,-2,-2
