remaining_time,robot_mode,alarm,robot_x,robot_y,robot_theta,tree 1,tree 2,tree 3,tree 4,tree 5,tree 6,tree 7,tree 8,tree 9,battery_level,temperature,water_robot_tank,water_ground_tank,leak 1,leak 2,leak 3,leak 4,leak 5,leak 6,leak 7,leak 8,leak 9,direction,avancement,left,right,push,wrench,leak 1,leak 2,leak 3,leak 4,leak 5,leak 6,leak 7,leak 8,leak 9,rm_alarm,errors,shortcuts
270,1,-1,11.914630889892578,15.922874450683596,-3.0101988315582275,1,1,1,1,1,1,1,1,1,72,20.0,20,90.88888888888864,0,0,0,0,0,0,0,0,0,0,0,0.0,0.0,0.0,0.0,0.0,0.0,0.0,0.0,0.0,0.0,0.0,0.0,0.0,0.0, -1, -1
269,1,-1,11.776795387268065,15.904255867004395,-3.0033130645751958,1,1,1,1,1,1,1,1,1,72,20.0,20,90.88888888888864,0,0,0,0,0,0,0,0,0,0,0,0.0,0.0,0.0,0.0,0.0,0.0,0.0,0.0,0.0,0.0,0.0,0.0,0.0,0.0, -1, -1
268,1,-1,11.776795387268065,15.904255867004395,-3.0033130645751958,1,1,1,1,1,1,1,1,1,71,20.0,20,90.88888888888864,0,0,0,0,0,0,0,0,0,0,0,0.0,0.0,0.0,0.0,0.0,0.0,0.0,0.0,0.0,0.0,0.0,0.0,0.0,0.0, -1, -1
267,1,-1,11.694310188293455,15.892760276794435,-3.002402305603028,1,1,1,1,1,1,1,1,1,71,20.0,20,90.88888888888864,0,0,0,0,0,0,0,0,0,0,0,0.0,0.0,0.0,0.0,0.0,0.0,0.0,0.0,0.0,0.0,0.0,0.0,0.0,0.0, -1, -1
266,1,-1,11.66671085357666,15.888893127441404,-3.0026476383209233,1,1,1,1,1,1,1,1,1,70,20.0,20,90.88888888888864,0,0,0,0,0,0,0,0,0,0,0,0.0,0.0,0.0,0.0,0.0,0.0,0.0,0.0,0.0,0.0,0.0,0.0,0.0,0.0, -1, -1
265,1,-1,11.556557655334473,15.873478889465332,-3.001885414123535,1,1,1,1,1,1,1,1,1,70,20.0,20,90.88888888888864,0,0,0,0,0,0,0,0,0,0,0,0.0,0.0,0.0,0.0,0.0,0.0,0.0,0.0,0.0,0.0,0.0,0.0,0.0,0.0, -1, -1
264,1,-1,11.529091835021973,15.869622230529785,-3.002267599105835,1,1,1,1,1,1,1,1,1,69,20.0,20,90.88888888888864,0,0,0,0,0,0,0,0,0,0,0,0.0,1.0,0.0,0.0,0.0,0.0,0.0,0.0,0.0,0.0,0.0,0.0,0.0,0.0, -1,1
263,1,-1,11.418954849243164,15.854185104370115,-3.0023038387298584,1,1,1,1,1,1,1,1,1,69,20.0,20,90.88888888888864,0,0,0,0,0,0,0,0,0,0,0,0.0,1.0,0.0,0.0,0.0,0.0,0.0,0.0,0.0,0.0,0.0,0.0,0.0,0.0, -1,1
262,1,-1,11.391364097595215,15.850316047668455,-3.0019214153289795,1,1,1,1,1,1,1,1,1,68,20.0,20,90.88888888888864,0,0,0,0,0,0,0,0,0,0,0,0.0,0.0,0.0,0.0,0.0,0.0,0.0,0.0,0.0,0.0,0.0,0.0,0.0,0.0, -1, -1
261,1,-1,11.281360626220705,15.834939002990724,-3.0020012855529785,1,1,1,1,1,1,1,1,1,68,20.0,20,90.88888888888864,0,0,0,0,0,0,0,0,0,0,0,0.0,0.0,0.0,0.0,0.0,0.0,0.0,0.0,0.0,0.0,0.0,0.0,0.0,0.0, -1, -1
