remaining_time,robot_mode,alarm,robot_x,robot_y,robot_theta,tree 1,tree 2,tree 3,tree 4,tree 5,tree 6,tree 7,tree 8,tree 9,battery_level,temperature,water_robot_tank,water_ground_tank,leak 1,leak 2,leak 3,leak 4,leak 5,leak 6,leak 7,leak 8,leak 9,direction,avancement,left,right,push,wrench,leak 1,leak 2,leak 3,leak 4,leak 5,leak 6,leak 7,leak 8,leak 9,rm_alarm,errors,shortcuts
90,1,-1,0.06998542696237564,-9.716205596923828,-1.7879381179809568,0,0,1,1,0,1,0,0,1,39,20.0,40,4.9920634920628935,0,0,0,0,0,0,0,0,0,0,0,0.0,1.0,1.0,0.0,0.0,0.0,0.0,0.0,0.0,0.0,0.0,0.0,0.0,0.0, -1,2
89,1,-1,0.06998542696237564,-9.716205596923828,-1.7879381179809568,0,0,1,1,0,1,0,0,1,39,20.0,40,7.706349206348608,0,0,0,0,0,0,0,0,0,0,0,0.0,0.0,1.0,0.0,0.0,0.0,0.0,0.0,0.0,0.0,0.0,0.0,0.0,0.0, -1, -1
88,1,-1,0.06998542696237564,-9.716205596923828,-1.7879381179809568,0,0,1,1,0,1,0,0,1,38,20.0,50,2.2777777777771777,0,0,0,0,0,0,0,0,0,0,0,0.0,0.0,1.0,0.0,0.0,0.0,0.0,0.0,0.0,0.0,0.0,0.0,0.0,0.0, -1,2
87,1,-1,0.06998542696237564,-9.716205596923828,-1.7879381179809568,1,0,1,1,0,1,0,0,1,38,20.0,50,6.277777777777178,0,0,0,0,0,0,0,0,0,0,0,0.0,0.0,1.0,0.0,0.0,0.0,0.0,0.0,0.0,0.0,0.0,0.0,0.0,0.0, -1,1
86,1,-1,0.06998542696237564,-9.716205596923828,-1.7879381179809568,1,0,1,1,0,1,0,0,1,37,20.0,50,9.706349206348607,0,0,0,0,0,0,0,0,0,0,0,0.0,0.0,1.0,0.0,0.0,0.0,0.0,0.0,0.0,0.0,0.0,0.0,0.0,0.0, -1,1
85,1,-1,0.06998542696237564,-9.716205596923828,-1.7879381179809568,1,0,1,1,0,1,0,0,1,37,20.0,60,2.365079365078765,0,0,0,1,0,0,0,0,0,0,0,0.0,0.0,1.0,0.0,0.0,0.0,0.0,0.0,0.0,0.0,0.0,0.0,0.0,0.0, -1,1
84,1,-1,0.06998542696237564,-9.716205596923828,-1.7879381179809568,1,0,1,1,0,1,0,0,1,36,20.0,60,4.087301587300988,0,0,0,1,0,0,0,0,0,0,0,1.0,0.0,1.0,0.0,0.0,0.0,0.0,0.0,0.0,0.0,0.0,0.0,0.0,0.0, -1,1
83,1,-1,0.06998542696237564,-9.716205596923828,-1.7879381179809568,1,0,1,1,0,1,0,0,1,36,20.0,60,7.380952380951783,0,0,0,1,0,0,0,0,0,0,0,0.0,0.0,1.0,0.0,0.0,0.0,0.0,0.0,0.0,0.0,0.0,0.0,0.0,0.0, -1,1
82,1,-1,0.07360376417636871,-9.717657089233398,-2.1818559169769287,1,0,1,1,0,1,0,0,1,35,20.0,60,9.563492063491466,0,0,0,1,0,0,0,0,0,0,0,0.0,1.0,1.0,0.0,0.0,0.0,0.0,0.0,0.0,0.0,0.0,0.0,0.0,0.0, -1,2
81,1,-1,0.07641356438398361,-9.72279167175293,-2.720552921295166,1,0,1,1,0,1,0,0,1,35,20.0,60,9.007936507935916,0,0,0,1,0,0,0,0,0,0,0,0.0,0.0,0.0,0.0,0.0,0.0,0.0,0.0,0.0,0.0,0.0,0.0,0.0,0.0, -1,1
