remaining_time,robot_mode,alarm,robot_x,robot_y,robot_theta,tree 1,tree 2,tree 3,tree 4,tree 5,tree 6,tree 7,tree 8,tree 9,battery_level,temperature,water_robot_tank,water_ground_tank,leak 1,leak 2,leak 3,leak 4,leak 5,leak 6,leak 7,leak 8,leak 9,direction,avancement,left,right,push,wrench,leak 1,leak 2,leak 3,leak 4,leak 5,leak 6,leak 7,leak 8,leak 9,rm_alarm,errors,shortcuts
130,1,-1,-1.6367820501327517,-12.832892417907715,-2.557323694229126,1,1,0,0,1,1,0,0,1,73,20.0,70,39.619047619047365,0,0,0,0,0,0,0,0,0,0,0,0.0,0.0,1.0,0.0,0.0,0.0,0.0,0.0,0.0,0.0,0.0,0.0,0.0,0.0,-2,-2
129,1,-1,-2.1714327335357666,-12.98891830444336,-2.8806171417236333,1,1,0,0,1,1,0,0,1,73,20.0,70,43.04761904761878,0,0,0,0,0,0,0,0,0,0,0,0.0,0.0,1.0,0.0,0.0,0.0,0.0,0.0,0.0,0.0,0.0,0.0,0.0,0.0,-2,-2
128,1,-1,-3.761782169342041,-13.391319274902346,-2.8939180374145512,1,1,0,0,1,1,0,0,1,72,20.0,70,44.61904761904736,0,0,0,0,0,0,0,0,0,0,0,0.0,1.0,0.0,0.0,0.0,0.0,0.0,0.0,0.0,0.0,0.0,0.0,0.0,0.0,-2,-2
127,1,-1,-5.379708290100098,-13.799324989318848,-2.8951127529144287,1,1,0,0,1,1,0,0,1,72,20.0,70,48.047619047618774,0,0,0,0,0,0,0,0,0,0,0,0.0,0.0,1.0,0.0,0.0,0.0,0.0,0.0,0.0,0.0,0.0,0.0,0.0,0.0,-2,-2
126,1,-1,-6.998763561248778,-14.20317840576172,-2.9041173458099365,1,1,0,0,1,1,0,0,1,71,20.0,70,52.47619047619021,0,0,0,0,0,0,0,0,0,0,0,0.0,0.0,1.0,0.0,0.0,0.0,0.0,0.0,0.0,0.0,0.0,0.0,0.0,0.0,-2,-2
125,1,-1,-8.620366096496582,-14.5962553024292,-2.9042861461639404,1,1,0,0,1,1,0,0,1,71,20.0,70,52.76190476190449,0,0,0,1,0,0,0,0,0,0,0,1.0,0.0,1.0,0.0,0.0,0.0,0.0,0.0,0.0,0.0,0.0,0.0,0.0,0.0,-2,-2
124,1,-1,-10.272613525390623,-14.98169994354248,-2.9112780094146733,1,1,0,0,1,1,0,0,1,70,20.0,70,53.888888888888594,0,0,0,1,0,0,0,0,0,0,0,1.0,0.0,1.0,0.0,0.0,0.0,0.0,0.0,0.0,0.0,0.0,0.0,0.0,0.0,-2,-2
123,1,-1,-11.884343147277832,-15.34739589691162,-2.922548770904541,1,1,0,0,1,1,0,0,1,70,20.0,70,56.182539682539385,0,0,0,0,0,0,0,0,0,0,0,0.0,0.0,1.0,1.0,0.0,0.0,0.0,1.0,0.0,0.0,0.0,0.0,0.0,0.0,-2,-2
122,1,-1,-13.085092544555664,-15.603327751159668,-2.9346590042114262,1,1,0,0,1,1,0,0,1,69,20.0,70,59.039682539682246,0,0,0,0,0,0,0,0,0,0,0,0.0,1.0,1.0,0.0,0.0,0.0,0.0,0.0,0.0,0.0,0.0,0.0,0.0,0.0,-2,-2
121,1,-1,-14.002264022827148,-15.794055938720705,-2.941490888595581,1,1,0,0,1,1,0,0,0,69,20.0,60,61.46825396825367,0,0,0,0,0,0,0,0,0,0,0,0.0,0.0,1.0,0.0,0.0,0.0,0.0,0.0,0.0,0.0,0.0,0.0,0.0,0.0,-2,-2
