remaining_time,robot_mode,alarm,robot_x,robot_y,robot_theta,tree 1,tree 2,tree 3,tree 4,tree 5,tree 6,tree 7,tree 8,tree 9,battery_level,temperature,water_robot_tank,water_ground_tank,leak 1,leak 2,leak 3,leak 4,leak 5,leak 6,leak 7,leak 8,leak 9,direction,avancement,left,right,push,wrench,leak 1,leak 2,leak 3,leak 4,leak 5,leak 6,leak 7,leak 8,leak 9,rm_alarm,errors,shortcuts
260,1,-1,0.26298511028289795,-9.872326850891113,-2.655457735061645,0,1,1,1,1,1,1,1,1,63,20.0,30,8.531746031744984,0,0,0,0,0,0,0,0,0,0,0,0.0,0.0,1.0,0.0,0.0,0.0,0.0,0.0,0.0,0.0,0.0,0.0,0.0,0.0, -1,1
259,1,-1,0.26298511028289795,-9.872326850891113,-2.655457735061645,0,1,1,1,1,1,1,1,1,63,20.0,30,10.38888888888784,0,0,0,0,0,0,0,0,0,0,0,0.0,0.0,1.0,0.0,0.0,0.0,0.0,0.0,0.0,0.0,0.0,0.0,0.0,0.0, -1, -1
258,1,-1,0.26298511028289795,-9.872326850891113,-2.655097007751465,0,1,1,1,1,1,1,1,1,62,20.0,40,3.5317460317449823,0,0,0,0,0,0,0,0,0,0,0,0.0,0.0,0.0,0.0,0.0,0.0,0.0,0.0,0.0,0.0,0.0,0.0,0.0,0.0, -1, -1
257,1,-1,0.26298511028289795,-9.872326850891113,-2.655097007751465,0,1,1,1,1,1,1,1,1,62,20.0,40,6.531746031744982,0,0,0,0,0,0,0,0,0,0,0,0.0,0.0,1.0,0.0,0.0,0.0,0.0,0.0,0.0,0.0,0.0,0.0,0.0,0.0, -1, -1
256,1,-1,0.26298511028289795,-9.872326850891113,-2.654735803604126,0,1,1,1,1,1,1,1,1,61,20.0,40,8.817460317459267,0,0,0,0,0,0,0,0,0,0,0,1.0,0.0,0.0,0.0,0.0,0.0,0.0,0.0,0.0,0.0,0.0,0.0,0.0,0.0, -1, -1
255,1,-1,0.26298511028289795,-9.872326850891113,-2.654735803604126,0,1,1,1,1,1,1,1,1,61,20.0,40,10.38888888888784,0,0,0,0,0,0,0,0,0,0,0,0.0,0.0,0.0,0.0,0.0,0.0,0.0,0.0,0.0,0.0,0.0,0.0,0.0,0.0, -1,1
254,1,-1,0.26298511028289795,-9.872326850891113,-2.6543660163879395,0,1,1,1,1,1,1,1,1,60,20.0,50,1.2460317460306969,0,0,0,0,0,0,0,0,0,0,0,0.0,1.0,1.0,0.0,0.0,0.0,0.0,0.0,0.0,0.0,0.0,0.0,0.0,0.0, -1,1
253,1,-1,0.26298511028289795,-9.872326850891113,-2.6543660163879395,0,1,1,1,1,1,1,1,1,60,20.0,50,3.103174603173553,0,0,0,0,0,0,0,0,0,0,0,0.0,0.0,1.0,0.0,0.0,0.0,0.0,0.0,0.0,0.0,0.0,0.0,0.0,0.0, -1, -1
252,1,-1,0.26298511028289795,-9.872326850891113,-2.6540052890777592,0,1,1,1,1,1,1,1,1,59,20.0,50,7.674603174602123,0,0,0,0,0,0,0,0,0,0,0,0.0,0.0,0.0,0.0,0.0,0.0,0.0,0.0,0.0,0.0,0.0,0.0,0.0,0.0, -1, -1
251,1,-1,0.26298511028289795,-9.872326850891113,-2.6540052890777592,0,1,1,1,1,1,1,1,1,59,20.0,60,1.5317460317449827,0,0,0,0,0,0,0,0,0,0,0,0.0,0.0,0.0,0.0,0.0,0.0,0.0,0.0,0.0,0.0,0.0,0.0,0.0,0.0, -1, -1
