remaining_time,robot_mode,alarm,robot_x,robot_y,robot_theta,tree 1,tree 2,tree 3,tree 4,tree 5,tree 6,tree 7,tree 8,tree 9,battery_level,temperature,water_robot_tank,water_ground_tank,leak 1,leak 2,leak 3,leak 4,leak 5,leak 6,leak 7,leak 8,leak 9,direction,avancement,left,right,push,wrench,leak 1,leak 2,leak 3,leak 4,leak 5,leak 6,leak 7,leak 8,leak 9,rm_alarm,errors,shortcuts
520,1,-1,-2.719219207763672,9.4691162109375,2.701243162155152,1,0,1,0,0,1,1,1,1,82,20.0,30,71.49206349206312,0,0,0,0,0,0,0,0,0,0,0,0.0,1.0,1.0,0.0,0.0,0.0,0.0,0.0,0.0,0.0,0.0,0.0,0.0,0.0, -1,5
519,1,-1,-4.2289085388183585,10.1796293258667,2.696402311325073,1,0,1,0,0,1,1,1,1,82,20.0,30,71.49206349206312,0,0,0,0,0,0,0,0,0,0,0,1.0,0.0,1.0,0.0,0.0,0.0,0.0,0.0,0.0,0.0,0.0,0.0,0.0,0.0, -1,3
518,1,-1,-5.735135555267334,10.897649765014648,2.696619272232056,1,0,1,0,0,1,1,1,1,81,20.0,30,72.7777777777774,0,0,0,0,0,0,0,0,0,0,0,0.0,0.0,1.0,0.0,0.0,0.0,0.0,0.0,0.0,0.0,0.0,0.0,0.0,0.0, -1,3
517,1,-1,-7.238284587860107,11.622400283813475,2.6907851696014404,1,0,1,0,0,1,1,1,1,81,20.0,30,74.7777777777774,0,0,0,0,0,0,0,0,0,0,0,0.0,1.0,1.0,0.0,0.0,0.0,0.0,0.0,0.0,0.0,0.0,0.0,0.0,0.0, -1,3
516,1,-1,-8.734577178955076,12.360112190246582,2.68244743347168,1,0,1,0,0,1,1,1,1,80,20.0,30,74.7777777777774,0,0,0,0,0,0,0,0,0,0,0,0.0,1.0,1.0,0.0,0.0,0.0,0.0,0.0,0.0,0.0,0.0,0.0,0.0,0.0, -1,2
515,1,-1,-10.228411674499512,13.103447914123535,2.675175189971924,1,0,1,0,0,1,1,1,1,80,20.0,30,75.34920634920597,0,0,0,0,0,0,0,1,0,0,0,0.0,1.0,0.0,0.0,0.0,0.0,0.0,0.0,0.0,0.0,0.0,0.0,0.0,0.0, -1,3
514,1,-1,-11.526391983032227,13.764495849609375,2.660799503326416,1,0,1,0,0,1,1,1,1,79,20.0,30,76.24603174603133,0,0,0,0,0,0,0,1,0,0,0,0.0,0.0,1.0,0.0,0.0,0.0,0.0,0.0,0.0,0.0,0.0,0.0,0.0,0.0, -1,1
513,1,-1,-12.46870231628418,14.263142585754395,2.6558804512023926,1,0,1,0,0,1,1,1,1,79,20.0,30,75.69047619047578,0,0,0,0,0,0,0,1,0,0,0,1.0,0.0,0.0,1.0,0.0,0.0,0.0,0.0,0.0,0.0,0.0,0.0,0.0,0.0, -1,3
512,1,3,-13.158486366271973,14.630611419677734,2.6481919288635254,1,0,0,0,0,1,1,1,1,78,20.0,20,75.57936507936465,0,0,0,0,0,0,0,0,0,0,0,1.0,0.0,0.0,0.0,0.0,0.0,0.0,0.0,0.0,0.0,0.0,1.0,0.0,0.0, -1,1
511,1,-1,-13.658808708190918,14.907261848449707,2.6346449851989746,1,0,0,0,0,1,1,1,1,78,20.0,20,75.57936507936465,0,0,0,0,0,0,0,0,0,0,0,1.0,0.0,0.0,0.0,0.0,0.0,0.0,0.0,0.0,0.0,0.0,0.0,0.0,0.0, -1,1
