remaining_time,robot_mode,alarm,robot_x,robot_y,robot_theta,tree 1,tree 2,tree 3,tree 4,tree 5,tree 6,tree 7,tree 8,tree 9,battery_level,temperature,water_robot_tank,water_ground_tank,leak 1,leak 2,leak 3,leak 4,leak 5,leak 6,leak 7,leak 8,leak 9,direction,avancement,left,right,push,wrench,leak 1,leak 2,leak 3,leak 4,leak 5,leak 6,leak 7,leak 8,leak 9,rm_alarm,errors,shortcuts
450,1,-1,-0.5447158813476562,1.437248945236206,-1.488995909690857,1,0,0,0,1,1,1,0,1,25,20.0,0,97.99999999999994,0,0,0,0,0,0,0,0,1,0,0,0.0,0.0,0.0,0.0,0.0,0.0,0.0,0.0,0.0,0.0,0.0,0.0,0.0,0.0, -1, -1
449,1,-1,-0.4139097034931183,-0.2256099730730057,-1.4979294538497925,1,0,0,0,1,1,1,0,1,25,20.0,0,97.44444444444436,0,0,0,0,0,0,0,0,1,0,0,0.0,0.0,0.0,0.0,0.0,0.0,0.0,0.0,0.0,0.0,0.0,0.0,0.0,0.0, -1, -1
448,1,-1,-0.2947143614292145,-1.8899096250534055,-1.503618597984314,1,0,0,0,1,1,1,0,1,24,20.0,0,96.8888888888888,0,0,0,0,0,0,0,0,1,0,0,0.0,0.0,0.0,1.0,0.0,0.0,0.0,0.0,0.0,0.0,0.0,0.0,0.0,0.0, -1,1
447,1,-1,-0.1863927394151688,-3.5549912452697754,-1.5087727308273315,1,0,0,0,1,1,1,0,1,24,20.0,0,96.66666666666657,0,0,0,0,0,0,0,0,0,0,0,0.0,0.0,0.0,0.0,0.0,0.0,0.0,0.0,0.0,0.0,0.0,0.0,1.0,0.0, -1, -1
446,1,-1,-0.09580206125974657,-5.17992639541626,-1.5186730623245241,1,0,0,0,1,1,1,0,1,23,20.0,0,96.66666666666657,0,0,0,0,0,0,0,0,0,0,0,0.0,0.0,0.0,0.0,0.0,0.0,0.0,0.0,0.0,0.0,0.0,0.0,0.0,0.0, -1, -1
445,1,-1,-0.03580833598971367,-6.442283153533936,-1.5270514488220217,1,0,0,0,1,1,1,0,1,23,20.0,0,96.66666666666657,0,0,0,1,0,0,0,0,0,0,0,0.0,0.0,0.0,0.0,0.0,0.0,0.0,0.0,0.0,0.0,0.0,0.0,0.0,0.0, -1, -1
444,1,-1,-0.03369172662496567,-6.495353221893311,-1.5271373987197876,1,0,1,0,1,1,1,0,1,22,20.0,0,96.11111111111099,0,0,0,1,0,0,0,0,0,0,0,0.0,0.0,0.0,1.0,0.0,0.0,0.0,0.0,0.0,0.0,0.0,0.0,0.0,0.0, -1,1
443,1,-1,-0.03369083255529404,-6.495353221893311,-1.5271373987197876,1,0,1,0,1,1,1,0,1,22,20.0,0,95.55555555555544,0,0,0,1,0,0,0,0,0,0,0,0.0,0.0,0.0,0.0,0.0,0.0,0.0,0.0,0.0,0.0,0.0,0.0,0.0,0.0, click, -1
442,1,-1,-0.03369083255529404,-6.495353221893311,-1.5271373987197876,1,0,1,0,1,1,1,0,1,21,20.0,0,95.22222222222209,0,0,0,0,0,0,0,0,0,0,0,0.0,0.0,0.0,0.0,0.0,0.0,0.0,1.0,0.0,0.0,0.0,0.0,0.0,0.0, -1, -1
441,1,-1,-0.032781291753053665,-6.494218826293945,-1.0937082767486572,1,0,1,0,1,1,1,0,1,21,20.0,0,95.22222222222209,0,0,0,0,0,0,0,0,0,0,0,0.0,0.0,0.0,0.0,0.0,0.0,0.0,0.0,0.0,0.0,0.0,0.0,0.0,0.0, -1, -1
