remaining_time,robot_mode,alarm,robot_x,robot_y,robot_theta,tree 1,tree 2,tree 3,tree 4,tree 5,tree 6,tree 7,tree 8,tree 9,battery_level,temperature,water_robot_tank,water_ground_tank,leak 1,leak 2,leak 3,leak 4,leak 5,leak 6,leak 7,leak 8,leak 9,direction,avancement,left,right,push,wrench,leak 1,leak 2,leak 3,leak 4,leak 5,leak 6,leak 7,leak 8,leak 9,rm_alarm,errors,shortcuts
320,1,-1,13.785042762756348,-13.975010871887207,0.910063087940216,1,1,1,1,1,0,0,0,1,68,20.0,70,12.547619047618413,0,0,0,0,0,0,0,0,1,0,0,0.0,0.0,0.0,0.0,0.0,0.0,0.0,0.0,0.0,0.0,0.0,0.0,0.0,0.0, -1, -1
319,1,-1,13.78524398803711,-13.971041679382324,1.434944987297058,1,1,1,1,1,0,0,0,1,68,20.0,70,11.99206349206286,0,0,0,0,0,0,0,0,1,0,0,0.0,0.0,0.0,0.0,0.0,0.0,0.0,0.0,0.0,0.0,0.0,0.0,0.0,0.0, -1, -1
318,1,-1,13.783732414245605,-13.967947959899902,1.9511889219284055,1,1,1,1,1,0,0,0,1,67,20.0,70,11.547619047618413,0,0,0,0,0,0,0,0,0,0,0,0.0,0.0,0.0,1.0,0.0,0.0,0.0,0.0,0.0,0.0,0.0,0.0,1.0,0.0, -1,1
317,1,-1,13.412949562072756,-13.44460678100586,2.211318016052246,1,1,1,1,1,0,0,0,1,67,20.0,70,11.547619047618413,0,0,0,0,0,0,0,0,0,0,0,0.0,0.0,0.0,0.0,0.0,0.0,0.0,0.0,0.0,0.0,0.0,0.0,0.0,0.0, -1, -1
316,1,-1,12.406335830688475,-12.113784790039062,2.2182085514068604,1,1,1,1,1,0,0,0,1,66,20.0,70,11.547619047618413,0,0,0,0,0,0,0,0,0,0,0,0.0,0.0,0.0,0.0,0.0,0.0,0.0,0.0,0.0,0.0,0.0,0.0,0.0,0.0, -1, -1
315,1,-1,11.39803409576416,-10.783989906311037,2.219138860702514,1,1,1,1,1,1,0,0,1,66,20.0,70,11.436507936507304,1,0,0,0,0,0,0,0,0,0,0,0.0,1.0,0.0,0.0,0.0,0.0,0.0,0.0,0.0,0.0,0.0,0.0,0.0,0.0, -1,1
314,1,-1,10.388555526733398,-9.455235481262207,2.2219300270080566,1,1,1,1,1,1,0,0,1,65,20.0,70,10.880952380951753,1,0,0,0,0,0,0,0,0,0,0,0.0,0.0,0.0,0.0,0.0,0.0,0.0,0.0,0.0,0.0,0.0,0.0,0.0,0.0, -1, -1
313,1,-1,9.37761402130127,-8.127561569213867,2.2237179279327397,1,1,1,1,1,1,0,0,1,65,20.0,70,13.603174603173974,1,0,0,0,0,0,0,0,0,0,0,1.0,0.0,1.0,0.0,0.0,0.0,0.0,0.0,0.0,0.0,0.0,0.0,0.0,0.0, -1,2
312,1,-1,8.364716529846191,-6.8017640113830575,2.221536636352539,1,1,1,1,1,1,0,1,1,64,20.0,70,17.896825396824767,1,0,0,0,0,0,0,0,0,0,0,1.0,0.0,0.0,0.0,0.0,0.0,0.0,0.0,0.0,0.0,0.0,0.0,0.0,0.0, -1,1
311,1,-1,7.352169990539551,-5.475783348083496,2.2231547832489014,1,1,1,1,1,1,0,1,1,64,20.0,70,21.476190476189842,1,0,0,0,0,0,0,0,0,0,0,0.0,0.0,0.0,1.0,0.0,0.0,0.0,0.0,0.0,0.0,0.0,0.0,0.0,0.0, -1,1
