remaining_time,robot_mode,alarm,robot_x,robot_y,robot_theta,tree 1,tree 2,tree 3,tree 4,tree 5,tree 6,tree 7,tree 8,tree 9,battery_level,temperature,water_robot_tank,water_ground_tank,leak 1,leak 2,leak 3,leak 4,leak 5,leak 6,leak 7,leak 8,leak 9,direction,avancement,left,right,push,wrench,leak 1,leak 2,leak 3,leak 4,leak 5,leak 6,leak 7,leak 8,leak 9,rm_alarm,errors,shortcuts
580,1,-1,5.769393465016038e-05,-1.4529553482134359e-05,-0.0016424617497250438,0,0,0,0,0,0,0,0,0,90,20.0,50,38.88888888888875,1,0,1,0,0,0,1,0,0,0,0,0.0,0.0,0.0,0.0,0.0,0.0,0.0,0.0,0.0,0.0,0.0,0.0,0.0,0.0,-2,-2
579,1,-1,5.769393465016038e-05,-1.4529553482134359e-05,-0.0016424617497250438,0,0,0,0,0,0,0,0,0,90,20.0,50,37.22222222222207,1,0,1,0,0,0,1,0,0,0,0,0.0,0.0,0.0,0.0,0.0,0.0,0.0,0.0,0.0,0.0,0.0,0.0,0.0,0.0,-2,-2
578,1,-1,-0.0003407646727282554,0.00029457750497385865,0.43775931000709534,0,0,0,0,0,0,0,0,0,89,20.0,50,35.555555555555394,1,0,1,0,0,0,1,0,0,0.21200000000000002,-1.716,0.0,0.0,0.0,0.0,0.0,0.0,0.0,0.0,0.0,0.0,0.0,0.0,0.0,0.0,-2,-2
577,1,-1,0.2690940797328949,0.2415517717599869,0.7496597170829773,0,0,0,0,0,0,0,0,0,89,20.0,50,33.888888888888715,1,0,1,0,0,0,1,0,0,0.53,0.0,0.0,0.0,0.0,0.0,0.0,0.0,0.0,0.0,0.0,0.0,0.0,0.0,0.0,0.0,-2,-2
576,1,4,1.4926868677139282,1.4169411659240725,0.7664286494255066,0,1,0,0,0,0,0,0,0,88,20.0,50,32.22222222222204,1,0,1,0,0,0,1,0,0,-0.53,0.0,0.0,0.0,0.0,0.0,0.0,0.0,0.0,0.0,0.0,0.0,0.0,0.0,0.0,0.0,-2,-2
575,1,-1,2.6931209564208984,2.576082706451416,0.7734010815620422,0,1,0,0,0,0,0,0,0,88,20.0,50,30.555555555555376,1,0,1,0,1,0,1,0,0,0.0,2.86,0.0,0.0,0.0,0.0,0.0,0.0,0.0,0.0,0.0,0.0,0.0,0.0,0.0,0.0,-2,-2
574,1,-1,3.8861851692199703,3.7433271408081055,0.7763084769248962,0,1,0,0,0,0,0,0,0,87,20.0,50,28.333333333333158,1,0,1,0,1,0,1,0,0,0,0,0.0,0.0,0.0,0.0,0.0,0.0,0.0,0.0,0.0,0.0,0.0,0.0,0.0,0.0,-2,-2
573,1,-1,5.077375411987305,4.912148952484131,0.7753897309303284,1,1,0,0,0,0,0,0,0,87,20.0,50,26.11111111111095,1,0,1,0,1,0,1,0,0,0,0,0.0,0.0,0.0,0.0,0.0,0.0,0.0,0.0,0.0,0.0,0.0,0.0,0.0,1.0,-2,-2
572,1,-1,6.2687764167785645,6.080605030059815,0.7737246155738831,1,1,0,0,0,0,0,0,0,86,20.0,50,23.88888888888873,1,0,1,0,1,0,1,0,0,0,0,0.0,0.0,0.0,0.0,0.0,0.0,0.0,0.0,0.0,0.0,0.0,0.0,0.0,0.0,-2,-2
571,1,-1,7.453235626220702,7.255589962005615,0.7848912477493286,1,1,0,0,0,0,0,0,0,86,20.0,50,21.66666666666652,1,0,1,0,1,0,1,0,0,0,0,0.0,0.0,0.0,0.0,0.0,0.0,0.0,0.0,0.0,0.0,0.0,0.0,0.0,0.0,-2,-2
