remaining_time,robot_mode,alarm,robot_x,robot_y,robot_theta,tree 1,tree 2,tree 3,tree 4,tree 5,tree 6,tree 7,tree 8,tree 9,battery_level,temperature,water_robot_tank,water_ground_tank,leak 1,leak 2,leak 3,leak 4,leak 5,leak 6,leak 7,leak 8,leak 9,direction,avancement,left,right,push,wrench,leak 1,leak 2,leak 3,leak 4,leak 5,leak 6,leak 7,leak 8,leak 9,rm_alarm,errors,shortcuts
400,1,-1,-1.366252899169922,7.6601500511169425,-2.4759349822998047,0,1,1,0,0,1,0,0,1,92,23.85934642745118,60,69.52380952380864,0,1,0,0,0,0,0,0,0,0.0,-2.86,0.0,0.0,0.0,0.0,0.0,0.0,0.0,0.0,0.0,0.0,0.0,0.0,0.0,0.0,-2,-2
399,1,-1,-1.366252899169922,7.6601500511169425,-2.4759349822998047,0,1,1,0,0,1,0,0,1,92,23.85934642745118,60,68.96825396825307,0,1,0,0,0,0,0,0,0,-0.42400000000000004,-0.572,0.0,0.0,0.0,0.0,0.0,0.0,0.0,0.0,0.0,0.0,0.0,0.0,0.0,0.0,-2,-2
398,1,-1,0.3257383406162262,8.991972923278809,-2.896018743515014,0,1,1,0,0,1,0,0,1,91,20.526013094117843,60,68.4126984126975,0,1,0,0,0,0,0,0,0,-0.53,0.0,0.0,0.0,0.0,0.0,0.0,0.0,0.0,0.0,0.0,0.0,0.0,0.0,0.0,0.0,-2,-2
397,1,-1,0.32622820138931274,8.993417739868164,2.860079288482666,0,1,1,0,0,1,0,0,1,91,20.0,60,68.07936507936415,0,0,0,0,0,0,0,0,0,0,0,0.0,0.0,0.0,1.0,0.0,1.0,0.0,0.0,0.0,0.0,0.0,0.0,0.0,0.0,-2,-2
396,1,-1,0.3258200585842133,8.994440078735352,2.343087911605835,0,1,1,0,0,1,0,0,1,90,20.0,60,68.07936507936415,0,0,0,0,0,0,0,0,0,0,0,0.0,0.0,0.0,0.0,0.0,0.0,0.0,0.0,0.0,0.0,0.0,0.0,0.0,0.0,-2,-2
395,1,-1,0.3263302147388458,8.994492530822754,1.8720800876617432,0,1,1,0,0,1,0,0,1,90,20.0,60,68.07936507936415,0,0,0,0,0,0,0,0,0,0,0,0.0,0.0,0.0,0.0,0.0,0.0,0.0,0.0,0.0,0.0,0.0,0.0,0.0,0.0,-2,-2
394,1,-1,0.060964155942201614,10.197382926940918,1.7692705392837524,0,1,1,0,0,1,0,0,1,89,20.0,60,68.07936507936415,0,0,0,0,0,0,0,0,0,0,0,0.0,0.0,0.0,0.0,0.0,0.0,0.0,0.0,0.0,0.0,0.0,0.0,0.0,0.0,-2,-2
393,1,-1,-0.1772461086511612,11.381295204162598,1.7702375650405884,0,1,1,0,0,1,0,0,1,89,20.0,60,68.07936507936415,0,0,0,0,0,0,0,0,0,0,0,1.0,0.0,0.0,0.0,0.0,0.0,0.0,0.0,0.0,0.0,0.0,0.0,0.0,0.0,-2,-2
392,1,-1,-0.3464219868183136,12.24909496307373,1.7593194246292114,0,0,1,0,0,1,0,0,1,88,20.0,50,68.07936507936415,0,0,0,0,0,0,0,0,0,0,0,1.0,0.0,0.0,0.0,0.0,0.0,0.0,0.0,0.0,0.0,0.0,0.0,0.0,0.0,-2,-2
391,1,-1,-0.4646095931529999,12.884690284729006,1.7494660615921018,0,0,1,0,0,1,0,0,1,88,20.0,50,68.07936507936415,0,0,0,0,0,0,0,0,0,0,0,0.0,1.0,0.0,0.0,0.0,0.0,0.0,0.0,0.0,0.0,0.0,0.0,0.0,0.0,-2,-2
