remaining_time,robot_mode,alarm,robot_x,robot_y,robot_theta,tree 1,tree 2,tree 3,tree 4,tree 5,tree 6,tree 7,tree 8,tree 9,battery_level,temperature,water_robot_tank,water_ground_tank,leak 1,leak 2,leak 3,leak 4,leak 5,leak 6,leak 7,leak 8,leak 9,direction,avancement,left,right,push,wrench,leak 1,leak 2,leak 3,leak 4,leak 5,leak 6,leak 7,leak 8,leak 9,rm_alarm,errors,shortcuts
340,1,-1,-11.634319305419922,15.014471054077148,-0.7221329808235168,0,0,0,1,0,1,1,1,1,62,20.0,20,100.0,0,0,0,0,0,0,0,0,0,0.0,2.86,0.0,0.0,0.0,0.0,0.0,0.0,0.0,0.0,0.0,0.0,0.0,0.0,0.0,0.0,-2,-2
339,1,-1,-11.634319305419922,15.014471054077148,-0.7221329808235168,0,0,1,1,0,1,1,1,1,62,20.0,20,100.0,0,0,0,0,0,0,0,0,0,0.0,2.86,0.0,0.0,0.0,0.0,0.0,0.0,0.0,0.0,0.0,0.0,0.0,0.0,0.0,0.0,-2,-2
338,1,-1,-8.633668899536133,12.387056350708008,-0.7173873782157898,0,0,1,1,0,1,1,1,1,61,20.0,20,100.0,0,0,0,0,0,0,0,0,0,0,0,1.0,0.0,0.0,0.0,0.0,0.0,0.0,0.0,0.0,0.0,0.0,0.0,0.0,0.0,-2,-2
337,1,-1,-7.40252685546875,11.302916526794435,-0.7271337509155273,0,0,1,1,0,1,1,1,1,61,20.0,20,100.0,0,0,0,0,0,0,0,0,0,0,0,0.0,1.0,0.0,0.0,0.0,0.0,0.0,0.0,0.0,0.0,0.0,0.0,0.0,0.0,-2,-2
336,1,-1,-6.180970191955566,10.207509994506836,-0.7345847487449646,0,0,1,1,0,1,1,1,1,60,20.0,20,100.0,0,0,0,0,0,0,0,0,0,0,0,0.0,0.0,0.0,0.0,0.0,0.0,0.0,0.0,0.0,0.0,0.0,0.0,0.0,0.0,-2,-2
335,1,-1,-5.205920219421387,9.316438674926758,-0.749530553817749,0,0,1,1,0,1,1,1,1,60,20.0,20,100.0,0,0,0,0,0,0,0,0,0,0,0,0.0,0.0,0.0,0.0,0.0,0.0,0.0,0.0,0.0,0.0,0.0,0.0,0.0,0.0,-2,-2
334,1,-1,-4.523789882659912,8.679468154907228,-0.7532090544700623,0,0,1,0,0,1,1,1,1,59,20.0,10,100.0,0,0,0,0,0,0,0,0,0,0,0,0.0,0.0,0.0,0.0,0.0,0.0,0.0,0.0,0.0,0.0,0.0,0.0,0.0,0.0,-2,-2
333,1,-1,-4.010385513305663,8.190957069396973,-0.7636719942092896,0,0,1,0,0,1,1,1,1,59,20.0,10,100.0,0,0,0,0,0,0,0,0,0,0,0,0.0,0.0,0.0,0.0,0.0,0.0,0.0,0.0,0.0,0.0,0.0,0.0,0.0,0.0,-2,-2
332,1,-1,-5.5749688148498535,9.696805953979492,-0.7701680064201355,0,0,1,0,0,1,1,1,1,58,20.0,10,100.0,0,0,0,0,0,0,0,0,0,0,0,0.0,0.0,0.0,0.0,0.0,0.0,0.0,0.0,0.0,0.0,0.0,0.0,0.0,0.0,-2,-2
331,1,-1,-5.5749688148498535,9.696805953979492,-0.7701680064201355,0,0,1,0,0,1,1,1,1,58,20.0,10,100.0,0,0,0,0,0,0,0,0,0,-0.53,0.0,0.0,0.0,0.0,0.0,0.0,0.0,0.0,0.0,0.0,0.0,0.0,0.0,0.0,0.0,-2,-2
