remaining_time,robot_mode,alarm,robot_x,robot_y,robot_theta,tree 1,tree 2,tree 3,tree 4,tree 5,tree 6,tree 7,tree 8,tree 9,battery_level,temperature,water_robot_tank,water_ground_tank,leak 1,leak 2,leak 3,leak 4,leak 5,leak 6,leak 7,leak 8,leak 9,direction,avancement,left,right,push,wrench,leak 1,leak 2,leak 3,leak 4,leak 5,leak 6,leak 7,leak 8,leak 9,rm_alarm,errors,shortcuts
80,1,-1,-4.892776012420653,14.367227554321287,3.029951333999634,0,0,1,0,0,1,1,0,1,52,20.0,10,0.9841269841269841,0,0,0,0,0,0,0,0,0,0,0,0.0,0.0,0.0,0.0,0.0,0.0,0.0,0.0,0.0,0.0,0.0,0.0,0.0,0.0,-2,-2
79,1,-1,-6.549972057342528,14.55695343017578,3.029362678527832,0,0,1,0,0,1,1,0,1,52,20.0,10,0.9841269841269841,0,0,0,0,0,0,0,0,0,0,0,0.0,0.0,1.0,0.0,0.0,0.0,0.0,0.0,0.0,0.0,0.0,0.0,0.0,0.0,-2,-2
78,1,-1,-8.263121604919434,14.75339412689209,3.026397705078125,0,0,1,0,0,1,1,0,1,51,20.0,10,4.6984126984126995,0,0,0,0,0,0,0,0,0,0,0,0.0,1.0,1.0,0.0,0.0,0.0,0.0,0.0,0.0,0.0,0.0,0.0,0.0,0.0,-2,-2
77,1,-1,-9.86128044128418,14.947110176086426,3.0127027034759517,0,0,1,0,0,1,1,0,1,51,20.0,10,6.412698412698412,0,0,0,0,0,0,0,0,0,0,0,0.0,1.0,1.0,0.0,0.0,0.0,0.0,0.0,0.0,0.0,0.0,0.0,0.0,0.0,-2,-2
76,1,-1,-11.236835479736328,15.127171516418455,3.0113708972930913,0,0,1,0,0,1,1,0,1,50,20.0,10,6.412698412698412,0,0,0,0,0,0,0,0,0,0,0,0.0,1.0,1.0,0.0,0.0,0.0,0.0,0.0,0.0,0.0,0.0,0.0,0.0,0.0,-2,-2
75,1,-1,-12.298090934753418,15.273067474365234,3.000524044036865,0,0,0,0,0,1,1,0,1,50,20.0,0,6.412698412698412,0,0,0,0,0,0,0,1,0,0,0,0.0,0.0,1.0,0.0,0.0,0.0,0.0,0.0,0.0,0.0,0.0,0.0,0.0,0.0,-2,-2
74,1,-1,-13.031509399414062,15.382708549499512,2.985403299331665,0,0,0,0,0,1,1,0,1,49,20.0,0,5.8571428571428585,0,0,0,0,0,0,0,1,0,0,0,0.0,1.0,1.0,0.0,0.0,0.0,0.0,0.0,0.0,0.0,0.0,0.0,0.0,0.0,-2,-2
73,1,-1,-11.541656494140625,15.147834777832033,2.985057830810547,0,0,0,0,0,1,1,0,1,49,20.0,0,5.523809523809526,0,0,0,0,0,0,0,0,0,0,0,0.0,0.0,1.0,1.0,0.0,0.0,0.0,0.0,0.0,0.0,0.0,1.0,0.0,0.0,-2,-2
72,1,-1,-10.063530921936037,14.91445255279541,2.9844777584075928,0,0,0,0,0,1,1,0,1,48,20.0,0,5.523809523809526,0,0,0,0,0,0,0,0,0,0,0,0.0,0.0,1.0,0.0,0.0,0.0,0.0,0.0,0.0,0.0,0.0,0.0,0.0,0.0,-2,-2
71,1,-1,-11.086835861206056,14.62428379058838,-2.793999433517456,0,0,0,0,0,1,1,0,1,48,20.0,0,5.523809523809526,0,0,0,0,0,0,0,0,0,0,0,0.0,0.0,1.0,0.0,0.0,0.0,0.0,0.0,0.0,0.0,0.0,0.0,0.0,0.0,-2,-2
