remaining_time,robot_mode,alarm,robot_x,robot_y,robot_theta,tree 1,tree 2,tree 3,tree 4,tree 5,tree 6,tree 7,tree 8,tree 9,battery_level,temperature,water_robot_tank,water_ground_tank,leak 1,leak 2,leak 3,leak 4,leak 5,leak 6,leak 7,leak 8,leak 9,direction,avancement,left,right,push,wrench,leak 1,leak 2,leak 3,leak 4,leak 5,leak 6,leak 7,leak 8,leak 9,rm_alarm,errors,shortcuts
200,1,-1,-0.192337229847908,14.559304237365724,3.126756429672241,1,0,1,1,1,1,1,0,1,9,32.63203187675189,40,38.20634920634888,1,0,0,1,0,0,0,0,0,0.0,-2.86,0.0,0.0,0.0,0.0,0.0,0.0,0.0,0.0,0.0,0.0,0.0,0.0,0.0,0.0,-2,-2
199,1,-1,-0.1923302561044693,14.559304237365724,3.1266658306121826,1,0,1,1,1,1,1,0,1,9,29.298698543418553,40,37.095238095237775,1,0,0,1,0,0,0,0,0,0.0,-2.86,0.0,0.0,0.0,0.0,0.0,0.0,0.0,0.0,0.0,0.0,0.0,0.0,0.0,0.0,-2,-2
198,1,-1,-0.19232682883739471,14.559306144714355,3.126772165298462,1,0,1,1,1,1,1,0,1,8,25.965365210085217,40,35.984126984126675,1,0,0,1,0,0,0,0,0,0.0,-2.86,0.0,0.0,0.0,0.0,0.0,0.0,0.0,0.0,0.0,0.0,0.0,0.0,0.0,0.0,-2,-2
197,1,-1,-0.19232438504695887,14.559308052062988,3.1270313262939453,1,0,1,1,1,1,1,0,1,8,22.63203187675188,40,34.873015873015554,1,0,0,1,0,0,0,0,0,0,0,0.0,0.0,0.0,0.0,0.0,0.0,0.0,0.0,0.0,0.0,0.0,0.0,0.0,0.0,-2,-2
196,1,-1,-0.19232438504695887,14.559308052062988,3.1270313262939453,1,0,1,1,1,1,1,0,1,7,22.63203187675188,40,33.76190476190445,1,0,0,1,0,0,0,0,0,0,0,0.0,0.0,0.0,1.0,0.0,0.0,0.0,0.0,0.0,0.0,0.0,0.0,0.0,0.0,-2,-2
195,1,-1,-0.17079196870326996,14.556706428527832,2.850392341613769,1,0,1,1,1,1,1,0,1,7,20.0,40,33.09523809523777,1,0,0,1,0,0,0,0,0,0,0,0.0,0.0,0.0,1.0,0.0,0.0,0.0,1.0,0.0,0.0,0.0,0.0,0.0,0.0,-2,-2
194,1,-1,-0.1507236808538437,14.554049491882324,2.4232752323150635,1,0,1,1,1,1,1,0,1,6,20.0,40,32.31746031745999,0,0,0,1,0,0,0,0,0,0,0,0.0,0.0,0.0,0.0,1.0,0.0,0.0,0.0,0.0,0.0,0.0,0.0,0.0,0.0,-2,-2
193,1,-1,-0.14640307426452634,14.55458164215088,1.9000225067138672,1,0,1,1,1,1,1,0,1,6,20.0,40,31.76190476190443,0,0,0,1,0,0,0,0,0,0,0,0.0,0.0,1.0,0.0,0.0,0.0,0.0,0.0,0.0,0.0,0.0,0.0,0.0,0.0,-2,-2
192,1,-1,-0.14433641731739044,14.554925918579102,1.3689095973968506,1,0,1,1,1,1,1,0,1,5,20.0,40,31.206349206348875,0,0,0,1,0,0,0,0,0,0,0,0.0,0.0,0.0,0.0,0.0,0.0,0.0,0.0,0.0,0.0,0.0,0.0,0.0,0.0,-2,-2
191,1,-1,-0.14491474628448486,14.556238174438475,0.8465781211853027,1,0,1,1,1,1,1,0,1,5,20.0,40,33.730158730158394,0,0,0,1,0,0,0,0,0,0,0,0.0,0.0,0.0,0.0,0.0,0.0,0.0,0.0,0.0,0.0,0.0,0.0,0.0,0.0,-2,-2
