remaining_time,robot_mode,alarm,robot_x,robot_y,robot_theta,tree 1,tree 2,tree 3,tree 4,tree 5,tree 6,tree 7,tree 8,tree 9,battery_level,temperature,water_robot_tank,water_ground_tank,leak 1,leak 2,leak 3,leak 4,leak 5,leak 6,leak 7,leak 8,leak 9,direction,avancement,left,right,push,wrench,leak 1,leak 2,leak 3,leak 4,leak 5,leak 6,leak 7,leak 8,leak 9,rm_alarm,errors,shortcuts
290,1,-1,4.909916877746582,-11.426362991333008,2.8267898559570312,1,0,1,1,1,0,0,1,1,38,20.0,20,2.142857142857167,1,0,0,1,0,0,0,1,0,0,0,0.0,1.0,0.0,0.0,0.0,0.0,0.0,0.0,0.0,0.0,0.0,0.0,0.0,0.0,-2,-2
289,1,-1,3.643803596496582,-11.02028751373291,2.83615517616272,1,0,1,1,1,0,0,1,1,38,20.0,20,4.59523809523812,1,0,0,1,0,0,0,1,0,0,0,0.0,0.0,0.0,0.0,0.0,0.0,0.0,0.0,0.0,0.0,0.0,0.0,0.0,0.0,-2,-2
288,1,-1,2.707340240478516,-10.730999946594238,2.8479819297790527,1,0,1,1,1,0,0,1,1,37,20.0,20,6.333333333333356,1,0,0,1,0,0,0,1,0,0,0,1.0,0.0,0.0,0.0,0.0,0.0,0.0,0.0,0.0,0.0,0.0,0.0,0.0,0.0,-2,-2
287,1,-1,2.0080883502960205,-10.5211763381958,2.85581111907959,1,0,1,1,1,0,0,1,1,37,20.0,20,7.357142857142879,1,0,0,1,0,0,0,1,0,0,0,0.0,0.0,0.0,0.0,0.0,0.0,0.0,0.0,0.0,0.0,0.0,0.0,0.0,0.0,-2,-2
286,1,-1,1.5134763717651367,-10.378028869628906,2.8686039447784424,1,0,1,1,1,0,0,1,1,36,20.0,20,7.666666666666687,1,0,0,1,0,0,0,1,0,0,0,0.0,0.0,0.0,1.0,0.0,0.0,0.0,0.0,0.0,0.0,0.0,0.0,0.0,0.0,-2,-2
285,1,-1,1.155346393585205,-10.27487087249756,2.8740358352661133,1,0,1,1,1,0,0,1,1,36,20.0,20,7.261904761904782,1,0,0,0,1,0,0,1,0,0,0,0.0,0.0,0.0,0.0,0.0,0.0,0.0,1.0,0.0,0.0,0.0,0.0,0.0,0.0,-2,-2
284,1,-1,0.8812683820724487,-10.200773239135742,2.889837741851806,1,0,1,1,1,0,0,1,1,35,20.0,20,6.428571428571448,1,0,0,0,1,0,0,1,0,0,0,0.0,0.0,0.0,1.0,0.0,0.0,0.0,0.0,0.0,0.0,0.0,0.0,0.0,0.0,-2,-2
283,1,-1,0.6756042242050171,-10.147988319396973,2.8959012031555176,1,0,1,1,1,0,0,1,1,35,20.0,20,5.7619047619047805,0,0,0,0,1,0,0,1,0,0,0,0.0,0.0,0.0,0.0,1.0,0.0,0.0,0.0,0.0,0.0,0.0,0.0,0.0,0.0,-2,-2
282,1,-1,0.5241315364837646,-10.110262870788574,2.9054563045501713,1,0,1,1,1,0,0,1,1,34,20.0,20,9.206349206349227,0,0,0,0,1,0,0,1,0,0,0,0.0,0.0,1.0,0.0,0.0,0.0,0.0,0.0,0.0,0.0,0.0,0.0,0.0,0.0,-2,-2
281,1,-1,0.4123313128948212,-10.083603858947754,2.907560110092163,1,0,1,1,1,0,0,1,1,34,20.0,30,3.0793650793651013,0,0,0,0,1,0,0,1,0,0,0,0.0,0.0,0.0,1.0,0.0,0.0,0.0,0.0,0.0,0.0,0.0,0.0,0.0,0.0,-2,-2
