remaining_time,robot_mode,alarm,robot_x,robot_y,robot_theta,tree 1,tree 2,tree 3,tree 4,tree 5,tree 6,tree 7,tree 8,tree 9,battery_level,temperature,water_robot_tank,water_ground_tank,leak 1,leak 2,leak 3,leak 4,leak 5,leak 6,leak 7,leak 8,leak 9,direction,avancement,left,right,push,wrench,leak 1,leak 2,leak 3,leak 4,leak 5,leak 6,leak 7,leak 8,leak 9,rm_alarm,errors,shortcuts
400,1,-1,15.421698570251465,16.06988525390625,2.338446617126465,1,1,1,1,0,1,1,1,1,99,20.0,10,93.222222222222,0,0,0,0,1,0,0,0,0,0.53,0.0,0.0,0.0,0.0,0.0,0.0,0.0,0.0,0.0,0.0,0.0,0.0,0.0,0.0,0.0,-2,-2
399,1,-1,15.421698570251465,16.06988525390625,2.338446617126465,1,1,1,1,0,1,1,1,1,100,20.0,10,92.66666666666643,0,0,0,0,1,0,0,0,0,0.53,0.0,0.0,0.0,0.0,0.0,0.0,0.0,0.0,0.0,0.0,0.0,0.0,0.0,0.0,0.0,-2,-2
398,1,-1,15.422057151794435,16.063251495361328,2.8859457969665527,1,1,1,1,0,1,1,1,1,99,20.0,10,92.11111111111086,0,0,0,0,1,0,0,0,0,0.42400000000000004,0.572,0.0,0.0,0.0,0.0,0.0,0.0,0.0,0.0,0.0,0.0,0.0,0.0,0.0,0.0,-2,-2
397,1,4,15.175434112548828,16.044763565063473,-3.0737395286560063,1,1,1,1,0,1,1,1,1,100,20.0,10,91.55555555555529,0,0,0,0,1,0,0,0,0,0.0,2.86,0.0,0.0,0.0,0.0,0.0,0.0,0.0,0.0,0.0,0.0,0.0,0.0,0.0,0.0,-2,-2
396,1,-1,13.434505462646484,15.870829582214355,-3.034404754638672,1,1,1,1,0,1,1,1,1,99,20.0,10,90.99999999999972,0,0,0,0,1,0,0,0,0,0.0,2.86,0.0,0.0,0.0,0.0,0.0,0.0,0.0,0.0,0.0,0.0,0.0,0.0,0.0,0.0,-2,-2
395,1,-1,11.775677680969238,15.69061279296875,-3.0324745178222656,1,1,1,1,0,1,1,1,1,99,20.0,10,90.44444444444414,0,0,0,0,1,0,0,0,0,0,0,0.0,0.0,0.0,0.0,0.0,0.0,0.0,0.0,0.0,0.0,0.0,0.0,0.0,1.0,-2,-2
394,1,-1,10.118057250976562,15.502756118774414,-3.0269720554351807,1,1,1,1,0,1,1,1,1,98,20.0,10,89.88888888888857,0,0,0,0,1,0,0,0,0,0,0,0.0,0.0,0.0,0.0,0.0,0.0,0.0,0.0,0.0,0.0,0.0,0.0,0.0,0.0,-2,-2
393,1,-1,8.675372123718263,15.328590393066404,-3.017294645309448,1,1,1,1,1,1,1,1,1,98,20.0,10,89.333333333333,0,0,0,0,1,0,0,0,0,0,0,0.0,0.0,0.0,0.0,0.0,0.0,0.0,0.0,0.0,0.0,0.0,0.0,0.0,0.0,-2,-2
392,1,-1,7.5810794830322275,15.184273719787598,-3.008453369140625,1,1,1,1,1,1,1,1,1,97,20.0,10,88.77777777777744,0,0,0,0,1,0,0,0,0,0,0,0.0,0.0,0.0,0.0,0.0,0.0,0.0,0.0,0.0,0.0,0.0,0.0,0.0,0.0,-2,-2
391,1,-1,6.79556941986084,15.072958946228027,-2.9932372570037837,0,1,1,1,1,1,1,1,1,97,20.0,0,88.22222222222184,0,0,0,0,1,0,0,0,0,0,0,0.0,0.0,0.0,0.0,0.0,0.0,0.0,0.0,0.0,0.0,0.0,0.0,0.0,0.0,-2,-2
