remaining_time,robot_mode,alarm,robot_x,robot_y,robot_theta,tree 1,tree 2,tree 3,tree 4,tree 5,tree 6,tree 7,tree 8,tree 9,battery_level,temperature,water_robot_tank,water_ground_tank,leak 1,leak 2,leak 3,leak 4,leak 5,leak 6,leak 7,leak 8,leak 9,direction,avancement,left,right,push,wrench,leak 1,leak 2,leak 3,leak 4,leak 5,leak 6,leak 7,leak 8,leak 9,rm_alarm,errors,shortcuts
450,1,-1,0.32812514901161194,14.98292636871338,-1.9141651391983032,0,0,1,1,1,1,1,1,0,25,20.0,10,7.8650793650790325,0,0,0,1,0,0,0,0,0,0,0,0.0,0.0,1.0,0.0,0.0,0.0,0.0,0.0,0.0,0.0,0.0,0.0,0.0,0.0,-2,-2
449,1,-1,0.3295726180076599,14.982076644897461,-2.44797945022583,0,0,1,1,1,1,1,1,0,25,20.0,10,10.587301587301255,0,0,0,1,0,0,0,0,0,0,0,0.0,1.0,1.0,0.0,0.0,0.0,0.0,0.0,0.0,0.0,0.0,0.0,0.0,0.0,-2,-2
448,1,-1,0.3271907269954681,14.980609893798828,-2.8759515285491943,0,0,1,1,1,1,1,1,0,24,20.0,10,12.595238095237764,0,0,0,1,0,0,0,0,0,0,0,0.0,0.0,1.0,0.0,0.0,0.0,0.0,0.0,0.0,0.0,0.0,0.0,0.0,0.0,-2,-2
447,1,-1,0.07863622158765793,14.919367790222168,-2.9033918380737305,0,0,1,1,1,1,1,1,0,24,20.0,10,12.039682539682213,0,0,0,1,0,0,0,0,0,0,0,0.0,1.0,1.0,0.0,0.0,0.0,0.0,0.0,0.0,0.0,0.0,0.0,0.0,0.0,-2,-2
446,1,-1,1.1208333969116209,15.163047790527346,-2.9105656147003174,0,0,1,1,1,1,1,1,0,23,20.0,10,11.738095238094909,0,0,0,1,0,0,0,0,0,0,0,0.0,0.0,1.0,0.0,0.0,0.0,0.0,0.0,0.0,0.0,0.0,0.0,0.0,0.0,-2,-2
445,1,-1,0.06943316757678986,14.32642650604248,-2.3439483642578125,0,0,1,1,1,1,1,1,0,23,20.0,10,13.603174603174276,0,0,0,1,0,0,0,0,1,0,0,1.0,0.0,1.0,0.0,0.0,0.0,0.0,0.0,0.0,0.0,0.0,0.0,0.0,0.0,-2,-2
444,1,-1,-0.061729811131954186,14.189136505126953,-2.764922857284546,0,0,1,1,1,1,1,1,0,22,20.0,10,16.333333333333005,0,0,0,1,0,0,0,0,1,0,0,0.0,0.0,1.0,0.0,0.0,0.0,0.0,0.0,0.0,0.0,0.0,0.0,0.0,0.0,-2,-2
443,1,-1,1.0820258855819702,14.114802360534668,2.9523913860321045,0,0,1,1,1,1,1,1,0,22,20.0,10,19.20634920634888,0,0,0,1,0,0,0,0,1,0,0,0.0,1.0,1.0,0.0,0.0,0.0,0.0,0.0,0.0,0.0,0.0,0.0,0.0,0.0,-2,-2
442,1,-1,-0.04095061868429184,13.824277877807615,-2.814754009246826,0,0,1,1,1,1,1,1,0,21,20.0,10,20.14285714285682,0,0,0,1,0,0,0,0,1,0,0,1.0,0.0,1.0,0.0,0.0,0.0,0.0,0.0,0.0,0.0,0.0,0.0,0.0,0.0,-2,-2
441,1,-1,-0.17306849360466006,13.77780818939209,2.9735066890716557,0,0,1,1,1,1,1,1,0,21,20.0,10,19.031746031745712,0,0,0,1,0,0,0,0,1,0,0,0.0,0.0,1.0,0.0,0.0,0.0,0.0,0.0,0.0,0.0,0.0,0.0,0.0,0.0,-2,-2
