remaining_time,robot_mode,alarm,robot_x,robot_y,robot_theta,tree 1,tree 2,tree 3,tree 4,tree 5,tree 6,tree 7,tree 8,tree 9,battery_level,temperature,water_robot_tank,water_ground_tank,leak 1,leak 2,leak 3,leak 4,leak 5,leak 6,leak 7,leak 8,leak 9,direction,avancement,left,right,push,wrench,leak 1,leak 2,leak 3,leak 4,leak 5,leak 6,leak 7,leak 8,leak 9,rm_alarm,errors,shortcuts
420,1,-1,6.412765979766847,0.8534707427024841,1.0443936586380005,1,0,0,1,0,1,0,1,1,10,20.0,80,5.5396825396824445,0,0,1,0,0,0,0,0,0,0,0,0.0,0.0,0.0,0.0,0.0,0.0,0.0,0.0,0.0,0.0,0.0,0.0,0.0,0.0,-2,-2
419,1,-1,6.412765979766847,0.8534707427024841,1.0443936586380005,1,0,0,1,0,1,0,1,1,10,20.0,80,4.984126984126892,0,0,1,0,0,0,0,0,0,0,0,0.0,0.0,0.0,0.0,0.0,0.0,0.0,0.0,0.0,0.0,0.0,0.0,0.0,0.0,-2,-2
418,1,-1,6.412765979766847,0.8534707427024841,1.0443936586380005,1,0,0,1,0,1,0,1,1,9,20.0,80,4.4285714285713365,0,0,1,0,0,0,0,0,0,0,0,1.0,0.0,0.0,0.0,0.0,0.0,0.0,0.0,0.0,0.0,0.0,0.0,0.0,0.0,-2,-2
417,1,-1,6.412765979766847,0.8534707427024841,1.0443936586380005,1,0,0,1,0,1,0,1,1,9,20.0,80,3.8730158730157833,0,0,1,0,0,0,0,0,0,0,0,1.0,0.0,0.0,0.0,0.0,0.0,0.0,0.0,0.0,0.0,0.0,0.0,0.0,0.0,-2,-2
416,1,-1,7.154329299926758,2.1268887519836426,1.0433125495910645,1,0,0,1,0,1,0,1,1,8,20.0,80,3.317460317460227,0,0,1,0,0,0,0,0,0,0,0,0.0,0.0,0.0,0.0,0.0,0.0,0.0,0.0,0.0,0.0,0.0,0.0,0.0,0.0,-2,-2
415,1,-1,7.996021270751952,3.5679552555084233,1.0342971086502075,1,0,0,1,0,1,0,1,1,8,20.0,80,2.7619047619046717,0,0,1,0,0,0,0,0,0,0,0,0.0,0.0,0.0,0.0,0.0,0.0,0.0,0.0,0.0,0.0,0.0,0.0,0.0,0.0,-2,-2
414,1,-1,8.846495628356934,5.002793312072754,1.036604642868042,1,0,0,1,0,1,0,1,1,7,20.0,80,2.2063492063491155,0,0,1,0,0,0,0,0,0,0,0,0.0,0.0,0.0,0.0,0.0,0.0,0.0,0.0,0.0,0.0,0.0,0.0,0.0,0.0,-2,-2
413,1,-1,9.697025299072266,6.438427448272705,1.030050277709961,1,0,0,1,0,1,0,1,1,7,20.0,80,1.6507936507935597,0,0,1,0,0,0,0,0,0,0,0,0.0,0.0,0.0,1.0,0.0,0.0,0.0,0.0,0.0,0.0,0.0,0.0,0.0,0.0,-2,-2
412,1,-1,10.556031227111816,7.8687381744384775,1.0286639928817751,1,0,0,1,0,1,0,1,1,6,20.0,80,1.5396825396824485,0,0,0,0,0,0,0,0,0,0,0,0.0,0.0,0.0,0.0,0.0,0.0,1.0,0.0,0.0,0.0,0.0,0.0,0.0,0.0,-2,-2
411,1,-1,11.418923377990724,9.296703338623047,1.0183753967285156,1,0,0,1,0,1,0,1,1,6,20.0,80,1.5396825396824485,0,0,0,0,0,0,0,0,0,0,0,1.0,0.0,0.0,0.0,0.0,0.0,0.0,0.0,0.0,0.0,0.0,0.0,0.0,0.0,-2,-2
