remaining_time,robot_mode,alarm,robot_x,robot_y,robot_theta,tree 1,tree 2,tree 3,tree 4,tree 5,tree 6,tree 7,tree 8,tree 9,battery_level,temperature,water_robot_tank,water_ground_tank,leak 1,leak 2,leak 3,leak 4,leak 5,leak 6,leak 7,leak 8,leak 9,direction,avancement,left,right,push,wrench,leak 1,leak 2,leak 3,leak 4,leak 5,leak 6,leak 7,leak 8,leak 9,rm_alarm,errors,shortcuts
80,1,-1,-1.167658448219299,-0.13350510597229004,1.6866942644119265,1,0,1,1,0,1,1,1,1,42,20.0,70,2.3174603174595405,0,0,1,0,0,0,0,0,0,0.0,2.86,0.0,0.0,0.0,0.0,0.0,0.0,0.0,0.0,0.0,0.0,0.0,0.0,0.0,0.0, -1, -1
79,1,-1,-1.167658448219299,-0.13350510597229004,1.6866942644119265,1,0,1,1,0,1,1,1,1,42,20.0,70,1.7619047619039847,0,0,1,0,0,0,0,0,0,0.17666666666666667,1.9066666666666665,0.0,0.0,0.0,0.0,0.0,0.0,0.0,0.0,0.0,0.0,0.0,0.0,0.0,0.0, -1, -1
78,1,-1,-1.506388545036316,2.0881211757659908,1.770931839942932,1,0,1,1,0,1,1,1,1,41,20.0,70,1.2063492063484291,0,0,1,0,0,0,0,0,0,0.0,2.86,0.0,0.0,0.0,0.0,0.0,0.0,0.0,0.0,0.0,0.0,0.0,0.0,0.0,0.0, -1, -1
77,1,4,-1.7590738534927368,3.312630176544189,1.7826935052871704,1,0,1,1,0,1,1,1,1,41,20.0,70,0.9841269841262066,0,0,1,0,0,0,0,0,0,0,0,0.0,0.0,0.0,1.0,0.0,0.0,0.0,0.0,0.0,0.0,0.0,0.0,0.0,0.0, -1, -1
76,1,-1,-1.9530221223831177,4.20893144607544,1.7890185117721558,1,0,1,0,0,1,1,1,1,40,20.0,60,0.9841269841262066,0,0,0,0,0,0,0,0,0,0,0,0.0,0.0,0.0,0.0,0.0,0.0,1.0,0.0,0.0,0.0,0.0,0.0,0.0,0.0, -1,1
75,1,-1,-2.1006011962890625,4.862961292266847,1.7951520681381226,1,0,1,0,0,1,1,1,1,40,20.0,60,0.9841269841262066,1,0,0,0,0,0,0,0,0,0,0,0.0,0.0,0.0,0.0,0.0,0.0,0.0,0.0,0.0,0.0,0.0,0.0,0.0,1.0, click, -1
74,1,-1,-1.6146609783172607,2.7458999156951904,1.7960822582244873,1,0,1,0,0,1,1,1,1,39,20.0,60,0.9841269841262066,1,0,0,0,0,0,0,0,0,0,0,0.0,1.0,0.0,0.0,0.0,0.0,0.0,0.0,0.0,0.0,0.0,0.0,0.0,0.0, -1,3
73,1,-1,-1.6146609783172607,2.7458999156951904,1.7960822582244873,1,0,1,0,0,1,1,1,1,39,20.0,60,0.9841269841262066,1,0,0,0,0,0,0,0,0,0,0,0.0,0.0,0.0,0.0,0.0,0.0,0.0,0.0,0.0,0.0,0.0,0.0,0.0,0.0, -1, -1
72,1,-1,-1.5785070657730105,2.592465400695801,1.4093888998031616,1,0,1,0,0,1,1,1,1,38,20.0,60,0.9841269841262066,1,0,0,0,0,0,0,0,0,0,0,0.0,0.0,0.0,0.0,0.0,0.0,0.0,0.0,0.0,0.0,0.0,0.0,0.0,0.0, -1, -1
71,1,-1,-1.3467521667480469,3.0977938175201416,1.1265676021575928,1,0,1,0,0,1,1,1,1,38,20.0,60,0.9841269841262066,1,0,0,0,0,0,0,0,0,0,0,0.0,0.0,0.0,1.0,0.0,0.0,0.0,0.0,0.0,0.0,0.0,0.0,0.0,0.0, -1, -1
