remaining_time,robot_mode,alarm,robot_x,robot_y,robot_theta,tree 1,tree 2,tree 3,tree 4,tree 5,tree 6,tree 7,tree 8,tree 9,battery_level,temperature,water_robot_tank,water_ground_tank,leak 1,leak 2,leak 3,leak 4,leak 5,leak 6,leak 7,leak 8,leak 9,direction,avancement,left,right,push,wrench,leak 1,leak 2,leak 3,leak 4,leak 5,leak 6,leak 7,leak 8,leak 9,rm_alarm,errors,shortcuts
460,1,-1,0.7032700181007385,12.683979034423828,1.4353895187377932,1,0,1,0,0,0,1,1,0,51,24.676620819541576,10,0.88888888888882,1,1,0,1,1,1,1,1,1,0,0,0.0,0.0,0.0,0.0,0.0,0.0,0.0,0.0,0.0,0.0,0.0,0.0,0.0,0.0,-2,-2
459,1,-1,0.7032700181007385,12.683979034423828,1.4353895187377932,1,0,1,0,0,0,1,1,0,51,24.676620819541576,10,0.88888888888882,1,1,0,1,1,1,1,1,1,0,0,0.0,0.0,0.0,0.0,0.0,0.0,0.0,0.0,0.0,0.0,0.0,0.0,0.0,0.0,-2,-2
458,1,-1,0.7031823992729187,12.68366813659668,1.0070321559906006,1,0,1,0,0,0,1,1,0,50,21.34328748620824,10,0.88888888888882,1,1,0,1,1,1,1,1,1,0,0,0.0,0.0,0.0,0.0,0.0,0.0,0.0,0.0,0.0,0.0,0.0,0.0,0.0,0.0,-2,-2
457,1,-1,0.7036314606666565,12.684441566467285,0.5597782731056213,1,0,1,0,0,0,1,1,0,50,20.0,10,0.88888888888882,1,1,0,1,1,1,1,1,1,0,0,0.0,0.0,0.0,0.0,0.0,0.0,0.0,0.0,0.0,0.0,0.0,0.0,0.0,0.0,-2,-2
456,1,-1,1.6320562362670898,13.199654579162598,0.4950416684150696,1,1,1,0,0,0,1,1,0,49,20.0,10,0.88888888888882,1,1,0,1,1,1,1,1,1,0,0,0.0,0.0,0.0,0.0,0.0,0.0,0.0,0.0,0.0,0.0,0.0,0.0,0.0,0.0,-2,-2
455,1,-1,2.37672758102417,13.599968910217285,0.4828082323074341,0,1,1,0,0,0,1,1,0,49,20.0,0,0.88888888888882,1,1,0,1,1,1,1,1,1,0,0,0.0,0.0,0.0,0.0,0.0,0.0,0.0,0.0,0.0,0.0,0.0,0.0,0.0,0.0,-2,-2
454,1,-1,2.9247972965240483,13.887743949890135,0.4834033846855164,0,1,1,0,0,0,1,1,0,48,20.0,0,0.88888888888882,1,1,0,1,1,1,1,1,1,0,0,0.0,0.0,0.0,0.0,0.0,0.0,0.0,0.0,0.0,0.0,0.0,0.0,0.0,0.0,-2,-2
453,1,-1,2.9247972965240483,13.887743949890135,0.4834033846855164,0,1,1,0,1,0,1,1,0,48,20.0,0,0.88888888888882,1,1,0,1,1,1,1,1,1,0,0,0.0,0.0,0.0,0.0,0.0,0.0,0.0,0.0,0.0,0.0,0.0,0.0,0.0,0.0,-2,-2
452,1,-1,1.4891879558563232,13.135404586791992,0.08491090685129166,0,1,1,0,1,0,1,1,0,47,21.673401887199972,0,0.88888888888882,1,1,0,1,1,1,1,1,1,0,0,0.0,0.0,0.0,0.0,0.0,0.0,0.0,0.0,0.0,0.0,0.0,0.0,0.0,0.0,-2,-2
451,1,-1,1.488929271697998,13.135762214660645,-0.4455903172492981,0,1,1,0,1,0,1,1,0,47,23.349600051709537,0,0.88888888888882,1,1,0,1,1,1,1,1,1,0,0,0.0,0.0,0.0,0.0,0.0,0.0,0.0,0.0,0.0,0.0,0.0,0.0,0.0,0.0,-2,-2
