remaining_time,robot_mode,alarm,robot_x,robot_y,robot_theta,tree 1,tree 2,tree 3,tree 4,tree 5,tree 6,tree 7,tree 8,tree 9,battery_level,temperature,water_robot_tank,water_ground_tank,leak 1,leak 2,leak 3,leak 4,leak 5,leak 6,leak 7,leak 8,leak 9,direction,avancement,left,right,push,wrench,leak 1,leak 2,leak 3,leak 4,leak 5,leak 6,leak 7,leak 8,leak 9,rm_alarm,errors,shortcuts
80,1,-1,11.24528694152832,-12.231298446655273,2.174152612686157,1,1,1,1,1,1,0,0,1,46,20.0,40,34.62698412698323,0,0,0,0,0,1,0,0,0,0,0,0.0,0.0,0.0,0.0,0.0,0.0,0.0,0.0,0.0,0.0,0.0,0.0,0.0,0.0, -1, -1
79,1,-1,10.297497749328613,-10.858357429504396,2.1767561435699463,1,1,1,1,1,1,0,0,1,46,20.0,40,37.77777777777688,0,0,0,0,0,1,0,0,0,0,0,1.0,0.0,0.0,0.0,0.0,0.0,0.0,0.0,0.0,0.0,0.0,0.0,0.0,0.0, -1,1
78,1,-1,9.346850395202637,-9.486717224121094,2.1772186756134038,1,1,1,1,1,1,0,0,1,45,20.0,40,40.2142857142848,0,0,0,0,0,1,0,0,0,0,0,0.0,1.0,0.0,0.0,0.0,0.0,0.0,0.0,0.0,0.0,0.0,0.0,0.0,0.0, -1,1
77,1,-1,8.412552833557129,-8.137803077697754,2.176053524017334,1,1,1,1,1,1,0,0,1,45,20.0,40,41.93650793650703,0,0,0,0,0,1,0,0,0,0,0,0.0,0.0,0.0,0.0,0.0,0.0,0.0,0.0,0.0,0.0,0.0,0.0,0.0,0.0, -1, -1
76,1,-1,7.460491180419923,-6.767860889434815,2.179793119430542,1,1,1,1,1,1,0,0,1,44,20.0,40,43.055555555554626,0,0,0,0,0,0,0,0,0,0,0,0.0,0.0,0.0,1.0,0.0,0.0,0.0,0.0,0.0,1.0,0.0,0.0,0.0,0.0, -1,1
75,1,-1,6.44171953201294,-5.308483600616455,2.186200857162476,1,1,1,1,1,1,0,0,1,44,20.0,40,43.626984126983224,0,0,0,0,0,0,0,0,0,0,0,0.0,0.0,0.0,0.0,0.0,0.0,0.0,0.0,0.0,0.0,0.0,0.0,0.0,0.0, -1, -1
74,1,-1,5.4752163887023935,-3.948940515518189,2.189189910888672,1,1,1,1,1,1,0,0,1,43,20.0,40,43.626984126983224,0,0,0,0,0,0,0,0,0,0,0,0.0,0.0,1.0,0.0,0.0,0.0,0.0,0.0,0.0,0.0,0.0,0.0,0.0,0.0, -1, -1
73,1,-1,4.508216857910156,-2.589115858078003,2.189738750457764,1,1,1,1,1,1,0,0,1,43,20.0,40,43.626984126983224,0,0,0,0,0,0,0,0,0,0,0,0.0,0.0,0.0,0.0,0.0,0.0,0.0,0.0,0.0,0.0,0.0,0.0,0.0,0.0, -1,1
72,1,-1,3.553903341293335,-1.254594326019287,2.193733930587769,1,1,1,1,1,1,0,0,1,42,20.0,40,43.626984126983224,0,0,0,0,0,0,0,0,0,0,0,0.0,0.0,0.0,0.0,0.0,0.0,0.0,0.0,0.0,0.0,0.0,0.0,0.0,0.0, -1, -1
71,1,-1,2.556446075439453,0.1175776869058609,2.1994218826293945,1,1,1,1,1,1,0,0,1,42,20.0,40,43.626984126983224,0,0,0,0,0,0,0,0,0,0,0,0.0,1.0,0.0,0.0,0.0,0.0,0.0,0.0,0.0,0.0,0.0,0.0,0.0,0.0, -1,1
