remaining_time,robot_mode,alarm,robot_x,robot_y,robot_theta,tree 1,tree 2,tree 3,tree 4,tree 5,tree 6,tree 7,tree 8,tree 9,battery_level,temperature,water_robot_tank,water_ground_tank,leak 1,leak 2,leak 3,leak 4,leak 5,leak 6,leak 7,leak 8,leak 9,direction,avancement,left,right,push,wrench,leak 1,leak 2,leak 3,leak 4,leak 5,leak 6,leak 7,leak 8,leak 9,rm_alarm,errors,shortcuts
30,1,-1,-0.31724852323532104,-3.0136711597442627,-1.5569916963577268,1,0,1,0,0,1,1,0,1,21,20.0,0,99.77777777777777,0,0,0,0,0,1,0,0,0,0,0,0.0,0.0,0.0,0.0,0.0,0.0,0.0,0.0,0.0,0.0,0.0,0.0,0.0,0.0, -1, -1
29,1,-1,-0.31724441051483154,-3.013676881790161,-1.5569770336151123,1,0,1,0,0,1,1,0,1,21,20.0,0,99.2222222222222,0,0,0,0,0,1,0,0,0,0.53,0.0,0.0,0.0,0.0,0.0,0.0,0.0,0.0,0.0,0.0,0.0,0.0,0.0,0.0,0.0, -1, -1
28,1,-1,-0.31724441051483154,-3.013676881790161,-1.5569770336151123,1,0,1,0,0,1,1,0,1,20,20.0,0,98.66666666666664,0,0,0,0,0,1,0,0,0,0.53,0.0,0.0,0.0,0.0,0.0,0.0,0.0,0.0,0.0,0.0,0.0,0.0,0.0,0.0,0.0, -1, -1
27,1,-1,-0.31615060567855835,-3.013355493545532,-1.1638848781585691,1,0,1,0,0,1,1,0,1,20,20.0,0,98.11111111111107,0,0,0,0,0,1,0,0,0,-0.53,0.0,0.0,0.0,0.0,0.0,0.0,0.0,0.0,0.0,0.0,0.0,0.0,0.0,0.0,0.0, -1, -1
26,1,-1,-0.3158734142780304,-3.01367449760437,-0.622137188911438,1,0,1,0,0,1,1,0,1,19,20.0,0,97.55555555555547,0,0,0,0,0,1,0,0,0,-0.53,0.0,0.0,0.0,0.0,0.0,0.0,0.0,0.0,0.0,0.0,0.0,0.0,0.0,0.0,0.0, -1, -1
25,1,-1,-0.3152154386043549,-3.013605117797852,-0.0753559097647667,1,0,1,0,0,1,1,0,1,19,20.0,0,96.77777777777769,0,0,0,0,0,1,0,0,1,0,0,0.0,0.0,0.0,0.0,0.0,0.0,0.0,0.0,0.0,0.0,0.0,0.0,0.0,0.0, -1, -1
24,1,-1,-0.31396129727363586,-3.012894868850708,0.4944645762443543,1,0,1,0,1,1,1,0,1,18,20.0,0,95.66666666666654,0,0,0,0,0,1,0,0,1,0,0,0.0,0.0,0.0,1.0,0.0,0.0,0.0,0.0,0.0,0.0,0.0,0.0,0.0,0.0, -1,1
23,1,-1,-0.047224629670381546,-2.728812456130981,0.8332297801971436,1,0,1,0,1,1,1,0,1,18,20.0,0,95.11111111111096,0,0,0,0,0,0,0,0,1,0,0,0.0,0.0,0.0,1.0,0.0,0.0,0.0,0.0,0.0,1.0,0.0,0.0,0.0,0.0, -1,1
22,1,-1,1.0580694675445557,-1.4799145460128784,0.844310998916626,1,0,1,0,1,1,1,0,1,17,20.0,0,94.99999999999987,0,0,0,0,0,0,0,0,0,0,0,0.0,0.0,0.0,0.0,0.0,0.0,0.0,0.0,0.0,0.0,0.0,0.0,1.0,0.0, -1, -1
21,1,-1,2.167092084884644,-0.23528818786144254,0.8407709002494812,1,0,1,0,1,1,1,0,1,17,20.0,0,94.99999999999987,0,0,0,0,0,0,0,0,0,0,0,0.0,0.0,0.0,0.0,0.0,0.0,0.0,0.0,0.0,0.0,0.0,0.0,0.0,0.0, -1, -1
