remaining_time,robot_mode,alarm,robot_x,robot_y,robot_theta,tree 1,tree 2,tree 3,tree 4,tree 5,tree 6,tree 7,tree 8,tree 9,battery_level,temperature,water_robot_tank,water_ground_tank,leak 1,leak 2,leak 3,leak 4,leak 5,leak 6,leak 7,leak 8,leak 9,direction,avancement,left,right,push,wrench,leak 1,leak 2,leak 3,leak 4,leak 5,leak 6,leak 7,leak 8,leak 9,rm_alarm,errors,shortcuts
560,1,-1,13.52706241607666,11.616302490234375,1.0487488508224487,0,0,0,0,0,0,1,0,1,80,20.0,80,0.8888888888889029,0,1,0,0,0,0,0,0,0,0,0,0.0,0.0,0.0,0.0,0.0,0.0,0.0,0.0,0.0,0.0,0.0,0.0,0.0,0.0, -1, -1
559,1,-1,14.20904541015625,12.82244873046875,1.0626363754272459,0,0,0,0,0,0,1,0,1,80,20.0,80,0.8333333333333475,0,1,0,0,0,0,0,0,0,0,0,0.0,0.0,0.0,0.0,0.0,0.0,0.0,0.0,0.0,0.0,0.0,0.0,0.0,0.0, -1, -1
558,1,-1,14.699786186218262,13.710192680358887,1.0687688589096072,0,0,0,0,0,0,1,1,1,79,20.0,80,0.8333333333333475,0,1,0,0,0,0,0,0,0,0,0,1.0,0.0,0.0,0.0,0.0,0.0,0.0,0.0,0.0,0.0,0.0,0.0,0.0,0.0, -1,2
557,1,-1,15.052831649780273,14.364960670471193,1.0784369707107544,0,0,0,0,0,0,1,1,1,79,20.0,80,0.8333333333333475,0,1,0,0,0,0,0,0,0,0,0,1.0,0.0,0.0,1.0,0.0,0.0,0.0,0.0,0.0,0.0,0.0,0.0,0.0,0.0, -1,2
556,1,-1,15.307218551635742,14.844491004943848,1.088500738143921,0,0,0,0,0,0,1,1,1,78,20.0,80,0.8333333333333475,0,0,0,0,0,0,0,0,0,0,0,0.0,0.0,0.0,0.0,0.0,1.0,0.0,0.0,0.0,0.0,0.0,0.0,0.0,0.0, -1, -1
555,1,-1,15.48921012878418,15.191119194030762,1.1033040285110474,0,0,0,0,0,0,1,1,1,78,20.0,80,0.8333333333333475,0,0,0,0,0,0,0,0,0,0,0,0.0,0.0,0.0,0.0,0.0,0.0,0.0,0.0,0.0,0.0,0.0,0.0,0.0,0.0, -1, -1
554,1,-1,15.61949634552002,15.453242301940918,1.1211260557174685,0,0,0,0,0,0,1,1,1,82,20.0,80,0.8333333333333475,0,0,0,0,0,0,0,0,0,0,0,0.0,0.0,0.0,0.0,0.0,0.0,0.0,0.0,0.0,0.0,0.0,0.0,0.0,0.0, -1, -1
553,1,-1,15.71389865875244,15.648590087890625,1.1195052862167358,0,0,0,0,0,0,1,1,1,92,20.0,80,0.8333333333333475,0,0,0,0,0,0,0,0,0,0,0,1.0,0.0,0.0,0.0,0.0,0.0,0.0,0.0,0.0,0.0,0.0,0.0,0.0,0.0, -1,1
552,1,-1,15.782819747924805,15.792200088500975,1.134484052658081,0,0,0,0,0,0,1,1,1,99,20.0,80,0.8333333333333475,0,0,0,0,0,0,0,0,0,0,0,0.0,0.0,0.0,0.0,0.0,0.0,0.0,0.0,0.0,0.0,0.0,0.0,0.0,0.0, -1, -1
551,1,-1,15.832777976989744,15.898223876953125,1.1327974796295166,0,0,0,0,0,0,1,1,1,100,20.0,80,0.8333333333333475,0,0,0,0,0,0,0,0,0,0,0,0.0,1.0,0.0,0.0,0.0,0.0,0.0,0.0,0.0,0.0,0.0,0.0,0.0,0.0, -1,1
