remaining_time,robot_mode,alarm,robot_x,robot_y,robot_theta,tree 1,tree 2,tree 3,tree 4,tree 5,tree 6,tree 7,tree 8,tree 9,battery_level,temperature,water_robot_tank,water_ground_tank,leak 1,leak 2,leak 3,leak 4,leak 5,leak 6,leak 7,leak 8,leak 9,direction,avancement,left,right,push,wrench,leak 1,leak 2,leak 3,leak 4,leak 5,leak 6,leak 7,leak 8,leak 9,rm_alarm,errors,shortcuts
510,1,-1,16.54244613647461,-0.8374104499816895,-1.5365257263183594,1,1,1,0,0,1,1,1,1,80,20.0,40,0.8888888888885962,0,1,0,0,0,1,1,1,0,0,0,0.0,0.0,0.0,0.0,0.0,0.0,0.0,0.0,0.0,0.0,0.0,0.0,0.0,0.0,-2,-2
509,1,-1,16.593246459960938,-2.310197353363037,-1.5411266088485718,1,1,1,0,0,1,1,1,1,80,20.0,40,0.8888888888885962,0,1,0,0,0,1,1,1,0,0,0,0.0,0.0,0.0,0.0,0.0,0.0,0.0,0.0,0.0,0.0,0.0,0.0,0.0,0.0,-2,-2
508,1,-1,16.637765884399414,-3.9786455631256095,-1.5444016456604004,1,1,1,0,0,1,1,1,1,79,20.0,40,0.8888888888885962,0,1,0,0,0,1,1,1,0,0,0,0.0,0.0,0.0,0.0,0.0,0.0,0.0,0.0,0.0,0.0,0.0,0.0,0.0,0.0,-2,-2
507,1,-1,16.676013946533207,-5.6467628479003915,-1.5528284311294556,1,1,1,0,0,1,1,1,1,79,20.0,40,0.8888888888885962,0,1,0,0,0,1,1,1,0,0,0,0.0,0.0,0.0,0.0,0.0,0.0,0.0,0.0,0.0,0.0,0.0,0.0,0.0,0.0,-2,-2
506,1,-1,16.700969696044922,-7.31157112121582,-1.5644797086715698,1,1,1,0,0,1,1,1,1,78,20.0,40,0.8888888888885962,0,1,0,0,0,1,1,1,0,0,0,0.0,0.0,0.0,0.0,0.0,0.0,0.0,0.0,0.0,0.0,0.0,0.0,0.0,0.0,-2,-2
505,1,-1,16.708539962768555,-8.693951606750487,-1.569460391998291,1,1,1,0,0,1,1,1,1,78,20.0,40,0.8888888888885962,0,1,0,0,0,1,1,1,0,0,0,0.0,0.0,0.0,0.0,0.0,0.0,0.0,0.0,0.0,0.0,0.0,0.0,0.0,0.0,-2,-2
504,1,-1,16.704431533813473,-9.706732749938963,-1.5776225328445437,1,1,1,0,0,0,1,1,1,77,20.0,30,0.8888888888885962,0,1,0,0,0,1,1,1,0,0,0,0.0,0.0,0.0,0.0,0.0,0.0,0.0,0.0,0.0,0.0,0.0,0.0,0.0,0.0,-2,-2
503,1,-1,16.69403076171875,-10.447480201721193,-1.5913839340209959,1,1,1,0,0,0,1,1,1,77,20.0,30,0.8888888888885962,0,1,0,0,0,1,1,1,0,0,0,0.0,0.0,0.0,0.0,0.0,0.0,0.0,0.0,0.0,0.0,0.0,0.0,0.0,0.0,-2,-2
502,1,-1,16.69403076171875,-10.447480201721193,-1.5913839340209959,1,1,1,0,0,0,1,1,1,76,20.0,30,0.8888888888885962,0,1,0,0,0,1,1,1,0,0,0,0.0,0.0,0.0,0.0,0.0,0.0,0.0,0.0,0.0,0.0,0.0,0.0,0.0,0.0,-2,-2
501,1,-1,16.719635009765625,-9.713326454162598,-1.5818006992340088,1,1,1,0,0,0,1,1,1,76,20.0,30,0.8888888888885962,0,1,0,0,0,1,1,1,0,0,0,0.0,0.0,0.0,0.0,0.0,0.0,0.0,0.0,0.0,0.0,0.0,0.0,0.0,0.0,-2,-2
