remaining_time,robot_mode,alarm,robot_x,robot_y,robot_theta,tree 1,tree 2,tree 3,tree 4,tree 5,tree 6,tree 7,tree 8,tree 9,battery_level,temperature,water_robot_tank,water_ground_tank,leak 1,leak 2,leak 3,leak 4,leak 5,leak 6,leak 7,leak 8,leak 9,direction,avancement,left,right,push,wrench,leak 1,leak 2,leak 3,leak 4,leak 5,leak 6,leak 7,leak 8,leak 9,rm_alarm,errors,shortcuts
90,1,-1,3.631542682647705,-3.4587924480438232,-2.115980863571167,1,1,1,1,1,1,1,1,1,53,20.0,0,0.9047619047619172,1,1,1,1,1,1,1,1,1,0,0,0.0,0.0,0.0,0.0,0.0,0.0,0.0,0.0,0.0,0.0,0.0,0.0,0.0,0.0, -1, -1
89,1,-1,3.631542682647705,-3.4587924480438232,-2.115980863571167,1,1,1,1,1,1,1,1,1,53,20.0,0,0.9047619047619172,1,1,1,1,1,1,1,1,1,0,0,0.0,0.0,0.0,0.0,0.0,0.0,0.0,0.0,0.0,0.0,0.0,0.0,0.0,0.0, -1, -1
88,1,-1,2.910598993301392,-4.678071975708008,-2.104026556015014,1,1,1,1,1,1,1,1,1,52,20.0,0,0.9047619047619172,1,1,1,1,1,1,1,1,1,0,0,0.0,0.0,0.0,0.0,0.0,0.0,0.0,0.0,0.0,0.0,0.0,0.0,0.0,0.0, -1, -1
87,1,-1,2.0849030017852783,-6.091762065887451,-2.096862316131592,1,1,1,1,1,1,1,1,1,52,20.0,0,0.9047619047619172,1,1,1,1,1,1,1,1,1,0,0,0.0,0.0,0.0,0.0,0.0,0.0,0.0,0.0,0.0,0.0,0.0,0.0,0.0,0.0, -1, -1
86,1,-1,1.5116757154464722,-7.098243236541747,-2.0809037685394287,1,1,1,1,1,1,1,1,1,51,20.0,0,0.9047619047619172,1,1,1,1,1,1,1,1,1,0,0,0.0,0.0,0.0,0.0,0.0,0.0,0.0,0.0,0.0,0.0,0.0,0.0,0.0,0.0, -1, -1
85,1,-1,1.100133776664734,-7.8395609855651855,-2.0676240921020512,1,1,1,1,1,1,1,1,1,51,20.0,0,0.9047619047619172,1,1,1,1,1,1,1,1,1,0,0,0.0,0.0,0.0,0.0,0.0,0.0,0.0,0.0,0.0,0.0,0.0,0.0,0.0,0.0, -1, -1
84,1,-1,0.8042646646499634,-8.384034156799316,-2.0683763027191158,1,1,1,1,1,1,1,1,1,50,20.0,0,0.9047619047619172,1,1,1,1,1,1,1,1,1,0,0,0.0,0.0,0.0,0.0,0.0,0.0,0.0,0.0,0.0,0.0,0.0,0.0,0.0,0.0, -1, -1
83,1,-1,0.5923967957496643,-8.77777099609375,-2.051602840423584,1,1,1,1,1,1,1,1,1,50,20.0,0,0.9047619047619172,1,1,1,1,1,1,1,1,1,0,0,0.0,0.0,0.0,0.0,0.0,0.0,0.0,0.0,0.0,0.0,0.0,0.0,0.0,0.0, -1, -1
82,1,-1,0.4390401244163513,-9.067313194274902,-2.0368380546569824,1,1,1,1,1,1,1,1,1,49,20.0,0,0.9047619047619172,1,1,1,1,1,1,1,1,1,0,0,0.0,0.0,0.0,0.0,0.0,0.0,0.0,0.0,0.0,0.0,0.0,0.0,0.0,0.0, -1, -1
81,1,-1,0.32767656445503235,-9.288049697875977,-2.03812575340271,1,1,1,1,1,1,1,1,1,49,20.0,0,0.9047619047619172,1,1,1,1,1,1,1,1,1,0,0,0.0,0.0,0.0,0.0,0.0,0.0,0.0,0.0,0.0,0.0,0.0,0.0,0.0,0.0, -1, -1
