remaining_time,robot_mode,alarm,robot_x,robot_y,robot_theta,tree 1,tree 2,tree 3,tree 4,tree 5,tree 6,tree 7,tree 8,tree 9,battery_level,temperature,water_robot_tank,water_ground_tank,leak 1,leak 2,leak 3,leak 4,leak 5,leak 6,leak 7,leak 8,leak 9,direction,avancement,left,right,push,wrench,leak 1,leak 2,leak 3,leak 4,leak 5,leak 6,leak 7,leak 8,leak 9,rm_alarm,errors,shortcuts
330,1,-1,-4.405623435974121,11.64547348022461,-0.5166835188865662,1,0,0,1,1,1,1,1,1,72,29.99941439488549,10,36.83333333333262,0,1,1,1,0,1,0,0,1,0,0,0.0,0.0,0.0,0.0,0.0,0.0,0.0,0.0,0.0,0.0,0.0,0.0,0.0,0.0, -1, -1
329,1,-1,-3.623247385025024,11.203229904174805,-0.5081530809402466,1,0,0,1,0,1,1,1,1,72,26.666081061552156,0,34.055555555554825,0,1,1,1,0,1,0,0,1,0,0,0.0,0.0,0.0,0.0,0.0,0.0,0.0,0.0,0.0,0.0,0.0,0.0,0.0,0.0, -1, -1
328,1,-1,-3.046266794204712,10.88394832611084,-0.5020719170570374,1,0,0,1,0,1,1,1,1,71,23.33274772821882,0,31.27777777777705,0,1,1,1,0,1,0,0,1,0,0,0.0,0.0,0.0,0.0,0.0,0.0,0.0,0.0,0.0,0.0,0.0,0.0,0.0,0.0, -1, -1
327,1,-1,-4.847217082977295,11.87351131439209,-0.5035945773124695,1,0,0,1,0,1,1,1,1,71,20.0,0,28.49999999999926,0,1,1,1,0,1,0,0,1,0,0,0.0,0.0,0.0,1.0,0.0,0.0,0.0,0.0,0.0,0.0,0.0,0.0,0.0,0.0, -1, -1
326,1,-1,-4.847217082977295,11.87351131439209,-0.5035945773124695,1,0,0,1,0,1,1,1,1,70,20.0,0,26.166666666665932,0,1,1,0,0,1,0,0,1,0,0,1.0,0.0,0.0,0.0,0.0,0.0,0.0,1.0,0.0,0.0,0.0,0.0,0.0,0.0, -1,1
325,1,-1,-5.088836669921875,12.007936477661133,-0.9302718043327332,1,0,0,1,0,1,1,1,1,70,20.0,0,23.944444444443718,0,1,1,0,0,1,0,1,1,0,0,0.0,0.0,0.0,1.0,0.0,0.0,0.0,0.0,0.0,0.0,0.0,0.0,0.0,0.0, -1,1
324,1,-1,-5.021185874938965,11.79738712310791,-1.27932870388031,1,0,0,1,0,1,1,1,1,69,20.0,0,21.499999999999265,0,0,1,0,0,1,0,1,1,0,0,0.0,0.0,0.0,0.0,0.0,1.0,0.0,0.0,0.0,0.0,0.0,0.0,0.0,0.0, -1, -1
323,1,-1,-4.596663951873778,10.183897972106934,-1.321532964706421,1,0,0,1,0,1,1,1,1,69,20.0,0,20.38888888888816,0,0,1,0,0,1,0,1,1,0,0,0.0,1.0,0.0,0.0,0.0,0.0,0.0,0.0,0.0,0.0,0.0,0.0,0.0,0.0, -1,2
322,1,-1,-4.183934211730957,8.567034721374513,-1.3234721422195437,1,0,0,1,0,1,1,1,1,68,23.900642943702714,0,22.27777777777705,0,0,1,0,0,1,0,1,1,0,0,0.0,0.0,1.0,0.0,0.0,0.0,0.0,0.0,0.0,0.0,0.0,0.0,0.0,0.0, -1,1
321,1,-1,-3.7753689289093018,6.949552059173584,-1.3243950605392456,1,0,0,1,0,1,1,1,1,68,35.95667281305627,0,25.73809523809452,0,0,1,0,0,1,0,1,1,0,0,0.0,0.0,0.0,1.0,0.0,0.0,0.0,0.0,0.0,0.0,0.0,0.0,0.0,0.0, -1, -1
