remaining_time,robot_mode,alarm,robot_x,robot_y,robot_theta,tree 1,tree 2,tree 3,tree 4,tree 5,tree 6,tree 7,tree 8,tree 9,battery_level,temperature,water_robot_tank,water_ground_tank,leak 1,leak 2,leak 3,leak 4,leak 5,leak 6,leak 7,leak 8,leak 9,direction,avancement,left,right,push,wrench,leak 1,leak 2,leak 3,leak 4,leak 5,leak 6,leak 7,leak 8,leak 9,rm_alarm,errors,shortcuts
500,1,-1,2.5412323474884038,12.255775451660154,2.170031309127808,1,0,1,0,0,0,1,1,0,50,62.82993056617049,10,0.8888888888886424,1,1,0,0,0,1,0,1,0,0,0,0.0,0.0,0.0,0.0,0.0,0.0,0.0,0.0,0.0,0.0,0.0,0.0,0.0,0.0,-2,-2
499,1,-1,2.542609691619873,12.255475997924805,1.6423397064208984,1,0,1,0,0,0,1,1,0,50,61.90233655282459,10,0.8888888888886424,1,1,0,0,0,1,0,1,0,0,0,0.0,0.0,0.0,0.0,0.0,0.0,0.0,0.0,0.0,0.0,0.0,0.0,0.0,0.0,-2,-2
498,1,-1,2.5430150032043457,12.254064559936525,1.1120904684066772,1,0,1,0,0,0,1,1,0,49,60.96923719640263,10,0.8888888888886424,1,1,0,0,0,1,0,1,0,0,0,0.0,0.0,0.0,0.0,0.0,0.0,0.0,0.0,0.0,0.0,0.0,0.0,0.0,0.0,-2,-2
497,1,-1,2.772225379943848,12.5571870803833,0.9013102054595948,0,0,1,0,0,0,1,1,0,49,57.6359038630693,0,0.8888888888886424,1,1,0,0,0,1,0,1,0,0,0,0.0,0.0,0.0,0.0,0.0,0.0,0.0,0.0,0.0,0.0,0.0,0.0,0.0,0.0,-2,-2
496,1,-1,3.216933488845825,13.11136245727539,0.8932021260261536,0,0,1,0,0,0,1,1,0,48,50.96923719640263,0,0.8888888888886424,1,1,0,0,0,1,0,1,0,0,0,0.0,0.0,0.0,0.0,0.0,0.0,0.0,0.0,0.0,0.0,0.0,0.0,0.0,0.0,-2,-2
495,1,-1,2.005420684814453,11.604303359985352,0.893624484539032,0,0,1,0,1,0,1,1,0,48,47.6359038630693,0,0.8888888888886424,1,1,1,0,0,1,0,1,0,0,0,0.0,0.0,0.0,0.0,0.0,0.0,0.0,0.0,0.0,0.0,0.0,0.0,0.0,0.0,-2,-2
494,1,-1,1.1289889812469482,10.51188850402832,0.8942949771881104,0,0,1,0,1,0,1,1,0,47,50.90809467938894,0,0.8888888888886424,1,1,1,0,0,1,0,1,0,0,0,0.0,0.0,0.0,0.0,0.0,0.0,0.0,0.0,0.0,0.0,0.0,0.0,0.0,0.0,-2,-2
493,1,-1,1.3614726066589355,11.551403999328613,1.4176689386367798,0,0,1,0,1,0,1,1,0,47,50.25600912591224,0,0.8888888888886424,1,1,1,0,0,1,0,1,0,0,0,0.0,0.0,0.0,0.0,0.0,0.0,0.0,0.0,0.0,0.0,0.0,0.0,0.0,0.0,-2,-2
492,1,-1,1.3878072500228882,11.740899085998535,1.4578834772109983,0,0,1,0,1,0,1,1,0,46,48.80309914361183,0,0.8888888888886424,1,1,1,0,0,1,0,1,0,0,0,0.0,0.0,0.0,0.0,0.0,0.0,0.0,0.0,0.0,0.0,0.0,0.0,0.0,0.0,-2,-2
491,1,-1,1.3878072500228882,11.740899085998535,1.4578834772109983,0,0,1,0,1,0,1,1,0,46,48.80309914361183,0,0.8888888888886424,1,1,1,0,0,1,0,1,0,0,0,0.0,0.0,0.0,0.0,0.0,0.0,0.0,0.0,0.0,0.0,0.0,0.0,0.0,0.0,-2,-2
