remaining_time,robot_mode,alarm,robot_x,robot_y,robot_theta,tree 1,tree 2,tree 3,tree 4,tree 5,tree 6,tree 7,tree 8,tree 9,battery_level,temperature,water_robot_tank,water_ground_tank,leak 1,leak 2,leak 3,leak 4,leak 5,leak 6,leak 7,leak 8,leak 9,direction,avancement,left,right,push,wrench,leak 1,leak 2,leak 3,leak 4,leak 5,leak 6,leak 7,leak 8,leak 9,rm_alarm,errors,shortcuts
410,1,-1,15.643922805786133,15.665244102478027,1.0217924118041992,0,1,1,0,1,1,1,1,1,99,20.0,0,0.8888888888886424,1,1,1,0,0,1,0,1,1,0,0,0.0,0.0,0.0,0.0,0.0,0.0,0.0,0.0,0.0,0.0,0.0,0.0,0.0,0.0,-2,-2
409,1,-1,15.643922805786133,15.665244102478027,1.0217924118041992,0,1,1,0,1,1,1,1,1,100,20.0,0,0.8888888888886424,1,1,1,0,0,1,0,1,1,0,0,0.0,0.0,0.0,0.0,0.0,0.0,0.0,0.0,0.0,0.0,0.0,0.0,0.0,0.0,-2,-2
408,1,-1,15.643919944763185,15.666218757629395,0.6497231721878052,0,1,1,0,1,1,1,1,1,99,20.0,0,0.8888888888886424,1,1,1,0,0,1,0,1,1,0,0,0.0,0.0,0.0,0.0,0.0,0.0,0.0,0.0,0.0,0.0,0.0,0.0,0.0,0.0,-2,-2
407,1,-1,15.643935203552244,15.666849136352539,0.16976183652877808,0,1,1,0,1,1,1,1,1,100,20.0,0,0.8888888888886424,1,1,1,0,0,1,0,1,1,0,0,0.0,0.0,0.0,0.0,0.0,0.0,0.0,0.0,0.0,0.0,0.0,0.0,0.0,0.0,-2,-2
406,1,-1,15.642802238464355,15.668152809143065,-0.311190128326416,0,1,1,0,1,1,1,1,1,99,20.0,0,0.8888888888886424,1,1,1,0,0,1,0,1,1,0,0,0.0,0.0,0.0,0.0,0.0,0.0,0.0,0.0,0.0,0.0,0.0,0.0,0.0,0.0,-2,-2
405,1,-1,15.642539024353027,15.671189308166506,-0.7981795668601991,1,1,1,0,1,1,1,1,1,100,20.0,0,0.8888888888886424,1,1,1,1,0,1,0,1,1,0,0,0.0,0.0,0.0,0.0,0.0,0.0,0.0,0.0,0.0,0.0,0.0,0.0,0.0,0.0,-2,-2
404,1,-1,15.64116668701172,15.672122955322266,-1.280060648918152,1,1,1,0,1,1,1,1,1,99,20.0,0,0.8888888888886424,1,1,1,1,0,1,0,1,1,0,0,0.0,0.0,0.0,0.0,0.0,0.0,0.0,0.0,0.0,0.0,0.0,0.0,0.0,0.0,-2,-2
403,1,-1,15.640582084655762,15.673367500305176,-1.7585325241088867,1,1,1,0,1,1,1,1,1,100,20.0,0,0.8888888888886424,1,1,1,1,0,1,0,1,1,0,0,0.0,0.0,0.0,0.0,0.0,0.0,0.0,0.0,0.0,0.0,0.0,0.0,0.0,0.0,-2,-2
402,1,-1,15.500991821289062,15.3999605178833,-2.0613534450531006,1,1,1,0,1,1,1,1,1,99,20.0,0,0.8888888888886424,1,1,1,1,0,1,0,1,1,0,0,0.0,0.0,0.0,0.0,0.0,0.0,0.0,0.0,0.0,0.0,0.0,0.0,0.0,0.0,-2,-2
401,1,-1,14.677593231201172,13.948904037475586,-2.089855432510376,1,1,1,0,1,1,1,1,1,100,20.0,0,0.8888888888886424,1,1,1,1,0,1,0,1,1,0,0,0.0,0.0,0.0,0.0,0.0,0.0,0.0,0.0,0.0,0.0,0.0,0.0,0.0,0.0,-2,-2
