remaining_time,robot_mode,alarm,robot_x,robot_y,robot_theta,tree 1,tree 2,tree 3,tree 4,tree 5,tree 6,tree 7,tree 8,tree 9,battery_level,temperature,water_robot_tank,water_ground_tank,leak 1,leak 2,leak 3,leak 4,leak 5,leak 6,leak 7,leak 8,leak 9,direction,avancement,left,right,push,wrench,leak 1,leak 2,leak 3,leak 4,leak 5,leak 6,leak 7,leak 8,leak 9,rm_alarm,errors,shortcuts
580,1,-1,-0.15240244567394254,6.309605598449707,1.6072144508361816,0,1,0,0,0,0,0,0,0,90,20.0,50,39.33333333333318,0,0,0,0,0,1,0,0,0,0,0,0.0,0.0,0.0,1.0,0.0,1.0,1.0,0.0,0.0,0.0,0.0,0.0,0.0,0.0, -1,1
579,1,-1,-0.21877168118953705,7.976552486419678,1.6153671741485596,0,1,0,0,0,1,0,0,0,90,20.0,50,38.77777777777761,0,0,0,0,0,1,0,0,0,0,0,1.0,0.0,0.0,0.0,0.0,0.0,0.0,0.0,0.0,0.0,0.0,0.0,0.0,0.0, -1,1
578,1,-1,-0.29675987362861633,9.632135391235352,1.6204906702041626,0,1,0,0,0,1,0,0,0,89,20.0,50,38.22222222222204,0,0,0,0,0,1,0,0,0,0,0,0.0,0.0,0.0,0.0,0.0,0.0,0.0,0.0,0.0,0.0,0.0,0.0,0.0,0.0, -1, -1
577,1,-1,-0.3741002678871155,10.976846694946287,1.6323144435882568,0,1,0,0,0,1,0,0,0,89,20.0,50,37.66666666666647,0,0,0,0,0,1,0,0,0,0,0,1.0,0.0,0.0,0.0,0.0,0.0,0.0,0.0,0.0,0.0,0.0,0.0,0.0,0.0, -1,1
576,1,-1,-0.4400891959667206,11.960320472717285,1.6408891677856443,0,0,0,0,0,1,1,0,0,88,20.0,40,37.111111111110894,0,0,0,0,0,1,0,0,0,0,0,0.0,0.0,0.0,0.0,0.0,0.0,0.0,0.0,0.0,0.0,0.0,0.0,0.0,0.0, -1, -1
575,1,-1,-0.4965824484825134,12.680133819580078,1.6499986648559568,0,0,0,0,0,1,1,0,0,88,20.0,40,36.55555555555532,0,0,1,0,0,1,0,0,0,0,0,0.0,0.0,0.0,0.0,0.0,0.0,0.0,0.0,0.0,0.0,0.0,0.0,0.0,0.0, -1, -1
574,1,-1,-0.3236687779426575,10.517423629760742,1.6505680084228516,0,0,0,0,0,1,1,0,0,87,20.0,40,35.444444444444215,0,0,1,0,0,1,0,0,0,0,0,0.0,0.0,0.0,0.0,0.0,0.0,0.0,0.0,0.0,0.0,0.0,0.0,0.0,0.0, -1, -1
573,1,-1,-0.3236687779426575,10.517423629760742,1.6505680084228516,1,0,0,0,0,1,1,0,0,87,20.0,40,34.77777777777754,0,0,1,0,0,1,0,0,0,0,0,0.0,1.0,0.0,0.0,0.0,0.0,0.0,0.0,0.0,0.0,0.0,0.0,0.0,0.0, -1,1
572,1,-1,-0.311195433139801,10.359418869018556,1.2630183696746826,1,0,0,0,0,1,1,0,0,86,20.0,40,34.22222222222197,0,0,1,0,0,1,0,0,0,0,0,0.0,1.0,1.0,0.0,0.0,0.0,0.0,0.0,0.0,0.0,0.0,0.0,0.0,0.0, -1,2
571,1,-1,-0.3108412027359009,10.35949420928955,0.7402219176292419,1,0,0,0,0,1,1,0,0,86,20.0,40,38.6666666666664,0,0,1,0,0,1,0,0,0,0,0,0.0,0.0,0.0,0.0,0.0,0.0,0.0,0.0,0.0,0.0,0.0,0.0,0.0,0.0, -1, -1
