remaining_time,robot_mode,alarm,robot_x,robot_y,robot_theta,tree 1,tree 2,tree 3,tree 4,tree 5,tree 6,tree 7,tree 8,tree 9,battery_level,temperature,water_robot_tank,water_ground_tank,leak 1,leak 2,leak 3,leak 4,leak 5,leak 6,leak 7,leak 8,leak 9,direction,avancement,left,right,push,wrench,leak 1,leak 2,leak 3,leak 4,leak 5,leak 6,leak 7,leak 8,leak 9,rm_alarm,errors,shortcuts
490,1,-1,1.130729913711548,-10.476444244384766,3.001384735107422,1,1,0,1,1,0,0,1,1,45,20.0,0,79.71428571428505,0,0,0,0,0,0,0,1,0,0.0,2.86,0.0,0.0,0.0,0.0,0.0,0.0,0.0,0.0,0.0,0.0,0.0,0.0,0.0,0.0, -1, -1
489,1,-1,1.130729913711548,-10.476444244384766,3.001384735107422,1,1,0,1,1,0,0,1,1,45,20.0,0,79.15873015872948,0,0,0,0,0,0,0,1,0,0.0,2.86,0.0,0.0,0.0,0.0,0.0,0.0,0.0,0.0,0.0,0.0,0.0,0.0,0.0,0.0, -1, -1
488,1,-1,0.28618407249450684,-10.351873397827148,2.619739055633545,1,1,0,1,1,0,0,1,1,44,20.0,10,68.6031746031739,0,0,0,0,0,0,0,1,0,0.0,2.86,0.0,0.0,0.0,0.0,0.0,0.0,0.0,0.0,0.0,0.0,0.0,0.0,0.0,0.0, -1, -1
487,1,-1,0.2655932903289795,-10.3348970413208,2.285919427871704,1,1,0,1,1,0,0,1,1,44,20.0,30,48.04761904761834,0,0,0,0,0,0,0,1,0,0,0,0.0,0.0,0.0,0.0,0.0,0.0,0.0,0.0,0.0,0.0,0.0,0.0,0.0,0.0, -1, -1
486,1,-1,0.20998139679431915,-10.268638610839844,2.263486623764038,1,1,0,1,1,0,0,1,1,43,20.0,50,27.49206349206277,0,0,0,0,0,0,0,1,0,0,0,0.0,0.0,0.0,1.0,0.0,0.0,0.0,0.0,0.0,0.0,0.0,0.0,0.0,0.0, -1,1
485,1,-1,0.1777978390455246,-10.229647636413574,2.262216091156006,1,1,0,1,1,0,0,1,1,43,20.0,70,7.04761904761833,0,0,0,1,0,0,0,0,0,0,0,0.0,0.0,0.0,0.0,0.0,0.0,0.0,0.0,0.0,0.0,0.0,1.0,0.0,0.0, -1, -1
484,1,-1,0.1777978390455246,-10.229647636413574,2.262216091156006,1,1,0,1,1,0,0,1,1,42,20.0,70,6.492063492062776,0,0,0,1,0,0,0,0,0,0,0,1.0,0.0,0.0,0.0,0.0,0.0,0.0,0.0,0.0,0.0,0.0,0.0,0.0,0.0, -1,2
483,1,-1,0.1777978390455246,-10.229647636413574,2.2623059749603267,1,1,0,1,1,0,0,1,1,42,20.0,70,5.936507936507223,0,0,0,1,0,0,0,0,0,0,0,0.0,0.0,0.0,1.0,0.0,0.0,0.0,1.0,0.0,0.0,0.0,0.0,0.0,0.0, -1,1
482,1,-1,0.1777978390455246,-10.229647636413574,2.2623059749603267,1,1,0,1,1,0,0,1,1,41,20.0,70,5.714285714285,0,0,0,0,0,0,0,0,0,0,0,1.0,0.0,0.0,0.0,0.0,0.0,0.0,1.0,0.0,0.0,0.0,0.0,0.0,0.0, -1,2
481,1,-1,0.1777978390455246,-10.229647636413574,2.2623953819274902,1,1,0,1,1,0,0,1,1,41,20.0,70,5.714285714285,0,0,0,0,0,0,0,0,0,0,0,0.0,0.0,0.0,0.0,0.0,0.0,0.0,0.0,0.0,0.0,0.0,0.0,0.0,0.0, -1, -1
