remaining_time,robot_mode,alarm,robot_x,robot_y,robot_theta,tree 1,tree 2,tree 3,tree 4,tree 5,tree 6,tree 7,tree 8,tree 9,battery_level,temperature,water_robot_tank,water_ground_tank,leak 1,leak 2,leak 3,leak 4,leak 5,leak 6,leak 7,leak 8,leak 9,direction,avancement,left,right,push,wrench,leak 1,leak 2,leak 3,leak 4,leak 5,leak 6,leak 7,leak 8,leak 9,rm_alarm,errors,shortcuts
580,1,-1,-1.9280592203140257,5.223595142364502,1.9616721868515012,0,0,0,0,0,0,0,0,0,90,20.0,40,42.49999999999979,0,1,0,0,1,0,0,0,0,0,0,0.0,1.0,0.0,0.0,0.0,0.0,0.0,0.0,0.0,0.0,0.0,0.0,0.0,0.0, -1,1
579,1,-1,-1.1007373332977295,3.2090239524841313,1.9603129625320437,0,0,0,0,0,0,0,0,0,90,20.0,40,42.83333333333311,0,1,0,0,1,0,0,0,0,0,0,0.0,0.0,1.0,0.0,0.0,0.0,0.0,0.0,0.0,0.0,0.0,0.0,0.0,0.0, -1,1
578,1,-1,-0.5688503980636597,1.9134525060653689,1.9600414037704468,0,0,0,0,0,0,0,0,0,89,20.0,40,47.134920634920384,0,1,0,0,1,0,0,0,0,0,0,1.0,0.0,0.0,0.0,0.0,0.0,0.0,0.0,0.0,0.0,0.0,0.0,0.0,0.0, -1,1
577,1,-1,-0.4725165963172913,2.976747274398804,1.4169706106185913,0,0,0,0,0,0,0,0,0,89,20.0,40,50.72222222222196,0,1,0,0,1,0,0,0,0,0,0,0.0,0.0,0.0,0.0,0.0,0.0,0.0,0.0,0.0,0.0,0.0,0.0,0.0,0.0, -1, -1
576,1,-1,-0.44005513191223145,3.1653168201446533,1.3767486810684204,0,0,0,0,0,0,0,0,0,88,20.0,40,53.65079365079337,0,0,0,0,1,0,0,0,0,0,0,0.0,0.0,0.0,1.0,0.0,1.0,0.0,0.0,0.0,0.0,0.0,0.0,0.0,0.0, -1,1
575,1,-1,-0.44005513191223145,3.1653168201446533,1.3767486810684204,0,0,0,0,0,0,0,0,0,88,20.0,40,55.682539682539385,0,0,0,0,0,1,0,0,0,0,0,0.0,1.0,0.0,1.0,0.0,0.0,0.0,0.0,1.0,0.0,0.0,0.0,0.0,0.0, -1,2
574,1,-1,-0.4396120607852936,3.165342092514038,1.0031917095184326,0,0,0,0,0,0,0,0,0,87,20.0,40,57.40476190476162,0,0,0,0,0,1,0,0,0,0,0,0.0,0.0,0.0,0.0,0.0,0.0,0.0,0.0,0.0,0.0,0.0,0.0,0.0,0.0, -1, -1
573,1,-1,-0.019361097365617752,3.5297331809997563,0.6996378302574158,0,0,0,0,0,0,0,0,0,87,20.0,40,58.412698412698106,0,0,0,0,0,1,0,0,0,0,0,0.0,0.0,1.0,0.0,0.0,0.0,0.0,0.0,0.0,0.0,0.0,0.0,0.0,0.0, -1,1
572,1,-1,1.2585728168487549,4.602022171020508,0.6951194405555725,0,0,0,0,0,0,0,0,0,86,20.0,40,58.706349206348904,0,0,0,0,0,1,0,0,0,0,0,1.0,0.0,0.0,0.0,0.0,0.0,0.0,0.0,0.0,0.0,0.0,0.0,0.0,0.0, -1,1
571,1,-1,2.540845394134521,5.670443534851074,0.6956823468208313,0,0,0,0,0,0,0,0,0,86,20.0,40,58.15079365079334,0,0,0,0,0,1,0,0,0,0,0,0.0,0.0,0.0,1.0,0.0,0.0,0.0,0.0,0.0,0.0,0.0,0.0,0.0,0.0, -1,1
