remaining_time,robot_mode,alarm,robot_x,robot_y,robot_theta,tree 1,tree 2,tree 3,tree 4,tree 5,tree 6,tree 7,tree 8,tree 9,battery_level,temperature,water_robot_tank,water_ground_tank,leak 1,leak 2,leak 3,leak 4,leak 5,leak 6,leak 7,leak 8,leak 9,direction,avancement,left,right,push,wrench,leak 1,leak 2,leak 3,leak 4,leak 5,leak 6,leak 7,leak 8,leak 9,rm_alarm,errors,shortcuts
500,1,-1,15.993900299072266,-13.80234432220459,2.594271659851074,0,1,1,1,1,0,1,0,0,50,48.725992221434026,20,46.14285714285688,0,0,0,1,0,0,0,1,0,0,0,0.0,0.0,0.0,1.0,0.0,0.0,1.0,0.0,0.0,0.0,0.0,0.0,0.0,0.0,-2,-2
499,1,-1,15.993983268737793,-13.802655220031738,2.575689554214477,0,1,1,1,1,0,1,0,0,50,52.832734035799575,20,46.64285714285686,0,0,0,1,0,0,0,0,0,0,0,0.0,0.0,0.0,1.0,0.0,0.0,0.0,0.0,0.0,0.0,0.0,1.0,0.0,0.0,-2,-2
498,1,-1,15.993983268737793,-13.802655220031738,2.575689554214477,0,1,1,1,1,0,1,0,0,49,56.939475850165124,20,46.81746031746005,0,0,0,0,0,0,0,0,0,0,0,0.0,0.0,0.0,1.0,0.0,0.0,0.0,1.0,0.0,0.0,0.0,0.0,0.0,0.0,-2,-2
497,1,-1,15.993983268737793,-13.802655220031738,2.575689554214477,0,1,1,1,1,0,1,0,0,49,61.0462176645307,20,46.81746031746005,0,0,0,0,0,0,0,0,0,0,0,0.0,1.0,0.0,0.0,0.0,0.0,0.0,0.0,0.0,0.0,0.0,0.0,0.0,0.0,-2,-2
496,1,-1,15.993983268737793,-13.802655220031738,2.575689554214477,0,1,1,1,1,0,1,0,0,48,65.15295947889622,20,50.81746031746005,0,0,0,0,0,0,0,0,0,0,0,0.0,0.0,1.0,0.0,0.0,0.0,0.0,0.0,0.0,0.0,0.0,0.0,0.0,0.0,-2,-2
495,1,-1,15.993983268737793,-13.802655220031738,2.575689554214477,0,1,1,1,1,0,1,0,0,48,69.25970129326176,20,53.531746031745755,0,0,0,0,0,0,0,0,0,0,0,1.0,0.0,0.0,0.0,0.0,0.0,0.0,0.0,0.0,0.0,0.0,0.0,0.0,0.0,-2,-2
494,1,-1,15.994071006774902,-13.803086280822756,2.5498836040496826,0,1,1,1,1,0,1,0,0,47,73.36933052610769,20,53.531746031745755,0,0,0,0,0,0,0,0,0,0,0,0.0,0.0,0.0,0.0,0.0,0.0,0.0,0.0,0.0,0.0,0.0,0.0,0.0,0.0,-2,-2
493,1,-1,15.994071006774902,-13.803086280822756,2.5498836040496826,0,1,1,1,1,0,1,0,0,47,77.4789597589536,20,53.531746031745755,0,0,0,0,0,0,0,0,0,0,0,1.0,0.0,0.0,0.0,0.0,0.0,0.0,0.0,0.0,0.0,0.0,0.0,0.0,0.0,-2,-2
492,1,-1,15.994071006774902,-13.803086280822756,2.5498836040496826,0,1,1,1,1,0,1,0,0,46,81.58858899179951,20,53.531746031745755,0,0,0,0,0,0,0,0,0,0,0,0.0,0.0,0.0,0.0,0.0,0.0,0.0,0.0,0.0,0.0,0.0,0.0,0.0,0.0,-2,-2
491,1,-1,15.994071006774902,-13.803086280822756,2.5498836040496826,0,1,1,1,1,0,1,0,0,46,85.69821822464544,20,53.531746031745755,0,0,0,0,0,0,0,0,0,0,0,0.0,0.0,0.0,0.0,0.0,0.0,0.0,0.0,0.0,0.0,0.0,0.0,0.0,0.0,-2,-2
