remaining_time,robot_mode,alarm,robot_x,robot_y,robot_theta,tree 1,tree 2,tree 3,tree 4,tree 5,tree 6,tree 7,tree 8,tree 9,battery_level,temperature,water_robot_tank,water_ground_tank,leak 1,leak 2,leak 3,leak 4,leak 5,leak 6,leak 7,leak 8,leak 9,direction,avancement,left,right,push,wrench,leak 1,leak 2,leak 3,leak 4,leak 5,leak 6,leak 7,leak 8,leak 9,rm_alarm,errors,shortcuts
590,1,-1,-0.6033594012260437,-10.157489776611328,1.5753871202468872,0,0,0,0,0,0,0,0,0,95,20.0,90,10.0,0,0,0,0,0,0,0,0,0,0,0,0.0,0.0,0.0,0.0,0.0,0.0,0.0,0.0,0.0,0.0,0.0,0.0,0.0,0.0,-2,-2
589,1,6,-0.6033594012260437,-10.157489776611328,1.5753871202468872,0,0,0,0,0,0,0,0,0,95,20.0,100,0.0,0,0,0,0,0,0,0,0,0,-0.53,0.0,0.0,0.0,0.0,0.0,0.0,0.0,0.0,0.0,0.0,0.0,0.0,0.0,0.0,0.0,-2,-2
588,1,-1,-0.602687656879425,-10.154298782348633,1.1815658807754517,0,0,0,0,0,0,0,0,0,94,20.0,100,0.0,0,0,0,0,0,0,0,0,0,0,0,0.0,0.0,0.0,0.0,0.0,0.0,0.0,0.0,0.0,0.0,0.0,0.0,0.0,0.0,-2,-2
587,1,-1,-0.15069854259490967,-9.354379653930664,1.0359379053115845,0,0,0,0,0,0,0,0,0,94,20.0,100,0.0,0,0,0,0,0,0,0,0,0,0,0,1.0,0.0,0.0,0.0,0.0,0.0,0.0,0.0,0.0,0.0,0.0,0.0,0.0,1.0,-2,-2
586,1,-1,0.6976388096809387,-7.917500495910644,1.0359317064285278,0,0,0,0,0,0,0,0,0,93,20.0,100,0.0,0,0,0,0,0,0,0,0,0,0,0,1.0,0.0,0.0,0.0,0.0,0.0,0.0,0.0,0.0,0.0,0.0,0.0,0.0,0.0,-2,-2
585,1,-1,1.5462638139724731,-6.481124877929688,1.0361413955688477,0,0,0,0,0,0,0,0,0,93,20.0,100,0.0,1,0,0,0,0,0,0,0,0,0,0,0.0,0.0,0.0,0.0,0.0,0.0,0.0,0.0,0.0,0.0,0.0,0.0,0.0,0.0,-2,-2
584,1,-1,2.423142671585083,-4.9967041015625,1.0371416807174685,0,0,0,0,0,0,0,0,0,92,20.0,100,0.0,1,0,0,0,0,0,0,0,0,0,0,0.0,1.0,0.0,0.0,0.0,0.0,0.0,0.0,0.0,0.0,0.0,0.0,0.0,0.0,-2,-2
583,1,-1,3.2819783687591557,-3.566694498062134,1.0265350341796875,0,0,0,0,0,0,0,0,0,92,20.0,100,0.0,1,0,0,0,0,0,0,0,0,0,0,0.0,1.0,1.0,0.0,0.0,0.0,0.0,0.0,0.0,0.0,0.0,0.0,0.0,0.0,-2,-2
582,1,-1,4.146315574645996,-2.140146017074585,1.0258831977844238,0,0,0,0,0,0,0,0,0,91,20.0,100,4.722222222222222,1,0,0,0,0,0,0,0,0,0,0,0.0,1.0,0.0,1.0,0.0,0.0,0.0,0.0,0.0,0.0,0.0,0.0,0.0,0.0,-2,-2
581,1,-1,5.012132167816162,-0.7136774063110352,1.0249381065368652,0,0,0,0,0,0,0,0,0,91,20.0,100,8.896825396825399,0,0,0,0,0,0,0,0,0,0,0,1.0,0.0,1.0,0.0,1.0,0.0,0.0,0.0,0.0,0.0,0.0,0.0,0.0,0.0,-2,-2
