remaining_time,robot_mode,alarm,robot_x,robot_y,robot_theta,tree 1,tree 2,tree 3,tree 4,tree 5,tree 6,tree 7,tree 8,tree 9,battery_level,temperature,water_robot_tank,water_ground_tank,leak 1,leak 2,leak 3,leak 4,leak 5,leak 6,leak 7,leak 8,leak 9,direction,avancement,left,right,push,wrench,leak 1,leak 2,leak 3,leak 4,leak 5,leak 6,leak 7,leak 8,leak 9,rm_alarm,errors,shortcuts
380,1,-1,-0.2964930236339569,11.883291244506836,-1.8390262126922607,0,0,1,0,0,1,1,1,1,88,20.0,0,99.11111111111107,1,0,0,0,0,1,0,0,0,0.4416666666666667,0.4766666666666666,0.0,0.0,0.0,0.0,0.0,0.0,0.0,0.0,0.0,0.0,0.0,0.0,0.0,0.0,-2,-2
379,1,-1,-0.2964930236339569,11.883291244506836,-1.8390262126922607,0,0,1,0,0,1,1,1,1,88,20.0,0,97.99999999999994,1,0,0,0,0,1,0,0,0,0.17666666666666667,1.9066666666666665,0.0,0.0,0.0,0.0,0.0,0.0,0.0,0.0,0.0,0.0,0.0,0.0,0.0,0.0,-2,-2
378,1,-1,-0.49702334403991705,9.919917106628418,-1.574243664741516,1,0,1,0,0,1,1,1,1,87,20.0,0,96.8888888888888,1,0,0,0,0,1,0,0,0,0,0,0.0,0.0,0.0,1.0,0.0,0.0,0.0,0.0,0.0,0.0,0.0,0.0,0.0,0.0,-2,-2
377,1,-1,-0.5011152029037476,8.251486778259277,-1.5729553699493408,1,0,1,0,0,1,1,1,1,87,20.0,0,96.33333333333323,0,0,0,0,0,0,0,0,0,0,0,1.0,0.0,0.0,1.0,1.0,0.0,0.0,0.0,0.0,1.0,0.0,0.0,0.0,0.0,-2,-2
376,1,-1,-0.501021683216095,6.6107850074768075,-1.5702054500579834,1,0,1,0,0,1,1,1,1,86,20.0,0,96.33333333333323,0,0,0,0,0,0,0,0,0,0,0,1.0,0.0,0.0,0.0,0.0,0.0,0.0,0.0,0.0,0.0,0.0,0.0,0.0,0.0,-2,-2
375,1,-1,-0.4994935095310211,4.942067623138428,-1.570575475692749,1,0,1,0,0,1,1,1,1,86,20.0,0,96.33333333333323,0,0,0,0,0,0,0,0,0,0,0,0.0,0.0,0.0,0.0,0.0,0.0,0.0,0.0,0.0,0.0,0.0,0.0,0.0,0.0,-2,-2
374,1,-1,-0.4918104410171509,3.273470163345337,-1.562488317489624,1,0,1,0,0,1,1,1,1,85,20.0,0,96.33333333333323,0,0,0,0,0,0,0,0,0,0,0,0.0,1.0,0.0,0.0,0.0,0.0,0.0,0.0,0.0,0.0,0.0,0.0,0.0,0.0,-2,-2
373,1,-1,-0.474460780620575,1.5770342350006104,-1.5613831281661987,1,0,1,0,0,1,1,1,1,85,20.0,0,96.33333333333323,0,0,0,0,0,0,0,0,0,0,0,0.0,0.0,0.0,0.0,0.0,0.0,0.0,0.0,0.0,0.0,0.0,0.0,0.0,0.0,-2,-2
372,1,-1,-0.4565383195877075,-0.09060826897621156,-1.5554170608520508,1,0,1,0,0,1,1,1,1,84,20.0,0,97.33333333333323,0,0,0,0,0,0,0,0,0,0,0,0.0,1.0,1.0,0.0,0.0,0.0,0.0,0.0,0.0,0.0,0.0,0.0,0.0,0.0,-2,-2
371,1,-1,-0.4298462271690369,-1.7593429088592532,-1.5516279935836792,1,0,1,0,0,1,1,1,1,84,20.0,0,100.0,0,0,0,0,0,0,0,0,0,0,0,1.0,1.0,0.0,0.0,0.0,0.0,0.0,0.0,0.0,0.0,0.0,0.0,0.0,0.0,-2,-2
