remaining_time,robot_mode,alarm,robot_x,robot_y,robot_theta,tree 1,tree 2,tree 3,tree 4,tree 5,tree 6,tree 7,tree 8,tree 9,battery_level,temperature,water_robot_tank,water_ground_tank,leak 1,leak 2,leak 3,leak 4,leak 5,leak 6,leak 7,leak 8,leak 9,direction,avancement,left,right,push,wrench,leak 1,leak 2,leak 3,leak 4,leak 5,leak 6,leak 7,leak 8,leak 9,rm_alarm,errors,shortcuts
260,1,-1,11.84432315826416,15.778447151184082,-3.123903751373291,0,1,0,0,1,0,1,0,0,99,20.0,70,36.222222222222115,1,0,0,0,0,0,0,0,0,-0.21200000000000002,1.716,1.0,0.0,1.0,0.0,0.0,0.0,0.0,0.0,0.0,0.0,0.0,0.0,0.0,0.0, -1,1
259,1,-1,11.84432315826416,15.778447151184082,-3.123903751373291,0,1,0,0,1,0,1,0,0,99,20.0,70,35.66666666666654,1,0,0,0,0,0,0,0,0,0.0,2.86,0.0,0.0,1.0,1.0,0.0,0.0,0.0,0.0,0.0,0.0,0.0,0.0,0.0,0.0, -1,3
258,1,-1,9.117761611938477,15.6805419921875,-3.080010414123535,0,1,0,0,1,0,1,0,0,98,20.0,70,35.111111111110965,1,0,0,0,0,0,0,0,0,0,0,1.0,0.0,0.0,0.0,0.0,0.0,0.0,0.0,0.0,0.0,0.0,0.0,0.0,0.0, click, -1
257,1,-1,7.45237922668457,15.575048446655273,-3.0718355178833012,0,1,0,0,1,0,1,0,0,98,20.0,70,34.77777777777763,0,0,0,0,0,0,0,0,0,0,0,1.0,0.0,0.0,0.0,1.0,0.0,0.0,0.0,0.0,0.0,0.0,0.0,0.0,0.0, -1,2
256,1,-1,5.787735462188722,15.456548690795898,-3.0667874813079834,0,1,0,0,1,0,1,0,0,97,20.0,70,34.77777777777763,0,0,0,0,0,0,0,0,0,0,0,1.0,0.0,0.0,0.0,0.0,0.0,0.0,0.0,0.0,0.0,0.0,0.0,0.0,0.0, -1,1
255,1,-1,6.093062400817871,15.510592460632324,-3.0545153617858887,0,1,0,0,1,0,1,0,0,97,20.0,70,34.666666666666515,0,0,0,1,0,0,0,0,0,0,0,1.0,0.0,0.0,0.0,0.0,0.0,0.0,0.0,0.0,0.0,0.0,0.0,0.0,0.0, -1,1
254,1,-1,4.283005237579347,15.980977058410645,2.671978712081909,0,1,0,0,1,0,1,0,0,96,20.0,70,34.84920634920619,0,0,0,1,0,0,0,0,0,0,0,0.0,0.0,0.0,1.0,0.0,0.0,0.0,0.0,0.0,0.0,0.0,0.0,0.0,0.0, -1,1
253,1,-1,4.1146416664123535,16.069732666015625,3.109391689300537,0,1,0,0,1,0,1,0,0,96,20.0,70,34.992063492063345,0,0,0,0,0,0,0,0,0,0,0,0.0,1.0,1.0,0.0,0.0,0.0,0.0,1.0,0.0,0.0,0.0,0.0,0.0,0.0, -1,3
252,1,-1,3.6439011096954346,15.966025352478027,-2.904164552688598,0,1,0,0,1,0,1,0,1,95,20.0,70,34.992063492063345,0,0,0,0,0,0,0,0,0,0,0,0.0,1.0,0.0,0.0,0.0,0.0,0.0,0.0,0.0,0.0,0.0,0.0,0.0,0.0, -1,2
251,1,-1,2.49088978767395,15.680397033691404,-2.8901495933532715,0,1,0,0,1,0,1,0,1,95,20.0,70,34.992063492063345,0,0,0,0,0,0,0,0,0,0,0,0.0,1.0,0.0,0.0,0.0,0.0,0.0,0.0,0.0,0.0,0.0,0.0,0.0,0.0, -1,2
