remaining_time,robot_mode,alarm,robot_x,robot_y,robot_theta,tree 1,tree 2,tree 3,tree 4,tree 5,tree 6,tree 7,tree 8,tree 9,battery_level,temperature,water_robot_tank,water_ground_tank,leak 1,leak 2,leak 3,leak 4,leak 5,leak 6,leak 7,leak 8,leak 9,direction,avancement,left,right,push,wrench,leak 1,leak 2,leak 3,leak 4,leak 5,leak 6,leak 7,leak 8,leak 9,rm_alarm,errors,shortcuts
510,1,-1,-6.221327304840088,11.021875381469727,2.6846120357513428,0,0,1,0,0,1,0,0,1,55,20.0,20,0.6666666666664913,0,0,0,0,0,1,1,1,0,0,0,0.0,0.0,0.0,0.0,0.0,0.0,0.0,0.0,0.0,0.0,0.0,0.0,0.0,0.0, -1,-1
509,1,-1,-7.716457843780518,11.762980461120605,2.679898977279663,0,0,1,0,0,1,0,0,1,55,20.0,20,0.6666666666664913,0,0,0,0,0,1,1,1,0,0,0,0.0,0.0,0.0,0.0,0.0,0.0,0.0,0.0,0.0,0.0,0.0,0.0,0.0,0.0, -1,-1
508,1,-1,-9.203484535217283,12.519408226013185,2.66489315032959,0,0,1,0,0,1,0,0,1,54,20.0,20,0.6666666666664913,0,0,0,0,0,1,1,1,0,0,0,0.0,0.0,0.0,0.0,0.0,0.0,0.0,0.0,0.0,0.0,0.0,0.0,0.0,0.0, -1,-1
507,1,-1,-10.671393394470217,13.279655456542967,2.660933017730713,0,0,1,0,0,1,0,0,1,54,20.0,20,0.6666666666664913,0,0,0,0,0,1,1,1,0,0,0,0.0,0.0,0.0,0.0,0.0,0.0,0.0,0.0,0.0,0.0,0.0,0.0,0.0,0.0, -1,-1
506,1,-1,-11.849519729614258,13.897746086120605,2.6497316360473637,0,0,1,0,0,1,0,0,1,53,20.0,20,0.6666666666664913,0,0,0,0,0,1,1,1,0,0,0,0.0,0.0,0.0,0.0,0.0,0.0,0.0,0.0,0.0,0.0,0.0,0.0,0.0,0.0, -1,-1
505,1,-1,-12.703789710998535,14.357036590576172,2.6391916275024414,0,0,0,0,0,1,0,0,1,53,20.0,10,0.6666666666664913,0,0,0,0,0,1,1,1,0,0,0,0.0,0.0,0.0,0.0,0.0,0.0,0.0,0.0,0.0,0.0,0.0,0.0,0.0,0.0, -1,-1
504,1,-1,-13.318650245666506,14.695980072021484,2.636460542678833,0,0,0,0,0,1,0,0,1,52,20.0,10,0.6666666666664913,0,0,0,0,0,1,1,1,0,0,0,0.0,0.0,0.0,0.0,0.0,0.0,0.0,0.0,0.0,0.0,0.0,0.0,0.0,0.0, -1,-1
503,1,-1,-13.318650245666506,14.695980072021484,2.636460542678833,0,0,0,0,0,1,0,0,1,52,20.0,10,0.6666666666664913,0,0,0,0,0,1,1,1,0,0,0,0.0,0.0,0.0,0.0,0.0,0.0,0.0,0.0,0.0,0.0,0.0,0.0,0.0,0.0, -1,-1
502,1,-1,-11.459805488586426,13.660222053527832,3.078022718429565,0,0,0,0,0,1,0,0,1,51,20.0,10,0.6666666666664913,0,0,0,0,0,1,1,1,0,0,0,0.0,0.0,0.0,0.0,0.0,0.0,0.0,0.0,0.0,0.0,0.0,0.0,0.0,0.0, -1,-1
501,1,-1,-11.463390350341795,13.655341148376465,-2.6566684246063232,0,1,0,0,0,1,0,0,1,51,20.0,10,0.6666666666664913,0,0,0,0,0,1,1,1,0,0,0,0.0,0.0,0.0,0.0,0.0,0.0,0.0,0.0,0.0,0.0,0.0,0.0,0.0,0.0, -1,-1
