remaining_time,robot_mode,alarm,robot_x,robot_y,robot_theta,tree 1,tree 2,tree 3,tree 4,tree 5,tree 6,tree 7,tree 8,tree 9,battery_level,temperature,water_robot_tank,water_ground_tank,leak 1,leak 2,leak 3,leak 4,leak 5,leak 6,leak 7,leak 8,leak 9,direction,avancement,left,right,push,wrench,leak 1,leak 2,leak 3,leak 4,leak 5,leak 6,leak 7,leak 8,leak 9,rm_alarm,errors,shortcuts
490,1,-1,3.8843836784362793,11.887001037597654,-2.8093338012695312,0,1,1,1,0,0,0,1,1,45,20.0,20,0.8888888888886874,1,1,0,1,1,1,1,1,1,0,0,0.0,0.0,0.0,0.0,0.0,0.0,0.0,0.0,0.0,0.0,0.0,0.0,0.0,0.0,-2,-2
489,1,-1,2.8273112773895264,12.006818771362305,2.960627317428589,0,1,1,1,0,0,0,1,1,45,20.0,20,0.8888888888886874,1,1,0,1,1,1,1,1,1,0,0,0.0,0.0,0.0,0.0,0.0,0.0,0.0,0.0,0.0,0.0,0.0,0.0,0.0,0.0,-2,-2
488,1,-1,2.639810085296631,12.044047355651855,2.9213128089904785,0,1,1,1,0,0,0,1,1,44,20.0,20,0.8888888888886874,1,1,0,1,1,1,1,1,1,0,0,0.0,0.0,0.0,0.0,0.0,0.0,0.0,0.0,0.0,0.0,0.0,0.0,0.0,0.0,-2,-2
487,1,-1,2.639810085296631,12.044047355651855,2.9213128089904785,0,1,1,1,0,0,0,1,1,44,20.0,20,0.8888888888886874,1,1,0,1,1,1,1,1,1,0,0,0.0,0.0,0.0,0.0,0.0,0.0,0.0,0.0,0.0,0.0,0.0,0.0,0.0,0.0,-2,-2
486,1,-1,2.640004396438598,12.043742179870605,2.588245391845703,0,1,1,1,1,0,0,1,1,43,20.0,20,0.8888888888886874,1,1,0,1,1,1,1,1,1,0,0,0.0,0.0,0.0,0.0,0.0,0.0,0.0,0.0,0.0,0.0,0.0,0.0,0.0,0.0,-2,-2
485,1,-1,1.9507379531860352,12.556124687194824,2.490579843521118,0,1,1,1,1,0,0,1,1,43,20.0,20,0.8888888888886874,1,1,0,1,1,1,1,1,1,0,0,0.0,0.0,0.0,0.0,0.0,0.0,0.0,0.0,0.0,0.0,0.0,0.0,0.0,0.0,-2,-2
484,1,-1,1.2420368194580078,13.103357315063475,2.475113868713379,0,0,1,1,1,0,0,1,1,42,20.0,10,0.8888888888886874,1,1,0,1,1,1,1,1,1,0,0,0.0,0.0,0.0,0.0,0.0,0.0,0.0,0.0,0.0,0.0,0.0,0.0,0.0,0.0,-2,-2
483,1,-1,0.7250014543533325,13.51135540008545,2.465515613555908,0,0,1,1,1,0,0,1,1,42,20.0,10,0.8888888888886874,1,1,0,1,1,1,1,1,1,0,0,0.0,0.0,0.0,0.0,0.0,0.0,0.0,0.0,0.0,0.0,0.0,0.0,0.0,0.0,-2,-2
482,1,-1,2.4218084812164307,12.15305995941162,2.46675443649292,0,0,1,1,1,0,0,1,1,41,20.0,10,0.8888888888886874,1,1,0,1,1,1,1,1,1,0,0,0.0,0.0,0.0,0.0,0.0,0.0,0.0,0.0,0.0,0.0,0.0,0.0,0.0,0.0,-2,-2
481,1,-1,2.4218084812164307,12.15305995941162,2.46675443649292,0,0,1,1,1,0,0,1,1,41,20.0,10,0.8888888888886874,1,1,0,1,1,1,1,1,1,0,0,0.0,0.0,0.0,0.0,0.0,0.0,0.0,0.0,0.0,0.0,0.0,0.0,0.0,0.0,-2,-2
