remaining_time,robot_mode,alarm,robot_x,robot_y,robot_theta,tree 1,tree 2,tree 3,tree 4,tree 5,tree 6,tree 7,tree 8,tree 9,battery_level,temperature,water_robot_tank,water_ground_tank,leak 1,leak 2,leak 3,leak 4,leak 5,leak 6,leak 7,leak 8,leak 9,direction,avancement,left,right,push,wrench,leak 1,leak 2,leak 3,leak 4,leak 5,leak 6,leak 7,leak 8,leak 9,rm_alarm,errors,shortcuts
460,1,-1,-11.74661636352539,14.91157054901123,-1.169328689575195,0,0,0,1,0,1,0,1,0,30,105.9360387318199,0,0.7777777777777135,1,0,1,1,1,1,1,0,1,0,0,0.0,0.0,0.0,0.0,0.0,0.0,0.0,0.0,0.0,0.0,0.0,0.0,0.0,0.0,-2,-2
459,1,-1,-11.08208179473877,13.41124439239502,-1.1545543670654297,0,0,0,1,0,1,0,1,0,30,102.60270539848659,0,0.7777777777777135,1,0,1,1,1,1,1,0,1,0,0,0.0,0.0,0.0,0.0,0.0,0.0,0.0,0.0,0.0,0.0,0.0,0.0,0.0,0.0,-2,-2
458,1,-1,-10.40839385986328,11.884724617004395,-1.1582459211349487,0,0,0,1,0,1,0,1,0,29,99.26937206515325,0,0.7777777777777135,1,0,1,1,1,1,1,0,1,0,0,0.0,0.0,0.0,0.0,0.0,0.0,0.0,0.0,0.0,0.0,0.0,0.0,0.0,0.0,-2,-2
457,1,-1,-9.726351737976074,10.331137657165527,-1.1547377109527588,0,0,0,1,0,1,0,1,0,29,95.93603873181992,0,0.7777777777777135,1,0,1,1,1,1,1,0,1,0,0,0.0,0.0,0.0,0.0,0.0,0.0,0.0,0.0,0.0,0.0,0.0,0.0,0.0,0.0,-2,-2
456,1,-1,-9.051990509033203,8.805037498474121,-1.155240535736084,0,0,0,1,1,1,0,1,0,28,92.60270539848659,0,0.7777777777777135,1,0,1,1,1,1,1,0,1,0,0,0.0,0.0,0.0,0.0,0.0,0.0,0.0,0.0,0.0,0.0,0.0,0.0,0.0,0.0,-2,-2
455,1,-1,-8.376505851745605,7.2786545753479,-1.1484212875366209,0,0,0,1,1,1,0,1,0,28,89.26937206515328,0,0.7777777777777135,1,0,1,1,1,1,1,0,1,0,0,0.0,0.0,0.0,0.0,0.0,0.0,0.0,0.0,0.0,0.0,0.0,0.0,0.0,0.0,-2,-2
454,1,-1,-7.704970836639403,5.781027793884277,-1.146655797958374,0,0,0,1,1,1,0,1,0,27,85.93603873181992,0,0.7777777777777135,1,0,1,1,1,1,1,0,1,0,0,0.0,0.0,0.0,0.0,0.0,0.0,0.0,0.0,0.0,0.0,0.0,0.0,0.0,0.0,-2,-2
453,1,-1,-7.018693447113037,4.260080337524413,-1.1465702056884766,0,0,0,1,1,1,1,1,0,27,82.60270539848659,0,0.7777777777777135,1,0,1,1,1,1,1,0,1,0,0,0.0,0.0,0.0,0.0,0.0,0.0,0.0,0.0,0.0,0.0,0.0,0.0,0.0,0.0,-2,-2
452,1,-1,-6.314455509185791,2.7164456844329834,-1.1382709741592407,0,0,0,1,1,1,1,1,0,26,79.26937206515328,0,0.7777777777777135,1,0,1,1,1,1,1,0,1,0,0,0.0,0.0,0.0,0.0,0.0,0.0,0.0,0.0,0.0,0.0,0.0,0.0,0.0,0.0,-2,-2
451,1,-1,-5.617935180664063,1.1998968124389648,-1.1383848190307615,0,0,0,1,1,1,1,1,0,26,75.93603873181995,0,0.7777777777777135,1,0,1,1,1,1,1,0,1,0,0,0.0,0.0,0.0,0.0,0.0,0.0,0.0,0.0,0.0,0.0,0.0,0.0,0.0,1.0,-2,-2
