remaining_time,robot_mode,alarm,robot_x,robot_y,robot_theta,tree 1,tree 2,tree 3,tree 4,tree 5,tree 6,tree 7,tree 8,tree 9,battery_level,temperature,water_robot_tank,water_ground_tank,leak 1,leak 2,leak 3,leak 4,leak 5,leak 6,leak 7,leak 8,leak 9,direction,avancement,left,right,push,wrench,leak 1,leak 2,leak 3,leak 4,leak 5,leak 6,leak 7,leak 8,leak 9,rm_alarm,errors,shortcuts
450,1,-1,-4.916418552398682,-0.31480151414871216,-1.128706455230713,0,0,0,1,1,1,1,1,0,25,72.60270539848663,0,0.7777777777777135,1,0,1,1,1,1,1,0,1,0,0,0.0,0.0,0.0,0.0,0.0,0.0,0.0,0.0,0.0,0.0,0.0,0.0,0.0,0.0,-2,-2
449,1,0,-4.20856523513794,-1.7952207326889038,-1.1262052059173584,0,0,0,1,1,1,1,1,0,25,65.93603873181995,0,0.7777777777777135,1,0,1,1,1,1,1,0,1,0,0,0.0,0.0,0.0,0.0,0.0,0.0,0.0,0.0,0.0,0.0,0.0,0.0,0.0,0.0,-2,-2
448,1,-1,-4.149003028869629,-1.9204258918762207,-1.1250327825546265,0,0,0,1,1,1,1,1,0,24,62.602705398486634,0,0.7777777777777135,1,0,1,1,1,1,1,0,1,0,0,0.0,0.0,0.0,0.0,0.0,0.0,0.0,0.0,0.0,0.0,0.0,0.0,0.0,0.0,-2,-2
447,1,-1,-4.149003028869629,-1.9204258918762207,-1.1250327825546265,0,0,0,1,1,1,1,1,0,24,62.602705398486634,0,0.7777777777777135,1,0,1,1,1,1,1,0,1,0,0,0.0,0.0,0.0,0.0,0.0,0.0,0.0,0.0,0.0,0.0,0.0,0.0,0.0,0.0,-2,-2
446,1,-1,-4.14854907989502,-1.9214468002319336,-0.6714658141136169,0,0,0,1,1,1,1,1,0,23,59.26937206515329,0,0.7777777777777135,1,0,1,1,1,1,1,0,1,0,0,0.0,0.0,0.0,0.0,0.0,0.0,0.0,0.0,0.0,0.0,0.0,0.0,0.0,0.0,-2,-2
445,1,-1,-4.148195266723634,-1.922763109207153,-0.10710889846086502,0,0,0,1,1,1,1,1,0,23,55.93603873181999,0,0.7777777777777135,1,0,1,1,1,1,1,0,1,0,0,0.0,0.0,0.0,0.0,0.0,0.0,0.0,0.0,0.0,0.0,0.0,0.0,0.0,0.0,-2,-2
444,1,-1,-4.147226333618163,-1.9238139390945437,0.4957353174686432,0,0,0,1,1,1,1,1,0,22,52.60270539848665,0,0.7777777777777135,1,0,1,1,1,1,1,0,1,0,0,0.0,0.0,0.0,0.0,0.0,0.0,0.0,0.0,0.0,0.0,0.0,0.0,0.0,0.0,-2,-2
443,1,-1,-3.5920743942260738,-1.4606165885925293,0.7077780961990356,0,0,0,1,1,1,1,1,0,22,49.269372065153306,0,0.7777777777777135,1,0,1,1,1,1,1,0,1,0,0,0.0,0.0,0.0,0.0,0.0,0.0,0.0,0.0,0.0,0.0,0.0,0.0,0.0,0.0,-2,-2
442,1,-1,-2.325087785720825,-0.37455391883850103,0.709136962890625,0,0,0,1,1,1,1,1,0,21,45.93603873181998,0,0.7777777777777135,1,0,1,1,1,1,1,0,1,0,0,0.0,0.0,0.0,0.0,0.0,0.0,0.0,0.0,0.0,0.0,0.0,0.0,0.0,0.0,-2,-2
441,1,-1,-1.059001326560974,0.7121903300285339,0.7072750329971313,0,0,0,1,1,1,1,1,0,21,42.60270539848665,0,0.7777777777777135,1,0,1,1,1,1,1,0,1,0,0,0.0,0.0,0.0,0.0,0.0,0.0,0.0,0.0,0.0,0.0,0.0,0.0,0.0,0.0,-2,-2
