remaining_time,robot_mode,alarm,robot_x,robot_y,robot_theta,tree 1,tree 2,tree 3,tree 4,tree 5,tree 6,tree 7,tree 8,tree 9,battery_level,temperature,water_robot_tank,water_ground_tank,leak 1,leak 2,leak 3,leak 4,leak 5,leak 6,leak 7,leak 8,leak 9,direction,avancement,left,right,push,wrench,leak 1,leak 2,leak 3,leak 4,leak 5,leak 6,leak 7,leak 8,leak 9,rm_alarm,errors,shortcuts
270,1,-1,-10.404925346374512,-14.923516273498535,-2.9003019332885738,1,1,1,1,1,1,1,0,1,46,20.0,50,0.9682539682536516,0,0,0,0,0,1,0,0,0,0.0,2.86,0.0,0.0,0.0,0.0,0.0,0.0,0.0,0.0,0.0,0.0,0.0,0.0,0.0,0.0,-2,-2
269,1,-1,-10.404925346374512,-14.923516273498535,-2.9003019332885738,1,1,1,1,1,1,1,0,1,46,20.0,50,0.9682539682536516,0,0,0,0,0,1,0,0,0,0.0,2.86,0.0,0.0,0.0,0.0,0.0,0.0,0.0,0.0,0.0,0.0,0.0,0.0,0.0,0.0,-2,-2
268,1,-1,-12.055161476135256,-15.319262504577635,-2.911813497543335,1,1,1,1,1,1,1,0,1,45,20.0,50,0.9682539682536516,0,0,0,0,0,1,0,0,0,0.0,2.86,0.0,0.0,0.0,0.0,0.0,0.0,0.0,0.0,0.0,0.0,0.0,0.0,0.0,0.0,-2,-2
267,1,4,-13.252004623413086,-15.588958740234375,-2.9204010963439937,1,1,1,1,1,1,1,0,1,45,20.0,50,0.9682539682536516,0,0,0,0,0,1,0,0,0,0.0,2.86,0.0,0.0,0.0,0.0,0.0,0.0,0.0,0.0,0.0,0.0,0.0,0.0,0.0,0.0,-2,-2
266,1,-1,-14.129398345947266,-15.782318115234375,-2.929349422454834,1,1,1,1,1,1,1,0,0,44,20.0,40,0.9682539682536516,0,0,0,0,0,1,0,0,0,0,0,0.0,0.0,0.0,0.0,0.0,0.0,0.0,0.0,0.0,0.0,0.0,0.0,0.0,0.0,-2,-2
265,1,-1,-14.77087116241455,-15.917582511901855,-2.942155361175537,1,1,1,1,1,1,1,0,0,44,20.0,40,0.9682539682536516,0,0,0,0,0,1,0,0,0,0,0,0.0,0.0,0.0,0.0,0.0,0.0,0.0,0.0,0.0,0.0,0.0,0.0,0.0,0.0,-2,-2
264,1,-1,-12.601459503173828,-15.47776699066162,-2.94114089012146,1,1,1,1,1,1,1,0,0,43,20.0,40,0.9126984126980962,0,0,0,0,0,1,0,0,0,0,0,0.0,0.0,0.0,0.0,0.0,0.0,0.0,0.0,0.0,0.0,0.0,0.0,0.0,1.0,-2,-2
263,1,-1,-12.601459503173828,-15.47776699066162,-2.94114089012146,1,1,1,1,1,1,1,0,0,43,20.0,40,0.6349206349203182,0,0,0,0,0,1,0,0,0,0,0,0.0,0.0,0.0,0.0,0.0,0.0,0.0,0.0,0.0,0.0,0.0,0.0,0.0,0.0,-2,-2
262,1,-1,-12.489468574523926,-15.452372550964355,2.9104604721069336,1,1,1,1,1,1,1,0,0,42,20.0,40,3.357142857142541,0,0,0,0,0,1,0,0,0,0,0,0.0,0.0,1.0,1.0,0.0,0.0,0.0,0.0,0.0,0.0,0.0,0.0,0.0,0.0,-2,-2
261,1,-1,-12.490696907043455,-15.44737434387207,2.3477551937103267,1,1,1,1,1,1,1,0,0,42,20.0,40,5.301587301586985,0,0,0,0,0,0,0,0,0,0,0,0.0,0.0,0.0,0.0,0.0,0.0,0.0,0.0,0.0,1.0,0.0,0.0,0.0,0.0,-2,-2
