remaining_time,robot_mode,alarm,robot_x,robot_y,robot_theta,tree 1,tree 2,tree 3,tree 4,tree 5,tree 6,tree 7,tree 8,tree 9,battery_level,temperature,water_robot_tank,water_ground_tank,leak 1,leak 2,leak 3,leak 4,leak 5,leak 6,leak 7,leak 8,leak 9,direction,avancement,left,right,push,wrench,leak 1,leak 2,leak 3,leak 4,leak 5,leak 6,leak 7,leak 8,leak 9,rm_alarm,errors,shortcuts
100,1,-1,0.4964334666728973,0.7005797028541565,-1.6500416994094849,1,0,1,1,0,1,1,1,1,70,20.0,0,4.666666666666666,1,1,0,1,1,0,0,0,0,0,0,0.0,0.0,1.0,0.0,0.0,0.0,0.0,0.0,0.0,0.0,0.0,0.0,0.0,0.0,-2,-2
99,1,-1,0.37233829498291016,-0.9339758157730104,-1.6383700370788574,1,1,1,1,0,1,1,1,1,70,20.0,0,8.126984126984128,1,1,0,1,1,0,0,0,0,0,0,1.0,0.0,1.0,0.0,0.0,0.0,0.0,0.0,0.0,0.0,0.0,0.0,0.0,0.0,-2,-2
98,1,-1,0.2571630775928497,-2.626490831375122,-1.638849854469299,1,1,1,1,0,1,1,1,1,69,20.0,0,10.222222222222225,1,1,0,1,1,0,0,0,0,0,0,0.0,0.0,1.0,0.0,0.0,0.0,0.0,0.0,0.0,0.0,0.0,0.0,0.0,0.0,-2,-2
97,1,-1,0.15297240018844604,-4.263619899749757,-1.6332194805145264,1,1,1,1,0,1,1,1,1,69,20.0,0,8.000000000000002,1,1,0,1,1,0,0,0,0,0,0,0.0,1.0,1.0,0.0,0.0,0.0,0.0,0.0,0.0,0.0,0.0,0.0,0.0,0.0,-2,-2
96,1,-1,0.0705089196562767,-5.756800651550293,-1.6203616857528689,1,1,1,1,0,1,1,1,1,68,20.0,0,6.428571428571429,1,1,0,1,1,0,0,0,0,0,0,0.0,0.0,1.0,0.0,0.0,0.0,0.0,0.0,0.0,0.0,0.0,0.0,0.0,0.0,-2,-2
95,1,-1,0.02463226206600666,-6.858416557312013,-1.6073821783065796,1,1,1,1,0,1,1,1,1,68,20.0,0,7.261904761904763,1,1,0,1,1,0,0,1,0,0,0,0.0,0.0,1.0,0.0,0.0,0.0,0.0,0.0,0.0,0.0,0.0,0.0,0.0,0.0,-2,-2
94,1,-1,-0.0035810598637908697,-7.668990135192871,-1.6032181978225708,1,1,1,1,0,1,1,1,1,67,20.0,0,7.158730158730161,1,1,0,1,1,0,0,1,0,0,0,1.0,0.0,1.0,0.0,0.0,0.0,0.0,0.0,0.0,0.0,0.0,0.0,0.0,0.0,-2,-2
93,1,-1,-0.02037214301526546,-8.262596130371094,-1.594271898269653,1,1,1,1,0,1,1,1,1,67,20.0,0,6.3412698412698445,1,1,0,1,1,0,0,1,0,0,0,0.0,0.0,1.0,0.0,0.0,0.0,0.0,0.0,0.0,0.0,0.0,0.0,0.0,0.0,-2,-2
92,1,-1,-0.025827556848526,-8.691975593566895,-1.5791232585906982,1,1,1,1,0,1,1,1,1,66,20.0,0,6.952380952380956,1,1,0,1,1,0,0,1,0,0,0,0.0,0.0,1.0,0.0,0.0,0.0,0.0,0.0,0.0,0.0,0.0,0.0,0.0,0.0,-2,-2
91,1,-1,-0.0274913851171732,-9.001689910888672,-1.5766839981079102,1,1,1,1,0,1,1,1,1,66,20.0,0,6.849206349206352,1,1,0,1,1,0,0,1,0,0,0,1.0,0.0,1.0,0.0,0.0,0.0,0.0,0.0,0.0,0.0,0.0,0.0,0.0,0.0,-2,-2
