remaining_time,robot_mode,alarm,robot_x,robot_y,robot_theta,tree 1,tree 2,tree 3,tree 4,tree 5,tree 6,tree 7,tree 8,tree 9,battery_level,temperature,water_robot_tank,water_ground_tank,leak 1,leak 2,leak 3,leak 4,leak 5,leak 6,leak 7,leak 8,leak 9,direction,avancement,left,right,push,wrench,leak 1,leak 2,leak 3,leak 4,leak 5,leak 6,leak 7,leak 8,leak 9,rm_alarm,errors,shortcuts
480,1,-1,15.161697387695312,-14.953839302062988,-0.5271539688110352,1,0,0,1,1,0,0,0,0,40,20.0,70,0.9523809523808536,0,0,0,0,0,0,0,0,0,0,0,0.0,0.0,0.0,0.0,0.0,0.0,0.0,0.0,0.0,1.0,0.0,0.0,0.0,0.0,-2,-2
479,1,-1,14.180773735046387,-14.38180446624756,-0.5280683636665344,1,0,0,1,1,0,0,0,0,40,20.0,70,0.9523809523808536,0,0,0,0,0,0,0,0,0,0,0,0.0,0.0,0.0,0.0,0.0,0.0,0.0,0.0,0.0,0.0,0.0,0.0,0.0,0.0,-2,-2
478,1,-1,12.969097137451172,-13.679388046264648,-0.5266697406768799,1,0,0,1,1,0,0,0,0,39,20.0,70,0.9523809523808536,0,0,0,0,0,0,0,0,0,0,0,0.0,0.0,1.0,0.0,0.0,0.0,0.0,0.0,0.0,0.0,0.0,0.0,0.0,0.0,-2,-2
477,1,-1,14.02984619140625,-13.761049270629885,-0.01224118284881115,1,0,0,1,1,0,0,0,1,39,20.0,70,0.9523809523808536,0,0,0,0,0,0,0,0,0,0,0,0.0,0.0,1.0,0.0,0.0,0.0,0.0,0.0,0.0,0.0,0.0,0.0,0.0,0.0,-2,-2
476,1,-1,14.220528602600098,-13.760273933410645,0.02921820804476738,1,0,0,1,1,0,0,0,1,38,20.0,70,0.9523809523808536,0,0,0,0,0,0,0,0,0,0,0,0.0,0.0,1.0,0.0,0.0,0.0,0.0,0.0,0.0,0.0,0.0,0.0,0.0,0.0,-2,-2
475,1,-1,14.220528602600098,-13.760273933410645,0.02921820804476738,1,0,0,1,1,0,0,0,1,38,20.0,70,0.9523809523808536,0,0,0,0,0,0,0,0,0,0,0,0.0,0.0,1.0,0.0,0.0,0.0,0.0,0.0,0.0,0.0,0.0,0.0,0.0,0.0,-2,-2
474,1,-1,14.22276782989502,-13.75812530517578,0.4442873299121857,1,0,0,1,1,0,0,0,1,37,20.0,70,0.9523809523808536,0,0,0,0,0,0,0,0,0,0,0,0.0,0.0,1.0,0.0,0.0,0.0,0.0,0.0,0.0,0.0,0.0,0.0,0.0,0.0,-2,-2
473,1,-1,14.225651741027832,-13.754033088684082,0.9994412064552308,1,0,0,1,1,0,0,0,1,37,20.0,70,0.9523809523808536,0,0,0,0,0,0,0,0,0,0,0,0.0,0.0,1.0,0.0,0.0,0.0,0.0,0.0,0.0,0.0,0.0,0.0,0.0,0.0,-2,-2
472,1,-1,14.224394798278807,-13.749814987182615,1.5311019420623782,1,0,0,1,1,0,0,0,1,36,20.0,70,0.9523809523808536,0,0,0,0,0,0,0,0,0,0,0,0.0,0.0,1.0,0.0,0.0,0.0,0.0,0.0,0.0,0.0,0.0,0.0,0.0,0.0,-2,-2
471,1,-1,14.224220275878904,-13.747769355773926,2.0352754592895512,1,0,0,1,1,0,0,0,1,36,20.0,70,0.9523809523808536,0,0,0,0,0,0,0,0,0,0,0,0.0,0.0,1.0,0.0,0.0,0.0,0.0,0.0,0.0,0.0,0.0,0.0,0.0,0.0,-2,-2
