remaining_time,robot_mode,alarm,robot_x,robot_y,robot_theta,tree 1,tree 2,tree 3,tree 4,tree 5,tree 6,tree 7,tree 8,tree 9,battery_level,temperature,water_robot_tank,water_ground_tank,leak 1,leak 2,leak 3,leak 4,leak 5,leak 6,leak 7,leak 8,leak 9,direction,avancement,left,right,push,wrench,leak 1,leak 2,leak 3,leak 4,leak 5,leak 6,leak 7,leak 8,leak 9,rm_alarm,errors,shortcuts
460,1,-1,-12.392282485961914,13.743783950805664,2.468578577041626,0,0,1,1,0,1,1,1,0,30,20.0,0,1.7380952380951735,0,0,0,0,1,0,0,0,0,0,0,0.0,1.0,0.0,0.0,0.0,0.0,0.0,0.0,0.0,0.0,0.0,0.0,0.0,0.0,-2,-2
459,1,-1,-12.392282485961914,13.743783950805664,2.468578577041626,0,0,1,1,0,1,1,1,0,30,20.0,0,1.182539682539618,0,0,0,0,1,0,0,0,0,0,0,0.0,1.0,0.0,0.0,0.0,0.0,0.0,0.0,0.0,0.0,0.0,0.0,0.0,0.0,-2,-2
458,1,-1,-12.39594554901123,13.742753982543945,2.866010427474976,0,0,1,1,0,1,1,1,0,29,20.0,0,0.9603174603173956,0,0,0,0,1,0,0,0,0,0,0,0.0,1.0,0.0,0.0,0.0,0.0,0.0,0.0,0.0,0.0,0.0,0.0,0.0,0.0,-2,-2
457,1,-1,-12.400845527648926,13.738739013671875,-2.853489875793457,0,0,1,1,0,1,1,1,0,29,20.0,0,0.9603174603173956,0,0,0,0,1,0,0,0,0,0,0,0.0,0.0,0.0,1.0,0.0,0.0,0.0,0.0,0.0,0.0,0.0,0.0,0.0,0.0,-2,-2
456,1,-1,-12.403847694396973,13.733006477355955,-2.290487051010132,0,0,1,1,1,1,1,1,0,28,20.0,0,2.960317460317396,0,0,0,0,0,0,0,0,0,0,0,0.0,0.0,1.0,0.0,0.0,0.0,0.0,0.0,1.0,0.0,0.0,0.0,0.0,0.0,-2,-2
455,1,-1,-12.40665340423584,13.730361938476562,-1.7672604322433472,0,0,1,1,1,1,1,1,0,28,20.0,0,5.960317460317396,0,0,0,0,0,0,1,0,0,0,0,0.0,0.0,1.0,0.0,0.0,0.0,0.0,0.0,0.0,0.0,0.0,0.0,0.0,0.0,-2,-2
454,1,-1,-12.409408569335938,13.72435474395752,-1.2359462976455688,0,0,1,1,1,1,1,1,0,27,20.0,0,5.404761904761841,0,0,0,0,0,0,1,0,0,0,0,0.0,0.0,1.0,0.0,0.0,0.0,0.0,0.0,0.0,0.0,0.0,0.0,0.0,0.0,-2,-2
453,1,-1,-11.964134216308596,12.765298843383787,-1.1152158975601196,0,0,1,1,1,1,1,1,0,27,20.0,0,4.8492063492062885,0,0,0,0,0,0,1,0,0,0,0,0.0,0.0,1.0,0.0,0.0,0.0,0.0,0.0,0.0,0.0,0.0,0.0,0.0,0.0,-2,-2
452,1,-1,-11.226666450500488,11.26889419555664,-1.1095353364944458,0,0,1,1,1,1,1,1,0,26,20.0,0,4.293650793650735,0,0,0,0,0,0,0,0,0,0,0,0.0,0.0,0.0,1.0,0.0,0.0,0.0,0.0,0.0,0.0,1.0,0.0,0.0,0.0,-2,-2
451,1,-1,-10.48224925994873,9.775535583496094,-1.1072086095809937,0,0,1,1,1,1,1,1,0,26,20.0,0,4.293650793650735,0,0,0,0,0,0,0,0,0,0,0,0.0,0.0,0.0,0.0,0.0,0.0,0.0,0.0,0.0,0.0,0.0,0.0,0.0,0.0,-2,-2
