remaining_time,robot_mode,alarm,robot_x,robot_y,robot_theta,tree 1,tree 2,tree 3,tree 4,tree 5,tree 6,tree 7,tree 8,tree 9,battery_level,temperature,water_robot_tank,water_ground_tank,leak 1,leak 2,leak 3,leak 4,leak 5,leak 6,leak 7,leak 8,leak 9,direction,avancement,left,right,push,wrench,leak 1,leak 2,leak 3,leak 4,leak 5,leak 6,leak 7,leak 8,leak 9,rm_alarm,errors,shortcuts
310,1,-1,0.27977296710014343,-10.084632873535156,2.8817501068115234,1,0,1,1,1,0,1,0,1,49,20.0,40,4.2619047619041135,0,0,0,0,0,0,0,0,0,0,0,0.0,1.0,0.0,0.0,0.0,0.0,0.0,0.0,0.0,0.0,0.0,0.0,0.0,0.0, -1,2
309,1,-1,0.27977296710014343,-10.084632873535156,2.8816044330596924,1,0,1,1,1,0,1,0,1,49,20.0,40,4.2619047619041135,0,0,0,0,0,0,0,0,0,0,0,0.0,1.0,0.0,0.0,0.0,0.0,0.0,0.0,0.0,0.0,0.0,0.0,0.0,0.0, -1,1
308,1,-1,0.27977296710014343,-10.084632873535156,2.8816044330596924,1,0,1,1,1,0,1,0,1,48,20.0,40,4.2619047619041135,0,0,0,0,0,0,0,0,0,0,0,0.0,1.0,0.0,0.0,0.0,0.0,0.0,0.0,0.0,0.0,0.0,0.0,0.0,0.0, -1,1
307,1,-1,0.27977296710014343,-10.084632873535156,2.8814592361450195,1,0,1,1,1,0,1,0,1,48,20.0,40,4.2619047619041135,0,0,0,0,0,0,0,0,0,0,0,0.0,0.0,0.0,0.0,0.0,0.0,0.0,0.0,0.0,0.0,0.0,0.0,0.0,0.0, -1, -1
306,1,-1,0.27977296710014343,-10.084632873535156,2.8814592361450195,1,0,1,1,1,0,1,0,1,47,20.0,40,4.2619047619041135,0,0,0,0,0,0,0,0,0,0,0,0.0,0.0,1.0,0.0,0.0,0.0,0.0,0.0,0.0,0.0,0.0,0.0,0.0,0.0, -1,1
305,1,-1,0.27977296710014343,-10.084632873535156,2.881313800811768,1,0,1,1,1,0,1,0,1,47,20.0,40,4.2619047619041135,0,0,0,0,0,0,0,0,0,0,0,1.0,0.0,0.0,0.0,0.0,0.0,0.0,0.0,0.0,0.0,0.0,0.0,0.0,0.0, -1, -1
304,1,-1,0.27977296710014343,-10.084632873535156,2.881313800811768,1,0,1,1,1,0,1,0,1,46,20.0,40,4.2619047619041135,0,0,0,0,0,0,0,0,0,0,0,1.0,0.0,0.0,0.0,0.0,0.0,0.0,0.0,0.0,0.0,0.0,0.0,0.0,0.0, -1,2
303,1,-1,0.27977296710014343,-10.084632873535156,2.8811681270599365,1,0,1,1,1,0,1,0,1,46,20.0,40,4.2619047619041135,0,0,0,0,0,0,0,0,0,0,0,1.0,1.0,0.0,0.0,0.0,0.0,0.0,0.0,0.0,0.0,0.0,0.0,0.0,0.0, -1,2
302,1,-1,0.27977296710014343,-10.084632873535156,2.8811681270599365,1,0,1,1,1,0,1,0,1,45,20.0,40,4.2619047619041135,0,0,0,0,0,0,0,0,0,0,0,0.0,0.0,0.0,0.0,0.0,0.0,0.0,0.0,0.0,0.0,0.0,0.0,0.0,0.0, -1,1
301,1,-1,0.27977296710014343,-10.084632873535156,2.881022691726685,1,0,1,1,1,0,1,0,1,45,20.0,40,4.2619047619041135,0,0,0,0,0,0,0,0,0,0,0,0.0,0.0,1.0,0.0,0.0,0.0,0.0,0.0,0.0,0.0,0.0,0.0,0.0,0.0, -1,1
