remaining_time,robot_mode,alarm,robot_x,robot_y,robot_theta,tree 1,tree 2,tree 3,tree 4,tree 5,tree 6,tree 7,tree 8,tree 9,battery_level,temperature,water_robot_tank,water_ground_tank,leak 1,leak 2,leak 3,leak 4,leak 5,leak 6,leak 7,leak 8,leak 9,direction,avancement,left,right,push,wrench,leak 1,leak 2,leak 3,leak 4,leak 5,leak 6,leak 7,leak 8,leak 9,rm_alarm,errors,shortcuts
470,1,-1,9.880779266357422,9.70453643798828,0.7936172485351562,1,1,0,0,1,1,1,0,1,35,20.0,50,0.8888888888889148,1,1,1,1,0,1,1,1,1,0,0,0.0,0.0,0.0,0.0,0.0,0.0,0.0,0.0,0.0,0.0,0.0,0.0,0.0,0.0, -1,-1
469,1,-1,9.880779266357422,9.70453643798828,0.7936172485351562,1,1,0,0,1,1,1,0,1,35,20.0,50,0.8888888888889148,1,1,1,1,0,1,1,1,1,0,0,0.0,0.0,0.0,0.0,0.0,0.0,0.0,0.0,0.0,0.0,0.0,0.0,0.0,0.0, -1,-1
468,1,-1,9.88156795501709,9.70517635345459,1.174912929534912,1,1,0,0,1,1,1,0,1,34,20.0,50,0.8888888888889148,1,1,1,1,0,1,1,1,1,0,0,0.0,0.0,0.0,0.0,0.0,0.0,0.0,0.0,0.0,0.0,0.0,0.0,0.0,0.0, -1,-1
467,1,-1,9.879486083984377,9.710911750793457,1.7475724220275881,1,1,0,0,1,1,1,0,1,34,20.0,50,0.8888888888889148,1,1,1,1,0,1,1,1,1,0,0,0.0,0.0,0.0,0.0,0.0,0.0,0.0,0.0,0.0,0.0,0.0,0.0,0.0,0.0, -1,-1
466,1,-1,9.87804126739502,9.711040496826172,2.2530345916748047,1,1,0,0,1,1,1,0,1,33,20.0,50,0.8888888888889148,1,1,1,1,0,1,1,1,1,0,0,0.0,0.0,0.0,0.0,0.0,0.0,0.0,0.0,0.0,0.0,0.0,0.0,0.0,0.0, -1,-1
465,1,-1,9.05126953125,10.535728454589844,2.3697969913482666,1,1,0,0,1,1,1,0,1,33,20.0,50,0.8888888888889148,1,1,1,1,0,1,1,1,1,0,0,0.0,0.0,0.0,0.0,0.0,0.0,0.0,0.0,0.0,0.0,0.0,0.0,0.0,0.0, -1,-1
464,1,-1,7.912961959838867,11.639351844787598,2.3825936317443848,1,1,0,0,1,1,1,0,1,32,20.0,50,0.8888888888889148,1,1,1,1,0,1,1,1,1,0,0,0.0,0.0,0.0,0.0,0.0,0.0,0.0,0.0,0.0,0.0,0.0,0.0,0.0,0.0, -1,-1
463,1,-1,7.04745626449585,12.460144996643065,2.3885746002197266,1,1,0,0,1,1,1,0,1,32,20.0,50,0.8888888888889148,1,1,1,1,0,1,1,1,1,0,0,0.0,0.0,0.0,0.0,0.0,0.0,0.0,0.0,0.0,0.0,0.0,0.0,0.0,0.0, -1,-1
462,1,-1,6.411337375640869,13.054468154907227,2.4018516540527344,0,1,0,0,1,1,1,0,1,31,20.0,40,0.8888888888889148,1,1,1,1,0,1,1,1,1,0,0,0.0,0.0,0.0,0.0,0.0,0.0,0.0,0.0,0.0,0.0,0.0,0.0,0.0,0.0, -1,-1
461,1,-1,5.941120624542236,13.483200073242188,2.4024579524993896,0,1,0,0,1,1,1,0,1,31,20.0,40,0.8888888888889148,1,1,1,1,0,1,1,1,1,0,0,0.0,0.0,0.0,0.0,0.0,0.0,0.0,0.0,0.0,0.0,0.0,0.0,0.0,0.0, -1,-1
