remaining_time,robot_mode,alarm,robot_x,robot_y,robot_theta,tree 1,tree 2,tree 3,tree 4,tree 5,tree 6,tree 7,tree 8,tree 9,battery_level,temperature,water_robot_tank,water_ground_tank,leak 1,leak 2,leak 3,leak 4,leak 5,leak 6,leak 7,leak 8,leak 9,direction,avancement,left,right,push,wrench,leak 1,leak 2,leak 3,leak 4,leak 5,leak 6,leak 7,leak 8,leak 9,rm_alarm,errors,shortcuts
280,1,-1,-0.2843877971172333,-10.069106101989746,0.20510439574718475,1,1,1,1,1,1,0,0,1,65,20.0,30,1.3730158730152882,0,0,0,0,0,0,0,0,1,0,0,1.0,0.0,0.0,0.0,0.0,0.0,0.0,0.0,0.0,0.0,0.0,0.0,0.0,0.0, -1,-1
279,1,-1,-0.2843877971172333,-10.069106101989746,0.20504339039325714,1,1,1,1,1,1,0,0,1,65,20.0,30,0.9285714285708436,0,0,0,0,0,0,0,0,1,0,0,0.0,0.0,0.0,0.0,0.0,0.0,0.0,0.0,0.0,0.0,0.0,0.0,0.0,0.0, -1,-1
278,1,-1,-0.2843877971172333,-10.069106101989746,0.20504339039325714,1,1,1,1,1,1,0,0,1,64,20.0,30,0.9285714285708436,0,0,0,0,0,0,0,0,0,0,0,0.0,0.0,0.0,1.0,0.0,0.0,0.0,0.0,0.0,0.0,0.0,0.0,1.0,0.0, -1,-1
277,1,-1,-0.2843877971172333,-10.069106101989746,0.2049831598997116,1,1,1,1,1,1,0,0,1,64,20.0,30,1.9285714285708435,0,0,0,0,0,0,0,0,0,0,0,0.0,0.0,1.0,0.0,0.0,0.0,0.0,0.0,0.0,0.0,0.0,0.0,0.0,0.0, -1,-1
276,1,-1,-0.2843877971172333,-10.069106101989746,0.2049831598997116,1,1,1,1,1,1,0,0,1,63,20.0,30,6.7857142857137,0,0,0,0,0,0,0,0,0,0,0,0.0,1.0,0.0,0.0,0.0,0.0,0.0,0.0,0.0,0.0,0.0,0.0,0.0,0.0, -1,-1
275,1,-1,-0.2843877971172333,-10.069106101989746,0.20492325723171234,1,1,1,1,1,1,0,0,1,63,20.0,40,0.9285714285708426,0,0,0,0,0,0,0,0,0,0,0,0.0,1.0,0.0,0.0,0.0,0.0,0.0,0.0,0.0,0.0,0.0,0.0,0.0,0.0, -1,-1
274,1,-1,-0.2843877971172333,-10.069106101989746,0.20492325723171234,1,1,1,1,1,1,0,0,1,62,20.0,40,4.642857142856557,0,0,0,0,0,0,0,0,0,0,0,0.0,0.0,1.0,0.0,0.0,0.0,0.0,0.0,0.0,0.0,0.0,0.0,0.0,0.0, -1,-1
273,1,-1,-0.2843877971172333,-10.069106101989746,0.20486463606357572,1,1,1,1,1,1,0,0,1,62,20.0,40,7.642857142856556,0,0,0,0,0,0,0,0,0,0,0,1.0,0.0,0.0,0.0,0.0,0.0,0.0,0.0,0.0,0.0,0.0,0.0,0.0,0.0, -1,-1
272,1,-1,-0.2843877971172333,-10.069106101989746,0.20486463606357572,1,1,1,1,1,1,0,0,1,61,20.0,50,0.4999999999994138,0,0,0,0,0,0,0,0,0,0,0,0.0,0.0,1.0,0.0,0.0,0.0,0.0,0.0,0.0,0.0,0.0,0.0,0.0,0.0, -1,-1
271,1,-1,-0.2843877971172333,-10.069106101989746,0.20480285584926605,1,1,1,1,1,1,0,0,1,61,20.0,50,0.7857142857136995,0,0,0,0,0,0,0,0,0,0,0,0.0,1.0,0.0,0.0,0.0,0.0,0.0,0.0,0.0,0.0,0.0,0.0,0.0,0.0, -1,-1
