remaining_time,robot_mode,alarm,robot_x,robot_y,robot_theta,tree 1,tree 2,tree 3,tree 4,tree 5,tree 6,tree 7,tree 8,tree 9,battery_level,temperature,water_robot_tank,water_ground_tank,leak 1,leak 2,leak 3,leak 4,leak 5,leak 6,leak 7,leak 8,leak 9,direction,avancement,left,right,push,wrench,leak 1,leak 2,leak 3,leak 4,leak 5,leak 6,leak 7,leak 8,leak 9,rm_alarm,errors,shortcuts
550,1,-1,16.011964797973633,9.364350318908693,-1.5143945217132568,0,0,1,0,0,1,0,0,0,98,20.0,50,0.99999999999992,0,0,1,1,0,1,0,0,0,0,0,0.0,0.0,0.0,0.0,0.0,0.0,0.0,0.0,0.0,0.0,0.0,0.0,0.0,0.0, -1,-1
549,1,-1,16.107725143432614,7.69860315322876,-1.5134398937225342,0,0,1,0,0,1,0,0,0,98,20.0,50,0.99999999999992,0,0,1,1,0,1,0,0,0,0,0,0.0,0.0,0.0,0.0,0.0,0.0,0.0,0.0,0.0,0.0,0.0,0.0,0.0,0.0, -1,-1
548,1,-1,16.19697380065918,6.032461166381836,-1.5172523260116575,0,0,1,0,0,1,0,0,0,97,20.0,50,0.99999999999992,0,0,1,1,0,1,0,0,0,0,0,0.0,0.0,0.0,0.0,0.0,0.0,0.0,0.0,0.0,0.0,0.0,0.0,0.0,0.0, -1,-1
547,1,-1,16.284543991088867,4.366070747375488,-1.5178974866867063,0,0,1,0,0,1,0,0,0,97,20.0,50,0.99999999999992,0,0,1,1,0,1,0,0,0,0,0,0.0,0.0,0.0,0.0,0.0,0.0,0.0,0.0,0.0,0.0,0.0,0.0,0.0,0.0, -1,-1
546,1,-1,16.362695693969727,2.6994662284851074,-1.5246745347976685,0,0,1,0,0,1,0,0,0,96,20.0,50,0.99999999999992,0,0,1,1,0,1,0,0,0,0,0,0.0,0.0,0.0,0.0,0.0,0.0,0.0,0.0,0.0,0.0,0.0,0.0,0.0,0.0, -1,-1
545,1,-1,16.436670303344727,1.0325366258621216,-1.5354187488555908,0,0,1,0,0,1,0,0,0,96,20.0,50,0.99999999999992,0,0,1,1,0,1,0,0,0,0,0,0.0,0.0,0.0,0.0,0.0,0.0,0.0,0.0,0.0,0.0,0.0,0.0,0.0,0.0, -1,-1
544,1,-1,16.494216918945312,-0.6348814964294434,-1.5370131731033323,0,0,1,0,0,1,0,0,0,95,20.0,50,0.99999999999992,0,0,1,1,0,1,0,0,0,0,0,0.0,0.0,0.0,0.0,0.0,0.0,0.0,0.0,0.0,0.0,0.0,0.0,0.0,0.0, -1,-1
543,1,-1,16.5498046875,-2.30248498916626,-1.5373300313949585,0,0,1,0,0,1,0,0,0,95,20.0,50,0.99999999999992,0,0,1,1,0,1,0,0,0,0,0,0.0,0.0,0.0,0.0,0.0,0.0,0.0,0.0,0.0,0.0,0.0,0.0,0.0,0.0, -1,-1
542,1,-1,16.603527069091793,-3.9701411724090576,-1.5421262979507446,0,0,1,0,0,1,0,0,0,94,20.0,50,0.99999999999992,0,0,1,1,0,1,0,0,0,0,0,0.0,0.0,0.0,0.0,0.0,0.0,0.0,0.0,0.0,0.0,0.0,0.0,0.0,0.0, -1,-1
541,1,-1,16.647451400756836,-5.637836933135986,-1.5485087633132937,0,0,1,0,0,1,0,0,0,94,20.0,50,0.99999999999992,0,0,1,1,0,1,0,0,0,0,0,0.0,0.0,0.0,0.0,0.0,0.0,0.0,0.0,0.0,0.0,0.0,0.0,0.0,0.0, -1,-1
