remaining_time,robot_mode,alarm,robot_x,robot_y,robot_theta,tree 1,tree 2,tree 3,tree 4,tree 5,tree 6,tree 7,tree 8,tree 9,battery_level,temperature,water_robot_tank,water_ground_tank,leak 1,leak 2,leak 3,leak 4,leak 5,leak 6,leak 7,leak 8,leak 9,direction,avancement,left,right,push,wrench,leak 1,leak 2,leak 3,leak 4,leak 5,leak 6,leak 7,leak 8,leak 9,rm_alarm,errors,shortcuts
480,1,-1,-5.578025817871094,0.4446567296981812,1.1646842956542969,0,1,1,1,0,0,0,0,0,40,20.0,10,0.9444444444444744,0,0,0,0,0,0,0,0,1,0,0,1.0,0.0,0.0,0.0,0.0,0.0,0.0,0.0,0.0,0.0,0.0,0.0,0.0,0.0, -1,5
479,1,-1,-4.903694152832031,1.9689589738845823,1.1529009342193604,0,1,1,1,0,0,0,0,0,40,20.0,10,0.9444444444444744,0,0,0,0,0,0,0,0,1,0,0,0.0,0.0,0.0,0.0,0.0,0.0,0.0,0.0,0.0,0.0,0.0,0.0,0.0,0.0, -1, -1
478,1,-1,-4.336323261260986,3.234860897064209,1.1447031497955322,0,1,1,1,0,0,0,0,0,39,20.0,10,0.9444444444444744,0,0,0,0,0,0,0,0,1,0,0,0.0,0.0,0.0,0.0,0.0,0.0,0.0,0.0,0.0,0.0,0.0,0.0,0.0,0.0, -1, -1
477,1,-1,-3.9102375507354736,4.159656047821045,1.1303045749664309,0,1,1,0,0,0,0,0,0,39,20.0,0,4.7222222222222525,0,0,0,0,0,0,0,0,1,0,0,0.0,1.0,1.0,0.0,0.0,0.0,0.0,0.0,0.0,0.0,0.0,0.0,0.0,0.0, -1,2
476,1,-1,-3.591541290283203,4.833630561828613,1.1227853298187256,0,1,1,0,0,0,0,0,0,38,20.0,0,5.079365079365112,0,0,0,0,0,0,0,0,1,0,0,1.0,1.0,1.0,0.0,0.0,0.0,0.0,0.0,0.0,0.0,0.0,0.0,0.0,0.0, -1,5
475,1,-1,-3.591541290283203,4.833630561828613,1.1227853298187256,0,1,1,0,0,0,0,0,0,38,20.0,0,4.5238095238095575,0,0,0,0,0,1,0,0,1,0,0,0.0,1.0,0.0,0.0,0.0,0.0,0.0,0.0,0.0,0.0,0.0,0.0,0.0,0.0, -1,5
474,1,-1,-4.495856761932373,2.9554560184478764,0.6878160238265991,0,1,1,0,0,0,0,0,0,37,20.0,0,4.238095238095272,0,0,0,0,0,1,0,0,1,0,0,0.0,0.0,0.0,0.0,0.0,0.0,0.0,0.0,0.0,0.0,0.0,0.0,0.0,0.0, -1, -1
473,1,-1,-4.494842529296875,2.9563589096069336,0.1161937341094017,0,1,1,0,0,0,0,0,0,37,20.0,0,6.2539682539682895,0,0,0,0,0,1,0,0,1,0,0,1.0,0.0,0.0,0.0,0.0,0.0,0.0,0.0,0.0,0.0,0.0,0.0,0.0,0.0, -1,3
472,1,-1,-4.493279457092285,2.9573421478271484,-0.4750591218471527,0,1,1,0,0,0,0,0,0,36,20.0,0,8.269841269841308,0,0,0,0,0,1,0,0,1,0,0,1.0,0.0,1.0,0.0,0.0,0.0,0.0,0.0,0.0,0.0,0.0,0.0,0.0,0.0, -1,3
471,1,-1,-4.492408752441406,2.9569854736328125,-0.9991707801818848,0,1,1,0,1,0,0,0,0,36,20.0,0,7.412698412698451,0,0,0,0,0,1,0,0,1,0,0,0.0,0.0,0.0,0.0,0.0,0.0,0.0,0.0,0.0,0.0,0.0,0.0,0.0,0.0, -1, -1
