remaining_time,robot_mode,alarm,robot_x,robot_y,robot_theta,tree 1,tree 2,tree 3,tree 4,tree 5,tree 6,tree 7,tree 8,tree 9,battery_level,temperature,water_robot_tank,water_ground_tank,leak 1,leak 2,leak 3,leak 4,leak 5,leak 6,leak 7,leak 8,leak 9,direction,avancement,left,right,push,wrench,leak 1,leak 2,leak 3,leak 4,leak 5,leak 6,leak 7,leak 8,leak 9,rm_alarm,errors,shortcuts
460,1,-1,-0.12627306580543518,-4.144657611846924,-0.4930225610733032,0,1,1,0,1,0,0,0,0,30,20.0,0,1.0793650793651175,0,1,0,0,0,0,0,0,0,0.53,0.0,0.0,0.0,0.0,0.0,0.0,0.0,0.0,0.0,0.0,0.0,0.0,0.0,0.0,0.0, -1, -1
459,1,-1,-0.12627306580543518,-4.144657611846924,-0.4930225610733032,0,1,1,0,1,0,0,0,0,30,20.0,0,0.9682539682540066,0,1,0,0,0,0,0,0,0,0.53,0.0,0.0,0.0,0.0,0.0,0.0,0.0,0.0,0.0,0.0,0.0,0.0,0.0,0.0,0.0, -1, -1
458,1,-1,-0.12578794360160828,-4.1444950103759775,-0.3720507919788361,0,1,1,0,1,0,0,0,0,29,20.0,0,0.9682539682540066,0,1,0,0,0,0,0,0,0,0.53,0.0,0.0,0.0,0.0,0.0,0.0,0.0,0.0,0.0,0.0,0.0,0.0,0.0,0.0,0.0, -1, -1
457,1,-1,-0.12687212228775024,-4.142992496490479,-0.9507550001144408,0,1,1,0,1,0,0,0,0,29,20.0,0,0.9682539682540066,0,1,0,0,0,0,0,0,0,0,0,0.0,0.0,0.0,0.0,0.0,0.0,0.0,0.0,0.0,0.0,0.0,0.0,0.0,0.0, -1, -1
456,1,-1,-0.1275757998228073,-4.1436190605163565,-1.42770516872406,0,1,1,0,1,1,0,0,0,28,20.0,0,0.9682539682540066,0,1,0,0,0,0,0,0,0,0,0,0.0,0.0,0.0,0.0,0.0,0.0,0.0,0.0,0.0,0.0,0.0,0.0,0.0,0.0, -1, -1
455,1,-1,-0.05512024089694023,-5.444308280944824,-1.5256487131118774,0,1,1,0,1,1,0,0,0,28,20.0,0,0.9682539682540066,0,1,0,0,0,0,0,0,0,0,0,0.0,0.0,0.0,1.0,0.0,0.0,0.0,0.0,0.0,0.0,0.0,0.0,0.0,0.0, -1,1
454,1,-1,-0.0050977030768990525,-6.682525157928468,-1.538536787033081,0,1,1,0,1,1,0,0,0,27,20.0,0,0.9682539682540066,0,0,0,0,0,0,0,0,0,0,0,0.0,0.0,0.0,0.0,0.0,1.0,0.0,0.0,0.0,0.0,0.0,0.0,0.0,0.0, -1, -1
453,1,-1,0.0210892166942358,-7.5396833419799805,-1.5431129932403564,0,1,1,1,1,1,0,0,0,27,20.0,0,0.9682539682540066,0,0,0,0,0,0,0,0,0,0,0,0.0,0.0,0.0,0.0,0.0,0.0,0.0,0.0,0.0,0.0,0.0,0.0,0.0,0.0, -1, -1
452,1,-1,0.033401060849428184,-8.169612884521483,-1.5591799020767212,0,1,1,1,1,1,0,0,0,26,20.0,0,0.9682539682540066,0,0,0,0,0,0,0,0,0,0,0,0.0,0.0,0.0,0.0,0.0,0.0,0.0,0.0,0.0,0.0,0.0,0.0,0.0,0.0, -1, -1
451,1,-1,0.03797204419970512,-8.625871658325195,-1.5693376064300537,0,1,1,1,1,1,0,0,0,26,20.0,0,0.9682539682540066,0,0,0,0,0,0,0,0,0,0,0,0.0,1.0,0.0,0.0,0.0,0.0,0.0,0.0,0.0,0.0,0.0,0.0,0.0,0.0, -1,2
