remaining_time,robot_mode,alarm,robot_x,robot_y,robot_theta,tree 1,tree 2,tree 3,tree 4,tree 5,tree 6,tree 7,tree 8,tree 9,battery_level,temperature,water_robot_tank,water_ground_tank,leak 1,leak 2,leak 3,leak 4,leak 5,leak 6,leak 7,leak 8,leak 9,direction,avancement,left,right,push,wrench,leak 1,leak 2,leak 3,leak 4,leak 5,leak 6,leak 7,leak 8,leak 9,rm_alarm,errors,shortcuts
220,1,-1,13.882152557373047,14.02302074432373,0.972071886062622,1,1,0,1,1,1,1,0,1,16,20.0,80,0.9206349206335196,0,0,0,0,0,0,1,0,0,0.0,2.86,0.0,0.0,0.0,0.0,0.0,0.0,0.0,0.0,0.0,0.0,0.0,0.0,0.0,0.0,-2,-2
219,1,-1,14.66326141357422,15.168485641479492,0.975136697292328,1,1,0,1,1,1,1,0,1,16,20.0,80,0.9206349206335196,0,0,0,0,0,0,1,0,0,0.0,2.86,0.0,0.0,0.0,0.0,0.0,0.0,0.0,0.0,0.0,0.0,0.0,0.0,0.0,0.0,-2,-2
218,1,-1,14.66326141357422,15.168485641479492,0.975136697292328,1,1,0,1,1,1,1,0,1,15,20.0,80,0.9206349206335196,0,0,0,0,0,0,1,0,0,-0.17666666666666667,1.9066666666666665,0.0,0.0,0.0,0.0,0.0,0.0,0.0,0.0,0.0,0.0,0.0,0.0,0.0,0.0,-2,-2
217,1,4,14.66326141357422,15.168485641479492,0.975136697292328,1,1,0,1,1,1,1,0,1,15,20.0,80,0.9206349206335196,0,0,0,0,0,0,1,0,0,-0.53,0.0,0.0,0.0,0.0,0.0,0.0,0.0,0.0,0.0,0.0,0.0,0.0,0.0,0.0,0.0,-2,-2
216,1,-1,14.907620429992676,15.434640884399414,0.7134220600128174,1,1,0,1,1,1,1,0,1,14,20.0,80,0.9206349206335196,0,0,0,0,0,0,1,0,0,0,0,0.0,0.0,0.0,0.0,0.0,0.0,0.0,0.0,0.0,0.0,0.0,0.0,0.0,0.0,-2,-2
215,1,-1,15.163935661315918,15.651226997375488,0.6765503883361816,1,1,0,1,1,1,1,0,1,14,20.0,80,0.9206349206335196,0,0,0,0,0,0,1,0,0,0,0,0.0,0.0,0.0,0.0,0.0,0.0,0.0,0.0,0.0,0.0,0.0,0.0,0.0,1.0,-2,-2
214,1,-1,15.361166954040527,15.809768676757812,0.6779159903526306,1,1,0,1,1,1,1,0,1,23,20.0,80,0.9206349206335196,0,0,0,0,0,0,1,0,0,0,0,0.0,0.0,0.0,0.0,0.0,0.0,0.0,0.0,0.0,0.0,0.0,0.0,0.0,0.0,-2,-2
213,1,-1,15.506603240966795,15.925216674804688,0.6681312322616577,1,1,0,1,1,1,1,0,1,33,20.0,80,0.9206349206335196,0,0,0,0,0,0,1,0,0,0,0,0.0,0.0,0.0,0.0,0.0,0.0,0.0,0.0,0.0,0.0,0.0,0.0,0.0,0.0,-2,-2
212,1,-1,15.612417221069336,16.008024215698242,0.6567670106887817,1,1,0,1,1,1,1,0,1,42,20.0,80,0.9206349206335196,0,0,0,0,0,0,1,0,0,0,0,0.0,1.0,0.0,0.0,0.0,0.0,0.0,0.0,0.0,0.0,0.0,0.0,0.0,0.0,-2,-2
211,1,-1,15.693075180053713,16.070070266723633,0.6558796167373657,1,1,0,1,1,1,1,0,1,52,20.0,80,0.9206349206335196,0,0,0,0,0,0,1,0,0,0,0,0.0,0.0,0.0,0.0,0.0,0.0,0.0,0.0,0.0,0.0,0.0,0.0,0.0,0.0,-2,-2
