remaining_time,robot_mode,alarm,robot_x,robot_y,robot_theta,tree 1,tree 2,tree 3,tree 4,tree 5,tree 6,tree 7,tree 8,tree 9,battery_level,temperature,water_robot_tank,water_ground_tank,leak 1,leak 2,leak 3,leak 4,leak 5,leak 6,leak 7,leak 8,leak 9,direction,avancement,left,right,push,wrench,leak 1,leak 2,leak 3,leak 4,leak 5,leak 6,leak 7,leak 8,leak 9,rm_alarm,errors,shortcuts
410,1,-1,15.457671165466307,14.092896461486815,1.3620469570159912,1,1,0,1,0,1,0,1,1,5,20.0,0,2.1428571428570606,0,0,0,1,0,0,0,0,0,0,0,1.0,0.0,1.0,0.0,0.0,0.0,0.0,0.0,0.0,0.0,0.0,0.0,0.0,0.0,-2,-2
409,1,-1,15.580211639404295,14.657079696655273,1.3570293188095093,1,1,0,1,0,1,0,1,1,5,20.0,0,1.5873015873015048,0,0,0,1,0,0,0,0,0,0,0,0.0,0.0,1.0,0.0,0.0,0.0,0.0,0.0,0.0,0.0,0.0,0.0,0.0,0.0,-2,-2
408,1,-1,15.672966957092285,15.059137344360352,1.3421552181243896,1,1,0,1,0,1,0,1,1,4,20.0,0,1.031746031745949,0,0,0,1,0,0,0,0,0,0,0,0.0,0.0,1.0,0.0,0.0,0.0,0.0,0.0,0.0,0.0,0.0,0.0,0.0,0.0,-2,-2
407,1,-1,15.744793891906738,15.360369682312012,1.334908962249756,1,1,0,1,0,1,0,1,1,4,20.0,0,0.920634920634838,0,0,0,1,0,0,0,0,0,0,0,1.0,0.0,1.0,0.0,0.0,0.0,0.0,0.0,0.0,0.0,0.0,0.0,0.0,0.0,-2,-2
406,1,-1,15.799623489379885,15.582921028137207,1.324892520904541,1,1,0,1,0,1,0,1,1,13,20.0,0,0.920634920634838,0,0,0,1,0,0,0,0,0,0,0,0.0,0.0,0.0,0.0,0.0,0.0,0.0,0.0,0.0,0.0,0.0,0.0,0.0,0.0,-2,-2
405,1,-1,15.840741157531738,15.746211051940918,1.3180015087127686,1,1,0,1,0,1,0,1,1,23,20.0,0,1.150793650793568,1,0,0,1,0,0,0,0,0,0,0,0.0,0.0,0.0,1.0,0.0,0.0,0.0,0.0,0.0,0.0,0.0,0.0,0.0,0.0,-2,-2
404,1,-1,15.87137222290039,15.864120483398438,1.3137115240097046,1,1,0,1,0,1,0,1,1,32,20.0,0,1.5634920634919804,1,0,0,0,0,0,0,0,0,0,0,0.0,1.0,0.0,0.0,0.0,0.0,0.0,1.0,0.0,0.0,0.0,0.0,0.0,0.0,-2,-2
403,1,-1,15.896523475646973,15.952935218811035,1.2958463430404663,1,1,0,1,0,1,0,1,1,42,20.0,0,1.0079365079364246,1,0,0,0,0,0,0,0,0,0,0,0.0,1.0,1.0,0.0,0.0,0.0,0.0,0.0,0.0,0.0,0.0,0.0,0.0,0.0,-2,-2
402,1,-1,15.913422584533693,16.012836456298828,1.295846700668335,1,1,0,1,0,1,0,1,1,51,20.0,0,0.8968253968253135,1,0,0,0,0,0,0,0,0,0,0,0.0,1.0,1.0,0.0,0.0,0.0,0.0,0.0,0.0,0.0,0.0,0.0,0.0,0.0,-2,-2
401,1,-1,15.913422584533693,16.012836456298828,1.295846700668335,1,1,0,1,0,1,0,1,1,61,20.0,0,3.4444444444443616,1,0,0,0,0,0,0,0,0,0,0,0.0,0.0,1.0,0.0,0.0,0.0,0.0,0.0,0.0,0.0,0.0,0.0,0.0,0.0,-2,-2
