remaining_time,robot_mode,alarm,robot_x,robot_y,robot_theta,tree 1,tree 2,tree 3,tree 4,tree 5,tree 6,tree 7,tree 8,tree 9,battery_level,temperature,water_robot_tank,water_ground_tank,leak 1,leak 2,leak 3,leak 4,leak 5,leak 6,leak 7,leak 8,leak 9,direction,avancement,left,right,push,wrench,leak 1,leak 2,leak 3,leak 4,leak 5,leak 6,leak 7,leak 8,leak 9,rm_alarm,errors,shortcuts
470,1,-1,15.432588577270508,-15.105868339538574,0.20992396771907806,1,1,1,1,1,1,0,0,1,35,31.716741488836682,90,25.388888888888804,0,0,0,0,1,0,0,0,0,0.53,0.0,0.0,0.0,0.0,0.0,0.0,0.0,0.0,0.0,0.0,0.0,0.0,0.0,0.0,0.0,-2,-2
469,1,-1,15.432588577270508,-15.105868339538574,0.20992396771907806,1,1,1,1,1,1,0,0,1,35,31.716741488836682,90,24.83333333333325,0,0,0,0,1,0,0,0,0,0.53,0.0,0.0,0.0,0.0,0.0,0.0,0.0,0.0,0.0,0.0,0.0,0.0,0.0,0.0,0.0,-2,-2
468,1,-1,15.436755180358887,-15.100932121276855,1.0194221735000608,1,1,1,1,1,0,0,0,1,34,28.383408155503346,80,24.27777777777769,0,0,0,0,1,0,0,0,0,0,0,0.0,1.0,0.0,0.0,0.0,0.0,0.0,0.0,0.0,0.0,0.0,0.0,0.0,0.0,-2,-2
467,1,-1,15.675243377685547,-14.628352165222168,1.1234407424926758,1,1,1,1,1,0,0,0,1,34,21.716741488836682,80,23.722222222222143,0,0,0,0,1,0,0,0,0,0,0,0.0,0.0,0.0,1.0,0.0,0.0,0.0,0.0,0.0,0.0,0.0,0.0,0.0,0.0,-2,-2
466,1,-1,14.740608215332033,-16.56905174255371,1.1226410865783691,1,1,1,1,1,0,0,0,1,33,20.0,80,23.722222222222143,0,0,0,0,0,0,0,0,0,0,0,1.0,0.0,0.0,0.0,0.0,0.0,0.0,0.0,1.0,0.0,0.0,0.0,0.0,0.0,-2,-2
465,1,-1,14.740608215332033,-16.56905174255371,1.1226410865783691,1,1,1,1,1,0,0,0,1,33,20.0,80,26.722222222222143,0,0,0,0,0,0,0,0,1,0,0,0.0,0.0,1.0,0.0,0.0,0.0,0.0,0.0,0.0,0.0,0.0,0.0,0.0,0.0,-2,-2
464,1,-1,14.670130729675293,-16.706567764282227,1.5118474960327148,1,1,1,1,1,0,0,0,1,32,20.0,80,31.01587301587293,0,0,0,0,0,0,0,0,1,0,0,0.0,0.0,0.0,0.0,0.0,0.0,0.0,0.0,0.0,0.0,0.0,0.0,0.0,0.0,-2,-2
463,1,-1,14.67013931274414,-16.701675415039062,2.0175638198852544,1,1,1,1,1,0,0,0,1,32,20.0,80,34.73809523809515,0,0,0,0,0,0,0,0,1,0,0,0.0,0.0,1.0,0.0,0.0,0.0,0.0,0.0,0.0,0.0,0.0,0.0,0.0,0.0,-2,-2
462,1,-1,14.067183494567873,-15.79916763305664,2.1735081672668457,1,1,1,1,1,0,0,0,1,31,20.0,80,37.74603174603164,0,0,0,0,0,0,0,0,1,0,0,0.0,0.0,0.0,0.0,0.0,0.0,0.0,0.0,0.0,0.0,0.0,0.0,0.0,0.0,-2,-2
461,1,-1,13.131390571594238,-14.451414108276367,2.1792356967926025,1,1,1,1,1,0,0,0,1,31,20.0,80,40.03968253968243,0,0,0,0,0,0,0,0,0,0,0,0.0,0.0,0.0,1.0,0.0,0.0,0.0,0.0,0.0,0.0,0.0,0.0,1.0,0.0,-2,-2
