remaining_time,robot_mode,alarm,robot_x,robot_y,robot_theta,tree 1,tree 2,tree 3,tree 4,tree 5,tree 6,tree 7,tree 8,tree 9,battery_level,temperature,water_robot_tank,water_ground_tank,leak 1,leak 2,leak 3,leak 4,leak 5,leak 6,leak 7,leak 8,leak 9,direction,avancement,left,right,push,wrench,leak 1,leak 2,leak 3,leak 4,leak 5,leak 6,leak 7,leak 8,leak 9,rm_alarm,errors,shortcuts
130,1,-1,-0.7317803502082825,4.764495372772217,2.3026223182678223,1,1,1,0,0,0,0,0,1,57,20.0,70,53.1746031746031,0,0,0,0,0,0,0,0,0,0,0,0.0,0.0,1.0,0.0,0.0,0.0,0.0,0.0,0.0,0.0,0.0,0.0,0.0,0.0,-2,-2
129,1,-1,-1.1983075141906738,5.282796382904053,2.3046531677246094,1,1,1,0,0,0,0,1,1,57,20.0,70,57.17460317460309,0,0,0,0,0,0,0,0,0,0,0,0.0,0.0,1.0,0.0,0.0,0.0,0.0,0.0,0.0,0.0,0.0,0.0,0.0,0.0,-2,-2
128,1,-1,0.22071079909801486,3.705387592315674,2.301795959472656,1,1,1,0,0,0,0,1,1,56,20.0,70,60.031746031745946,0,0,0,0,0,0,0,0,0,0,0,0.0,0.0,1.0,0.0,0.0,0.0,0.0,0.0,0.0,0.0,0.0,0.0,0.0,0.0,-2,-2
127,1,-1,0.22071079909801486,3.705387592315674,2.301795959472656,1,1,1,0,0,0,0,1,1,56,20.0,70,62.17460317460309,0,0,0,0,0,0,0,0,0,0,0,0.0,1.0,1.0,0.0,0.0,0.0,0.0,0.0,0.0,0.0,0.0,0.0,0.0,0.0,-2,-2
126,1,-1,0.2999500632286072,3.6178717613220215,1.8632724285125728,1,1,1,0,0,0,0,1,1,55,20.0,70,64.46031746031738,0,0,0,0,0,0,0,0,0,0,0,1.0,0.0,1.0,0.0,0.0,0.0,0.0,0.0,0.0,0.0,0.0,0.0,0.0,0.0,-2,-2
125,1,-1,0.16915449500083926,4.582564830780028,1.692562699317932,1,1,1,0,0,0,0,1,1,55,20.0,70,66.97619047619041,0,0,1,0,0,0,0,0,0,0,0,0.0,0.0,1.0,0.0,0.0,0.0,0.0,0.0,0.0,0.0,0.0,0.0,0.0,0.0,-2,-2
124,1,-1,-0.0275452584028244,6.239552974700928,1.6810901165008545,1,1,1,0,0,0,0,1,1,54,20.0,70,68.55555555555547,0,0,1,0,0,0,0,0,0,0,0,0.0,0.0,1.0,1.0,0.0,0.0,0.0,0.0,0.0,0.0,0.0,0.0,0.0,0.0,-2,-2
123,1,-1,-0.2099861651659012,7.870007514953612,1.682565689086914,1,1,1,0,0,0,0,1,1,54,20.0,70,69.73015873015865,0,0,0,0,0,0,0,0,0,0,0,0.0,0.0,1.0,0.0,0.0,0.0,1.0,0.0,0.0,0.0,0.0,0.0,0.0,0.0,-2,-2
122,1,-1,-0.3768467009067536,9.55055046081543,1.6701459884643557,1,1,1,0,0,0,0,1,1,53,20.0,70,73.3015873015872,0,0,0,0,0,0,0,0,0,0,0,0.0,0.0,1.0,0.0,0.0,0.0,0.0,0.0,0.0,0.0,0.0,0.0,0.0,0.0,-2,-2
121,1,-1,-0.5091608166694641,10.911844253540039,1.6652684211730957,1,1,1,0,0,0,0,1,1,53,20.0,70,76.15873015873008,0,0,0,0,0,0,0,0,0,0,0,1.0,0.0,1.0,0.0,0.0,0.0,0.0,0.0,0.0,0.0,0.0,0.0,0.0,0.0,-2,-2
