remaining_time,robot_mode,alarm,robot_x,robot_y,robot_theta,tree 1,tree 2,tree 3,tree 4,tree 5,tree 6,tree 7,tree 8,tree 9,battery_level,temperature,water_robot_tank,water_ground_tank,leak 1,leak 2,leak 3,leak 4,leak 5,leak 6,leak 7,leak 8,leak 9,direction,avancement,left,right,push,wrench,leak 1,leak 2,leak 3,leak 4,leak 5,leak 6,leak 7,leak 8,leak 9,rm_alarm,errors,shortcuts
570,1,-1,-0.3855405151844025,10.18634033203125,-2.2240183353424072,0,0,0,1,0,0,0,0,0,85,20.0,40,26.44444444444428,0,0,1,0,0,0,0,1,1,0,0,0.0,0.0,0.0,0.0,0.0,0.0,0.0,0.0,0.0,0.0,0.0,0.0,0.0,0.0,-2,-2
569,1,-1,-0.7672070860862732,9.461342811584473,-2.852898120880127,0,0,0,1,0,0,0,0,0,85,20.0,40,24.77777777777761,0,0,1,0,0,0,0,1,1,0,0,1.0,1.0,0.0,0.0,0.0,0.0,0.0,0.0,0.0,0.0,0.0,0.0,0.0,0.0,-2,-2
568,1,-1,0.2601105272769928,10.16894245147705,-2.413007497787476,0,0,0,1,0,0,0,0,0,84,20.0,40,23.111111111110954,0,0,1,0,0,0,0,1,1,0,0,0.0,1.0,0.0,0.0,0.0,0.0,0.0,0.0,0.0,0.0,0.0,0.0,0.0,0.0,-2,-2
567,1,-1,-0.4013120234012604,8.754236221313478,-1.8479644060134888,1,0,0,1,0,0,0,0,0,84,20.122966835627096,40,21.444444444444294,0,0,1,0,0,0,0,1,1,0,0,0.0,1.0,0.0,0.0,0.0,0.0,0.0,0.0,0.0,0.0,0.0,0.0,0.0,0.0,-2,-2
566,1,-1,-0.4499756097793579,8.569913864135742,-2.2714455127716064,1,0,0,0,0,0,0,0,0,83,20.0,30,19.777777777777636,0,0,1,0,0,0,0,1,1,0,0,0.0,0.0,1.0,0.0,0.0,0.0,0.0,0.0,0.0,0.0,0.0,0.0,0.0,0.0,-2,-2
565,1,-1,-0.807516872882843,8.245850563049316,-2.4176809787750244,1,0,0,0,0,0,0,0,0,83,20.0,30,18.11111111111097,0,0,1,0,0,0,0,1,1,0,0,0.0,0.0,0.0,0.0,0.0,0.0,0.0,0.0,0.0,0.0,0.0,0.0,0.0,0.0,-2,-2
564,1,-1,0.7216073274612427,9.604484558105467,-2.413904428482056,1,0,0,0,0,0,0,0,0,82,20.0,30,16.44444444444431,0,0,1,0,0,0,0,1,1,0,0,0.0,0.0,0.0,0.0,0.0,0.0,0.0,0.0,0.0,0.0,0.0,0.0,0.0,0.0,-2,-2
563,1,6,0.7216073274612427,9.604484558105467,-2.413904428482056,1,0,0,0,0,0,0,0,0,82,20.0,30,14.777777777777645,0,0,1,0,0,0,0,1,1,0,0,0.0,0.0,0.0,0.0,0.0,0.0,0.0,0.0,0.0,0.0,0.0,0.0,0.0,0.0,-2,-2
562,1,-1,0.9287870526313782,9.789487838745117,-2.7980880737304688,1,0,0,0,0,0,0,0,0,81,20.0,30,13.111111111110976,0,0,1,0,0,0,0,1,1,0,0,0.0,0.0,0.0,0.0,0.0,0.0,0.0,0.0,0.0,0.0,0.0,0.0,0.0,0.0,-2,-2
561,1,-1,0.9292645454406738,9.79024887084961,2.9395484924316406,1,0,0,0,0,0,0,0,0,81,20.0,30,11.444444444444304,0,0,1,0,0,0,0,1,1,0,0,0.0,0.0,0.0,0.0,0.0,0.0,0.0,0.0,0.0,0.0,0.0,0.0,0.0,0.0,-2,-2
