remaining_time,robot_mode,alarm,robot_x,robot_y,robot_theta,tree 1,tree 2,tree 3,tree 4,tree 5,tree 6,tree 7,tree 8,tree 9,battery_level,temperature,water_robot_tank,water_ground_tank,leak 1,leak 2,leak 3,leak 4,leak 5,leak 6,leak 7,leak 8,leak 9,direction,avancement,left,right,push,wrench,leak 1,leak 2,leak 3,leak 4,leak 5,leak 6,leak 7,leak 8,leak 9,rm_alarm,errors,shortcuts
230,1,-1,15.68691635131836,15.880879402160645,0.9512010216712952,1,1,1,1,1,0,1,1,1,99,20.0,50,32.38888888888892,0,0,0,0,0,0,1,0,1,0,0,0.0,0.0,0.0,0.0,0.0,0.0,0.0,0.0,0.0,0.0,0.0,0.0,0.0,0.0, -1, -1
229,1,-1,15.68691635131836,15.880879402160645,0.9512010216712952,1,1,1,1,1,0,1,1,1,100,20.0,50,31.611111111111146,0,0,0,0,0,0,0,0,1,0,0,0.0,0.0,0.0,0.0,0.0,0.0,0.0,0.0,0.0,0.0,1.0,0.0,0.0,0.0, -1, -1
228,1,-1,15.68621063232422,15.88120937347412,1.329529047012329,1,1,1,1,1,0,1,1,1,99,20.0,50,31.055555555555593,0,0,0,0,0,0,0,0,1,0,0,0.0,0.0,1.0,0.0,0.0,0.0,0.0,0.0,0.0,0.0,0.0,0.0,0.0,0.0, -1,1
227,1,-1,15.690572738647461,15.878605842590332,1.832097411155701,1,1,1,1,1,0,1,1,1,100,20.0,50,30.50000000000004,0,0,0,0,0,0,0,0,1,0,0,0.0,0.0,0.0,1.0,0.0,0.0,0.0,0.0,0.0,0.0,0.0,0.0,0.0,0.0, -1,1
226,1,-1,15.694650650024414,15.877853393554688,2.3532049655914307,1,1,1,1,1,0,1,1,1,99,20.0,50,30.166666666666714,0,0,0,0,0,0,0,0,0,0,0,0.0,0.0,0.0,0.0,0.0,0.0,0.0,0.0,0.0,0.0,0.0,0.0,1.0,0.0, -1, -1
225,1,-1,15.69667911529541,15.87607192993164,2.8521952629089355,1,1,1,1,1,0,1,1,1,100,20.0,50,30.166666666666714,0,0,0,0,0,0,0,0,0,0,0,0.0,1.0,0.0,0.0,0.0,0.0,0.0,0.0,0.0,0.0,0.0,0.0,0.0,0.0, -1,1
224,1,-1,15.475713729858398,15.866439819335938,-3.092132091522217,1,1,1,1,1,0,1,1,1,99,20.0,50,31.023809523809557,0,0,0,0,0,0,0,0,0,0,0,1.0,0.0,0.0,0.0,0.0,0.0,0.0,0.0,0.0,0.0,0.0,0.0,0.0,0.0, -1,1
223,1,-1,13.842065811157227,15.73620319366455,-3.0540881156921387,1,1,1,1,1,0,1,1,1,100,20.0,50,33.452380952380985,0,0,0,0,0,0,0,0,0,0,0,1.0,0.0,1.0,0.0,0.0,0.0,0.0,0.0,0.0,0.0,0.0,0.0,0.0,0.0, -1,2
222,1,-1,12.151488304138185,15.59090805053711,-3.0461804866790767,1,1,1,1,1,0,1,1,1,99,20.0,50,35.1666666666667,0,0,0,0,0,0,0,0,0,0,0,0.0,0.0,0.0,0.0,0.0,0.0,0.0,0.0,0.0,0.0,0.0,0.0,0.0,0.0, -1, -1
221,1,-1,10.490625381469727,15.431629180908205,-3.046282291412353,1,1,1,1,1,0,1,1,1,99,20.0,50,37.02380952380956,0,0,0,0,0,0,0,0,0,0,0,0.0,0.0,1.0,0.0,0.0,0.0,0.0,0.0,0.0,0.0,0.0,0.0,0.0,0.0, -1,1
