remaining_time,robot_mode,alarm,robot_x,robot_y,robot_theta,tree 1,tree 2,tree 3,tree 4,tree 5,tree 6,tree 7,tree 8,tree 9,battery_level,temperature,water_robot_tank,water_ground_tank,leak 1,leak 2,leak 3,leak 4,leak 5,leak 6,leak 7,leak 8,leak 9,direction,avancement,left,right,push,wrench,leak 1,leak 2,leak 3,leak 4,leak 5,leak 6,leak 7,leak 8,leak 9,rm_alarm,errors,shortcuts
500,1,-1,-2.6567182540893555,14.278491020202635,-0.25148952007293696,1,0,1,0,0,0,1,0,0,50,20.0,10,25.44444444444397,0,0,0,1,1,0,0,0,0,-0.53,0.0,0.0,0.0,0.0,0.0,0.0,0.0,0.0,0.0,0.0,0.0,0.0,0.0,0.0,0.0,-2,-2
499,1,-1,-2.6567182540893555,14.278491020202635,-0.25148952007293696,1,0,1,0,0,0,1,0,0,50,20.0,10,24.333333333332874,0,0,0,1,1,0,0,0,0,0,0,0.0,0.0,0.0,0.0,0.0,0.0,0.0,0.0,0.0,0.0,0.0,0.0,0.0,0.0,-2,-2
498,1,-1,-1.2611368894577026,14.099653244018555,0.10946650803089142,1,0,1,0,0,0,1,0,0,49,20.0,10,23.22222222222176,0,0,0,1,1,0,0,0,0,0.0,2.86,0.0,0.0,0.0,0.0,0.0,0.0,0.0,0.0,0.0,0.0,0.0,0.0,0.0,0.0,-2,-2
497,1,-1,-2.2423367500305176,13.32489776611328,0.4745229482650757,1,0,1,0,0,0,1,0,0,49,20.0,10,22.11111111111065,0,0,0,1,1,0,0,0,0,-0.53,0.0,0.0,0.0,0.0,0.0,0.0,0.0,0.0,0.0,0.0,0.0,0.0,0.0,0.0,0.0,-2,-2
496,1,4,-1.0653749704360962,13.31812572479248,-0.08849122375249863,1,0,1,0,0,0,1,0,0,48,20.0,10,20.999999999999545,0,0,0,1,1,0,0,0,0,-0.53,0.0,0.0,0.0,0.0,0.0,0.0,0.0,0.0,0.0,0.0,0.0,0.0,0.0,0.0,0.0,-2,-2
495,1,-1,0.4792425036430359,13.44149684906006,0.2448655813932419,1,0,1,0,0,0,1,0,0,48,20.0,10,19.88888888888844,0,0,0,1,1,0,0,0,0,-0.53,0.0,0.0,0.0,0.0,0.0,0.0,0.0,0.0,0.0,0.0,0.0,0.0,0.0,0.0,0.0,-2,-2
494,1,-1,1.5472913980484009,13.73089599609375,0.2682441473007202,1,0,1,0,0,0,1,0,0,47,20.0,10,18.777777777777327,0,0,0,1,1,0,0,0,0,0,0,0.0,0.0,0.0,0.0,0.0,0.0,0.0,0.0,0.0,0.0,0.0,0.0,0.0,0.0,-2,-2
493,1,-1,2.316549301147461,13.94699478149414,0.2770339250564575,0,0,1,0,0,0,1,0,0,47,20.0,0,17.666666666666227,0,0,0,1,1,0,0,0,0,0,0,0.0,0.0,0.0,0.0,0.0,0.0,0.0,0.0,0.0,0.0,0.0,0.0,0.0,1.0,-2,-2
492,1,-1,2.906346082687378,14.119386672973633,0.29285597801208496,0,0,1,0,0,0,1,1,0,46,20.0,0,16.555555555555113,0,0,0,1,1,0,0,0,0,0,0,0.0,0.0,0.0,1.0,0.0,0.0,0.0,0.0,0.0,0.0,0.0,0.0,0.0,0.0,-2,-2
491,1,-1,1.6540510654449463,13.740928649902346,0.2945605516433716,0,0,1,0,0,0,1,1,0,46,20.0,0,15.55555555555512,0,0,0,1,0,0,0,0,0,0,0,0.0,0.0,0.0,1.0,0.0,0.0,0.0,0.0,1.0,0.0,0.0,0.0,0.0,0.0,-2,-2
