remaining_time,robot_mode,alarm,robot_x,robot_y,robot_theta,tree 1,tree 2,tree 3,tree 4,tree 5,tree 6,tree 7,tree 8,tree 9,battery_level,temperature,water_robot_tank,water_ground_tank,leak 1,leak 2,leak 3,leak 4,leak 5,leak 6,leak 7,leak 8,leak 9,direction,avancement,left,right,push,wrench,leak 1,leak 2,leak 3,leak 4,leak 5,leak 6,leak 7,leak 8,leak 9,rm_alarm,errors,shortcuts
550,1,-1,-0.8856733441352844,2.5942296981811523,1.9487091302871704,0,1,0,0,0,0,0,1,1,75,20.0,40,15.71428571428544,0,0,0,0,0,0,1,1,1,0,0,0.0,0.0,0.0,0.0,0.0,0.0,0.0,0.0,0.0,0.0,0.0,0.0,0.0,0.0,-2,-2
549,1,-1,-0.8856733441352844,2.5942296981811523,1.9487091302871704,0,1,0,0,0,0,0,1,1,75,20.0,40,14.92857142857115,0,0,0,0,0,0,1,1,1,0,0,0.0,0.0,0.0,0.0,0.0,0.0,0.0,0.0,0.0,0.0,0.0,0.0,0.0,0.0,-2,-2
548,1,-1,-1.1180362701416016,4.040918827056885,1.5874154567718506,0,1,0,0,0,0,0,1,1,74,20.0,40,13.26190476190448,0,0,0,0,0,0,1,1,1,0,0,0.0,0.0,0.0,0.0,0.0,0.0,0.0,0.0,0.0,0.0,0.0,0.0,0.0,0.0,-2,-2
547,1,-1,-1.1048285961151123,5.708839416503906,1.559296488761902,0,1,0,0,0,0,0,1,1,74,20.0,40,11.59523809523781,0,0,0,0,0,0,1,1,1,0,0,0.0,0.0,0.0,0.0,0.0,0.0,0.0,0.0,0.0,0.0,0.0,0.0,0.0,1.0,-2,-2
546,1,-1,-1.1063085794448853,5.410988807678223,1.5613614320755005,0,1,0,0,0,0,0,1,1,73,20.0,40,9.928571428571141,0,0,0,0,0,0,1,1,1,0,0,0.0,0.0,0.0,0.0,0.0,0.0,0.0,0.0,0.0,0.0,0.0,0.0,0.0,0.0,-2,-2
545,1,-1,-0.4869627952575684,7.1257195472717285,1.0138821601867676,0,1,0,0,0,0,0,1,1,73,20.0,40,8.261904761904471,1,0,0,0,0,0,1,1,1,0,0,0.0,0.0,0.0,0.0,0.0,0.0,0.0,0.0,0.0,0.0,0.0,0.0,0.0,0.0,-2,-2
544,1,-1,-0.3569015860557556,7.325867176055907,1.4412593841552734,0,1,0,0,0,0,0,1,1,72,20.0,40,6.039682539682247,1,0,0,0,0,0,1,1,1,0,0,0.0,0.0,0.0,0.0,0.0,0.0,0.0,0.0,0.0,0.0,0.0,0.0,0.0,0.0,-2,-2
543,1,-1,-0.36823514103889465,8.298851013183594,1.5980265140533447,0,1,0,0,0,0,0,1,1,72,20.0,40,3.817460317460025,1,0,0,0,0,0,1,1,1,0,0,0.0,0.0,0.0,0.0,0.0,0.0,0.0,0.0,0.0,0.0,0.0,0.0,0.0,0.0,-2,-2
542,1,-1,-0.4139899909496307,9.923203468322754,1.605049967765808,0,1,0,0,0,0,0,1,1,71,20.0,40,1.5952380952378016,1,0,0,0,0,0,1,1,1,0,0,0.0,0.0,0.0,0.0,0.0,0.0,0.0,0.0,0.0,0.0,0.0,0.0,0.0,0.0,-2,-2
541,1,-1,-0.4624294638633728,11.18797779083252,1.6149675846099854,0,1,0,0,0,0,0,1,1,71,20.0,40,0.7063492063489132,1,0,0,0,0,0,1,1,1,0,0,0.0,0.0,0.0,0.0,0.0,0.0,0.0,0.0,0.0,0.0,0.0,0.0,0.0,0.0,-2,-2
