remaining_time,robot_mode,alarm,robot_x,robot_y,robot_theta,tree 1,tree 2,tree 3,tree 4,tree 5,tree 6,tree 7,tree 8,tree 9,battery_level,temperature,water_robot_tank,water_ground_tank,leak 1,leak 2,leak 3,leak 4,leak 5,leak 6,leak 7,leak 8,leak 9,direction,avancement,left,right,push,wrench,leak 1,leak 2,leak 3,leak 4,leak 5,leak 6,leak 7,leak 8,leak 9,rm_alarm,errors,shortcuts
400,1,-1,4.863509654998778,15.714616775512695,-3.0001070499420166,0,1,1,1,0,0,1,0,1,93,20.0,30,49.698412698412675,0,0,0,0,0,0,0,0,0,0,0,0.0,0.0,1.0,0.0,0.0,0.0,0.0,0.0,0.0,0.0,0.0,0.0,0.0,0.0,-2,-2
399,1,-1,3.411808967590332,15.505654335021973,-2.994790315628052,0,1,1,1,0,0,1,0,1,93,20.0,30,53.26984126984126,0,0,0,0,0,0,0,0,0,0,0,0.0,0.0,1.0,0.0,0.0,0.0,0.0,0.0,0.0,0.0,0.0,0.0,0.0,0.0,-2,-2
398,1,-1,2.3126585483551025,15.335448265075685,-2.9820995330810547,0,1,1,1,0,0,1,0,1,92,20.0,30,53.26984126984126,0,0,0,0,0,0,0,0,0,0,0,0.0,1.0,1.0,0.0,0.0,0.0,0.0,0.0,0.0,0.0,0.0,0.0,0.0,0.0,-2,-2
397,1,-1,1.5213873386383057,15.206079483032227,-2.973693370819092,0,0,1,1,0,0,1,0,1,92,20.0,20,54.6984126984127,0,0,0,0,0,0,0,0,0,0,0,0.0,0.0,1.0,0.0,0.0,0.0,0.0,0.0,0.0,0.0,0.0,0.0,0.0,0.0,-2,-2
396,1,-1,0.9425573348999025,15.105304718017578,-2.956651210784912,0,0,1,1,0,0,1,0,1,91,20.0,20,56.12698412698412,0,0,0,0,0,0,0,0,0,0,0,0.0,0.0,1.0,0.0,0.0,0.0,0.0,0.0,0.0,0.0,0.0,0.0,0.0,0.0,-2,-2
395,1,-1,2.384464263916016,15.375247955322266,-2.958349227905273,0,0,1,1,0,0,1,0,1,91,20.0,20,58.26984126984127,1,0,0,0,0,0,0,0,0,0,0,1.0,0.0,1.0,0.0,0.0,0.0,0.0,0.0,0.0,0.0,0.0,0.0,0.0,0.0,-2,-2
394,1,-1,3.7618658542633057,15.630256652832033,-2.959091186523437,0,0,1,1,0,0,1,0,1,90,20.0,20,59.7063492063492,1,0,0,0,0,0,0,0,0,0,0,0.0,0.0,1.0,0.0,0.0,0.0,0.0,0.0,0.0,0.0,0.0,0.0,0.0,0.0,-2,-2
393,1,-1,2.7370424270629883,15.91612148284912,2.804635763168335,0,0,1,1,0,0,1,0,1,90,20.0,20,60.57142857142857,0,0,0,0,0,0,0,0,0,0,0,0.0,0.0,1.0,1.0,1.0,0.0,0.0,0.0,0.0,0.0,0.0,0.0,0.0,0.0,-2,-2
392,1,-1,2.5578784942626958,15.982123374938965,2.764125347137451,0,0,1,1,0,0,1,0,1,89,20.0,20,60.57142857142857,0,0,0,0,0,0,0,0,0,0,0,0.0,1.0,1.0,0.0,0.0,0.0,0.0,0.0,0.0,0.0,0.0,0.0,0.0,0.0,-2,-2
391,1,-1,2.5578784942626958,15.982123374938965,2.764125347137451,0,0,1,1,0,0,1,0,1,89,20.0,20,60.57142857142857,0,0,0,0,0,0,0,0,0,0,0,0.0,0.0,1.0,0.0,0.0,0.0,0.0,0.0,0.0,0.0,0.0,0.0,0.0,0.0,-2,-2
