remaining_time,robot_mode,alarm,robot_x,robot_y,robot_theta,tree 1,tree 2,tree 3,tree 4,tree 5,tree 6,tree 7,tree 8,tree 9,battery_level,temperature,water_robot_tank,water_ground_tank,leak 1,leak 2,leak 3,leak 4,leak 5,leak 6,leak 7,leak 8,leak 9,direction,avancement,left,right,push,wrench,leak 1,leak 2,leak 3,leak 4,leak 5,leak 6,leak 7,leak 8,leak 9,rm_alarm,errors,shortcuts
230,1,-1,0.18161414563655853,-9.77132797241211,-2.2073681354522705,1,1,1,1,1,1,1,1,1,28,20.0,0,0.6825396825393988,1,1,1,1,1,1,1,1,1,0,0,0.0,0.0,0.0,0.0,0.0,0.0,0.0,0.0,0.0,0.0,0.0,0.0,0.0,0.0,-1, -1
229,1,-1,0.18161414563655853,-9.77132797241211,-2.2073681354522705,1,1,1,1,1,1,1,1,1,28,20.0,0,0.6825396825393988,1,1,1,1,1,1,1,1,1,0,0,0.0,0.0,0.0,0.0,0.0,0.0,0.0,0.0,0.0,0.0,0.0,0.0,0.0,0.0,-1, -1
228,1,-1,0.18161414563655853,-9.77132797241211,-2.2072677612304688,1,1,1,1,1,1,1,1,1,27,20.0,0,0.6825396825393988,1,1,1,1,1,1,1,1,1,0,0,0.0,0.0,0.0,0.0,0.0,0.0,0.0,0.0,0.0,0.0,0.0,0.0,0.0,0.0,-1, -1
227,1,-1,0.18161414563655853,-9.77132797241211,-2.207217216491699,1,1,1,1,1,1,1,1,1,27,20.0,0,0.6825396825393988,1,1,1,1,1,1,1,1,1,0,0,0.0,0.0,0.0,0.0,0.0,0.0,0.0,0.0,0.0,0.0,0.0,0.0,0.0,0.0,-1, -1
226,1,-1,0.18161414563655853,-9.77132797241211,-2.2071664333343506,1,1,1,1,1,1,1,1,1,26,20.0,0,0.6825396825393988,1,1,1,1,1,1,1,1,1,0,0,0.0,0.0,0.0,0.0,0.0,0.0,0.0,0.0,0.0,0.0,0.0,0.0,0.0,0.0,-1, -1
225,1,-1,0.18161414563655853,-9.77132797241211,-2.2071664333343506,1,1,1,1,1,1,1,1,1,26,20.0,0,0.6825396825393988,1,1,1,1,1,1,1,1,1,0,0,0.0,0.0,0.0,0.0,0.0,0.0,0.0,0.0,0.0,0.0,0.0,0.0,0.0,0.0,-1, -1
224,1,-1,0.18350926041603088,-9.772989273071287,-2.589028596878052,1,1,1,1,1,1,1,1,1,25,20.0,0,0.6825396825393988,1,1,1,1,1,1,1,1,1,0,0,0.0,0.0,0.0,0.0,0.0,0.0,0.0,0.0,0.0,0.0,0.0,0.0,0.0,0.0,-1, -1
223,1,-1,0.1841324865818024,-9.775177001953123,-3.1036777496337886,1,1,1,1,1,1,1,1,1,25,20.0,0,0.6825396825393988,1,1,1,1,1,1,1,1,1,0,0,0.0,0.0,0.0,0.0,0.0,0.0,0.0,0.0,0.0,0.0,0.0,0.0,0.0,0.0,-1, -1
222,1,-1,0.18557950854301453,-9.776471138000488,2.678013801574707,1,1,1,1,1,1,1,1,1,24,20.0,0,0.6825396825393988,1,1,1,1,1,1,1,1,1,0,0,0.0,0.0,0.0,0.0,0.0,0.0,0.0,0.0,0.0,0.0,0.0,0.0,0.0,0.0,-1, -1
221,1,-1,0.1863150894641876,-9.775507926940918,2.2015082836151123,1,1,1,1,1,1,1,1,1,24,20.0,0,0.6825396825393988,1,1,1,1,1,1,1,1,1,0,0,0.0,0.0,0.0,0.0,0.0,0.0,0.0,0.0,0.0,0.0,0.0,0.0,0.0,0.0,-1, -1
