remaining_time,robot_mode,alarm,robot_x,robot_y,robot_theta,tree 1,tree 2,tree 3,tree 4,tree 5,tree 6,tree 7,tree 8,tree 9,battery_level,temperature,water_robot_tank,water_ground_tank,leak 1,leak 2,leak 3,leak 4,leak 5,leak 6,leak 7,leak 8,leak 9,direction,avancement,left,right,push,wrench,leak 1,leak 2,leak 3,leak 4,leak 5,leak 6,leak 7,leak 8,leak 9,rm_alarm,errors,shortcuts
420,1,-1,15.025782585144045,15.858490943908693,0.3869379460811615,1,0,1,0,0,1,0,1,1,10,20.0,0,63.66666666666608,0,0,0,0,0,0,0,0,0,0,0,1.0,0.0,1.0,0.0,0.0,0.0,0.0,0.0,0.0,0.0,0.0,0.0,0.0,0.0,-2,-2
419,1,-1,15.2606201171875,15.95541286468506,0.3884927332401276,1,0,1,0,0,1,0,1,1,20,20.0,0,68.23809523809466,0,0,0,0,0,0,0,0,0,0,0,0.0,1.0,0.0,0.0,0.0,0.0,0.0,0.0,0.0,0.0,0.0,0.0,0.0,0.0,-2,-2
418,1,-1,15.434574127197266,16.028289794921875,0.406363844871521,1,0,1,0,0,1,0,1,1,29,20.0,0,73.09523809523752,0,0,0,0,0,0,0,0,0,0,0,0.0,0.0,1.0,0.0,0.0,0.0,0.0,0.0,0.0,0.0,0.0,0.0,0.0,0.0,-2,-2
417,1,-1,15.559870719909668,16.082283020019528,0.40644505620002747,1,0,1,0,0,1,0,1,1,39,20.0,0,77.80952380952324,0,0,0,0,0,0,0,0,0,0,0,0.0,0.0,1.0,0.0,0.0,0.0,0.0,0.0,0.0,0.0,0.0,0.0,0.0,0.0,-2,-2
416,1,-1,15.653349876403807,16.123077392578125,0.4143226146697998,1,0,1,0,0,1,0,1,1,48,20.0,0,82.38095238095183,0,0,0,0,0,0,0,0,0,0,0,0.0,0.0,1.0,0.0,0.0,0.0,0.0,0.0,0.0,0.0,0.0,0.0,0.0,0.0,-2,-2
415,1,-1,15.72292423248291,16.15390968322754,0.4258808791637421,1,0,1,0,0,1,0,1,1,58,20.0,0,86.38095238095181,0,0,0,0,0,0,0,0,0,0,0,0.0,0.0,1.0,0.0,0.0,0.0,0.0,0.0,0.0,0.0,0.0,0.0,0.0,0.0,-2,-2
414,1,-1,15.736705780029295,16.160154342651367,0.4245536029338837,1,0,1,0,0,1,0,1,1,67,20.0,0,89.95238095238037,0,0,0,0,0,0,0,0,0,0,0,1.0,1.0,1.0,0.0,0.0,0.0,0.0,0.0,0.0,0.0,0.0,0.0,0.0,0.0,-2,-2
413,1,-1,15.736705780029295,16.160154342651367,0.4245536029338837,1,0,1,0,0,1,0,1,1,77,20.0,0,94.52380952380895,0,0,0,0,0,0,0,0,0,0,0,0.0,0.0,1.0,0.0,0.0,0.0,0.0,0.0,0.0,0.0,0.0,0.0,0.0,0.0,-2,-2
412,1,-1,15.736705780029295,16.160154342651367,0.4246340394020081,1,0,1,0,0,1,0,1,1,86,20.0,0,98.80952380952324,0,0,0,0,0,0,0,0,0,0,0,0.0,0.0,1.0,0.0,0.0,0.0,0.0,0.0,0.0,0.0,0.0,0.0,0.0,0.0,-2,-2
411,1,-1,15.736705780029295,16.160154342651367,0.4246340394020081,1,0,1,0,0,1,0,1,1,96,20.0,0,100.0,0,0,0,0,0,0,0,0,0,0,0,0.0,1.0,1.0,0.0,0.0,0.0,0.0,0.0,0.0,0.0,0.0,0.0,0.0,0.0,-2,-2
