remaining_time,robot_mode,alarm,robot_x,robot_y,robot_theta,tree 1,tree 2,tree 3,tree 4,tree 5,tree 6,tree 7,tree 8,tree 9,battery_level,temperature,water_robot_tank,water_ground_tank,leak 1,leak 2,leak 3,leak 4,leak 5,leak 6,leak 7,leak 8,leak 9,direction,avancement,left,right,push,wrench,leak 1,leak 2,leak 3,leak 4,leak 5,leak 6,leak 7,leak 8,leak 9,rm_alarm,errors,shortcuts
530,1,-1,2.3867340087890625,-0.4758677780628204,2.4094338417053223,0,1,0,1,0,1,1,1,0,87,20.0,50,0.8888888888886104,1,1,0,0,0,0,0,0,0,0,0,0.0,0.0,0.0,0.0,0.0,0.0,0.0,0.0,0.0,0.0,0.0,0.0,0.0,0.0,-2,-2
529,1,-1,2.3867340087890625,-0.4758677780628204,2.4094338417053223,0,1,0,1,0,1,1,1,0,87,20.0,50,0.8888888888886104,1,1,0,0,0,0,0,0,0,0,0,0.0,0.0,0.0,0.0,0.0,0.0,0.0,0.0,0.0,0.0,0.0,0.0,0.0,0.0,-2,-2
528,1,-1,1.391134262084961,0.7172930836677551,2.185009241104126,0,1,0,1,0,1,1,1,0,86,20.0,50,0.8888888888886104,1,1,0,0,0,0,0,0,0,0,0,1.0,0.0,0.0,0.0,0.0,0.0,0.0,0.0,0.0,0.0,0.0,0.0,0.0,0.0,-2,-2
527,1,-1,0.4312255084514618,2.0825226306915283,2.1811044216156006,0,1,0,1,0,1,1,1,0,86,20.0,50,0.8888888888886104,1,1,0,0,0,0,0,0,0,0,0,1.0,0.0,0.0,0.0,0.0,0.0,0.0,0.0,0.0,0.0,0.0,0.0,0.0,0.0,-2,-2
526,1,-1,-0.3938987553119659,3.277344226837158,2.1712391376495357,0,1,0,1,0,1,1,1,0,85,20.0,50,0.8888888888886104,1,1,0,0,0,0,0,0,0,0,0,0.0,0.0,0.0,0.0,0.0,0.0,0.0,0.0,0.0,0.0,0.0,0.0,0.0,0.0,-2,-2
525,1,-1,-0.9824380874633788,4.146552562713623,2.1568951606750493,0,1,0,1,0,1,1,1,0,85,20.0,50,0.8888888888886104,1,1,0,0,0,0,0,0,0,0,0,0.0,1.0,0.0,0.0,0.0,0.0,0.0,0.0,0.0,0.0,0.0,0.0,0.0,0.0,-2,-2
524,1,-1,-1.4160839319229126,4.802934169769287,2.1478114128112797,0,1,0,0,0,1,1,1,0,84,20.0,40,0.5555555555552769,1,1,0,0,0,0,0,0,0,0,0,0.0,1.0,0.0,0.0,0.0,0.0,0.0,0.0,0.0,0.0,0.0,0.0,0.0,0.0,-2,-2
523,1,-1,-1.7336512804031372,5.291869640350342,2.144022226333618,0,1,0,0,0,1,1,1,0,84,20.0,40,0.0,1,1,0,0,0,0,0,0,0,0,0,0.0,1.0,0.0,0.0,0.0,0.0,0.0,0.0,0.0,0.0,0.0,0.0,0.0,0.0,-2,-2
522,1,-1,-0.5502081513404846,3.4624111652374268,2.1460134983062744,0,1,0,0,0,1,1,1,0,83,20.0,40,0.0,1,1,0,0,0,0,0,0,0,0,0,0.0,1.0,0.0,0.0,0.0,0.0,0.0,0.0,0.0,0.0,0.0,0.0,0.0,0.0,-2,-2
521,1,-1,-0.5502081513404846,3.4624111652374268,2.1460134983062744,0,1,0,0,0,1,1,1,0,83,20.0,40,0.0,1,1,0,0,0,0,0,0,0,0,0,0.0,0.0,0.0,0.0,0.0,0.0,0.0,0.0,0.0,0.0,0.0,0.0,0.0,0.0,-2,-2
