remaining_time,robot_mode,alarm,robot_x,robot_y,robot_theta,tree 1,tree 2,tree 3,tree 4,tree 5,tree 6,tree 7,tree 8,tree 9,battery_level,temperature,water_robot_tank,water_ground_tank,leak 1,leak 2,leak 3,leak 4,leak 5,leak 6,leak 7,leak 8,leak 9,direction,avancement,left,right,push,wrench,leak 1,leak 2,leak 3,leak 4,leak 5,leak 6,leak 7,leak 8,leak 9,rm_alarm,errors,shortcuts
560,1,-1,3.300694942474365,10.074188232421877,1.2799453735351562,1,1,1,1,0,1,0,0,0,80,20.0,50,24.9999999999999,0,1,1,0,0,0,0,1,0,0,0,0.0,0.0,0.0,0.0,0.0,0.0,0.0,0.0,0.0,0.0,0.0,0.0,0.0,0.0, -1, -1
559,1,-1,3.6582751274108887,11.269448280334473,1.279206156730652,1,1,1,1,0,1,0,0,0,80,20.0,50,23.33333333333324,0,1,1,0,0,0,0,1,0,0,0,0.0,0.0,0.0,0.0,0.0,0.0,0.0,0.0,0.0,0.0,0.0,0.0,0.0,0.0, -1, -1
558,1,-1,3.910945892333984,12.147722244262695,1.2951796054840088,0,1,1,1,0,1,0,0,0,79,20.0,40,21.66666666666658,0,1,1,0,0,0,0,1,0,0,0,0.0,0.0,0.0,0.0,0.0,0.0,0.0,0.0,0.0,0.0,0.0,0.0,0.0,0.0, -1, -1
557,1,-1,4.092091083526611,12.791040420532227,1.2968288660049438,0,1,1,1,0,1,0,0,0,79,20.0,40,19.999999999999922,0,1,1,0,0,0,0,1,0,0,0,0.0,0.0,0.0,0.0,0.0,0.0,0.0,0.0,0.0,0.0,0.0,0.0,0.0,0.0, -1, -1
556,1,-1,3.513947010040283,10.737499237060547,1.2958524227142334,0,1,1,1,0,1,0,0,0,78,20.0,40,18.333333333333254,0,1,1,0,0,0,0,1,0,0,0,0.0,0.0,0.0,0.0,0.0,0.0,0.0,0.0,0.0,0.0,0.0,0.0,0.0,0.0, -1, -1
555,1,-1,3.513947010040283,10.737499237060547,1.2958524227142334,0,1,1,1,0,1,0,0,0,78,20.0,40,16.666666666666597,1,1,1,0,0,0,0,1,0,0,0,0.0,0.0,0.0,0.0,0.0,0.0,0.0,0.0,0.0,0.0,0.0,0.0,0.0,0.0, -1, -1
554,1,-1,3.4587209224700928,10.549182891845703,1.7197092771530151,0,1,1,1,0,1,0,0,0,77,20.0,40,14.444444444444375,1,1,1,0,0,0,0,1,0,0,0,0.0,0.0,0.0,0.0,0.0,0.0,0.0,0.0,0.0,0.0,0.0,0.0,0.0,0.0, -1, -1
553,1,-1,3.4579699039459233,10.54830551147461,2.214560508728028,0,1,1,1,0,1,0,0,0,77,20.0,40,12.222222222222152,1,1,1,0,0,0,0,1,0,0,0,0.0,0.0,0.0,0.0,0.0,0.0,0.0,0.0,0.0,0.0,0.0,0.0,0.0,0.0, -1, -1
552,1,-1,2.704119205474853,11.349306106567385,2.3376617431640625,0,1,1,1,0,1,0,0,0,76,20.0,40,9.999999999999927,1,1,1,0,0,0,0,1,0,0,0,0.0,0.0,0.0,0.0,0.0,0.0,0.0,0.0,0.0,0.0,0.0,0.0,0.0,0.0, -1, -1
551,1,-1,1.8269684314727783,12.261433601379395,2.3402178287506104,0,1,1,1,0,1,0,0,0,76,20.0,40,7.777777777777707,1,1,1,0,0,0,0,1,0,0,0,0.0,0.0,0.0,0.0,0.0,0.0,0.0,0.0,0.0,0.0,0.0,0.0,0.0,0.0, -1, -1
