remaining_time,robot_mode,alarm,robot_x,robot_y,robot_theta,tree 1,tree 2,tree 3,tree 4,tree 5,tree 6,tree 7,tree 8,tree 9,battery_level,temperature,water_robot_tank,water_ground_tank,leak 1,leak 2,leak 3,leak 4,leak 5,leak 6,leak 7,leak 8,leak 9,direction,avancement,left,right,push,wrench,leak 1,leak 2,leak 3,leak 4,leak 5,leak 6,leak 7,leak 8,leak 9,rm_alarm,errors,shortcuts
550,1,-1,1.1794887781143188,12.927098274230955,2.346829652786255,0,0,1,1,0,1,0,0,0,75,20.0,30,5.5555555555554825,1,1,1,0,0,0,0,1,0,0,0,0.0,0.0,0.0,0.0,0.0,0.0,0.0,0.0,0.0,0.0,0.0,0.0,0.0,0.0, -1, -1
549,1,-1,0.6995705366134644,13.40917682647705,2.3538777828216557,0,0,1,1,0,1,0,0,0,75,20.0,30,3.3333333333332598,1,1,1,0,0,0,0,1,0,0,0,0.0,0.0,0.0,0.0,0.0,0.0,0.0,0.0,0.0,0.0,0.0,0.0,0.0,0.0, -1, -1
548,1,-1,2.2361414432525635,11.873269081115724,2.3550400733947754,0,0,1,1,0,1,0,0,0,74,20.0,30,1.1111111111110368,1,1,1,0,0,0,0,1,0,0,0,0.0,0.0,0.0,0.0,0.0,0.0,0.0,0.0,0.0,0.0,0.0,0.0,0.0,0.0, -1, -1
547,1,-1,2.2361414432525635,11.873269081115724,2.3550400733947754,0,0,1,1,0,1,0,0,0,74,20.0,30,0.6666666666665924,1,1,1,0,0,0,0,1,0,0,0,0.0,0.0,0.0,0.0,0.0,0.0,0.0,0.0,0.0,0.0,0.0,0.0,0.0,0.0, -1, -1
546,1,-1,2.3466641902923584,11.76192569732666,2.7915892601013184,1,0,1,1,0,1,0,0,0,73,20.0,30,0.6666666666665924,1,1,1,0,0,0,0,1,0,0,0,0.0,0.0,0.0,0.0,0.0,0.0,0.0,0.0,0.0,0.0,0.0,0.0,0.0,0.0, -1, -1
545,1,-1,2.3453335762023926,11.761820793151855,-2.9415831565856934,1,0,1,1,0,1,0,0,0,73,20.0,30,0.6666666666665924,1,1,1,0,0,0,0,1,1,0,0,0.0,0.0,0.0,0.0,0.0,0.0,0.0,0.0,0.0,0.0,0.0,0.0,0.0,0.0, -1, -1
544,1,-1,2.3415720462799072,11.76147747039795,-2.4367563724517822,1,0,1,1,0,1,0,0,0,72,20.0,30,0.6666666666665924,1,1,1,0,0,0,0,1,1,0,0,0.0,0.0,0.0,0.0,0.0,0.0,0.0,0.0,0.0,0.0,0.0,0.0,0.0,0.0, -1, -1
543,1,-1,1.273606538772583,10.74632740020752,-2.372044563293457,1,0,1,1,0,1,0,0,0,72,20.0,30,0.6666666666665924,1,1,1,0,0,0,0,1,1,0,0,0.0,0.0,0.0,0.0,0.0,0.0,0.0,0.0,0.0,0.0,0.0,0.0,0.0,0.0, -1, -1
542,1,-1,0.22714240849018094,9.72464370727539,-2.3598003387451167,1,0,1,1,0,1,0,0,0,71,20.0,30,0.6666666666665924,1,1,1,0,0,0,0,1,1,0,0,0.0,0.0,0.0,0.0,0.0,0.0,0.0,0.0,0.0,0.0,0.0,0.0,0.0,0.0, -1, -1
541,1,-1,-0.5313848853111267,8.968233108520508,-2.3521816730499268,1,0,1,1,0,1,0,0,0,71,20.0,30,0.6666666666665924,1,1,1,0,0,0,0,1,1,0,0,0.0,0.0,0.0,0.0,0.0,0.0,0.0,0.0,0.0,0.0,0.0,0.0,0.0,0.0, -1, -1
