remaining_time,robot_mode,alarm,robot_x,robot_y,robot_theta,tree 1,tree 2,tree 3,tree 4,tree 5,tree 6,tree 7,tree 8,tree 9,battery_level,temperature,water_robot_tank,water_ground_tank,leak 1,leak 2,leak 3,leak 4,leak 5,leak 6,leak 7,leak 8,leak 9,direction,avancement,left,right,push,wrench,leak 1,leak 2,leak 3,leak 4,leak 5,leak 6,leak 7,leak 8,leak 9,rm_alarm,errors,shortcuts
310,1,-1,-10.66403579711914,-11.687145233154295,1.1876897811889648,1,1,1,1,1,1,1,0,0,44,20.0,60,95.17460317460257,0,0,0,0,0,0,0,0,0,0.0,2.86,0.0,0.0,0.0,0.0,0.0,0.0,0.0,0.0,0.0,0.0,0.0,0.0,0.0,0.0, -1, -1
309,1,-1,-10.03794002532959,-10.140481948852539,1.1827441453933716,1,1,1,1,1,1,1,0,0,44,20.0,60,97.31746031745969,0,0,0,0,0,0,0,0,0,0,0,1.0,0.0,1.0,0.0,0.0,0.0,0.0,0.0,0.0,0.0,0.0,0.0,0.0,0.0, -1,2
308,1,-1,-9.4119291305542,-8.5938720703125,1.187931776046753,1,1,1,1,1,1,1,0,0,43,20.0,60,100.0,0,0,0,0,0,0,0,0,0,0,0,0.0,1.0,0.0,0.0,0.0,0.0,0.0,0.0,0.0,0.0,0.0,0.0,0.0,0.0, -1,1
307,1,-1,-8.778018951416017,-7.050290584564209,1.1809158325195312,1,1,1,1,1,1,1,0,0,43,20.0,60,100.0,0,0,0,0,0,0,0,0,0,0,0,0.0,0.0,0.0,0.0,0.0,0.0,0.0,0.0,0.0,0.0,0.0,0.0,0.0,0.0, -1, -1
306,1,-1,-8.14232349395752,-5.507742881774902,1.18109393119812,1,1,1,1,1,1,1,0,0,42,20.0,60,100.0,0,0,0,0,0,0,0,0,0,0,0,0.0,1.0,0.0,0.0,0.0,0.0,0.0,0.0,0.0,0.0,0.0,0.0,0.0,0.0, -1,1
305,1,-1,-7.500141620635986,-3.967336893081665,1.1750166416168213,1,1,1,1,1,1,1,0,0,42,20.0,60,99.88888888888887,0,0,1,0,0,0,0,0,0,0,0,1.0,0.0,0.0,0.0,0.0,0.0,0.0,0.0,0.0,0.0,0.0,0.0,0.0,0.0, -1,1
304,1,-1,-6.8511905670166025,-2.430361032485962,1.1685829162597656,1,1,1,1,1,1,1,0,0,41,20.0,60,100.0,0,0,1,0,0,0,0,0,0,0,0,1.0,0.0,0.0,0.0,0.0,0.0,0.0,0.0,0.0,0.0,0.0,0.0,0.0,0.0, -1,1
303,1,-1,-6.19461727142334,-0.8961471915245056,1.1649794578552246,1,1,1,1,1,1,1,0,0,41,20.0,60,100.0,0,0,0,0,0,0,0,0,0,0,0,0.0,0.0,0.0,1.0,0.0,0.0,1.0,0.0,0.0,0.0,0.0,0.0,0.0,0.0, -1,1
302,1,-1,-5.529555320739746,0.6342342495918274,1.1564292907714844,1,1,1,1,1,1,1,0,0,40,20.0,60,100.0,0,0,0,0,0,0,0,0,0,0,0,0.0,1.0,0.0,0.0,0.0,0.0,0.0,0.0,0.0,0.0,0.0,0.0,0.0,0.0, -1,1
301,1,-1,-4.852572441101074,2.146735429763794,1.140658617019653,1,1,1,1,1,1,1,0,0,40,20.0,60,100.0,0,0,0,0,0,0,0,0,0,0,0,1.0,1.0,0.0,0.0,0.0,0.0,0.0,0.0,0.0,0.0,0.0,0.0,0.0,0.0, -1,2
