remaining_time,robot_mode,alarm,robot_x,robot_y,robot_theta,tree 1,tree 2,tree 3,tree 4,tree 5,tree 6,tree 7,tree 8,tree 9,battery_level,temperature,water_robot_tank,water_ground_tank,leak 1,leak 2,leak 3,leak 4,leak 5,leak 6,leak 7,leak 8,leak 9,direction,avancement,left,right,push,wrench,leak 1,leak 2,leak 3,leak 4,leak 5,leak 6,leak 7,leak 8,leak 9,rm_alarm,errors,shortcuts
540,1,-1,15.933320999145508,15.852238655090332,1.4536190032958984,0,0,1,0,0,0,0,1,0,99,20.0,40,91.62698412698393,0,0,0,0,0,0,1,0,0,0,0,0.0,1.0,0.0,0.0,0.0,0.0,0.0,0.0,0.0,0.0,0.0,0.0,0.0,0.0,-2,-2
539,1,-1,15.94434642791748,15.942230224609375,1.44769287109375,0,0,1,0,0,0,0,1,0,100,20.0,40,92.34920634920613,0,0,0,0,0,0,1,0,0,0,0,0.0,0.0,1.0,0.0,0.0,0.0,0.0,0.0,0.0,0.0,0.0,0.0,0.0,0.0,-2,-2
538,1,-1,15.952173233032227,16.000457763671875,1.4400861263275146,0,0,1,0,0,0,0,1,0,99,20.0,40,95.78571428571405,0,0,0,0,0,0,1,0,0,0,0,0.0,0.0,0.0,1.0,0.0,0.0,0.0,0.0,0.0,0.0,0.0,0.0,0.0,0.0,-2,-2
537,1,-1,15.952173233032227,16.000457763671875,1.4400861263275146,1,0,1,0,0,0,0,1,0,100,20.0,40,98.73015873015851,0,0,0,0,0,0,0,0,0,0,0,0.0,0.0,0.0,0.0,0.0,0.0,0.0,0.0,0.0,0.0,1.0,0.0,0.0,0.0,-2,-2
536,1,-1,15.954019546508787,15.997559547424315,1.805566906929016,1,0,1,0,0,0,0,1,0,99,20.0,40,100.0,0,0,0,0,0,0,0,0,0,0,0,0.0,1.0,1.0,0.0,0.0,0.0,0.0,0.0,0.0,0.0,0.0,0.0,0.0,0.0,-2,-2
535,1,-1,15.958402633666992,15.996854782104492,2.315140962600708,1,0,1,0,0,0,0,1,0,100,20.0,40,100.0,0,0,0,0,0,1,0,0,0,0,0,1.0,0.0,0.0,0.0,0.0,0.0,0.0,0.0,0.0,0.0,0.0,0.0,0.0,0.0,-2,-2
534,1,-1,15.960543632507324,15.994624137878418,2.8245422840118413,1,1,1,0,0,0,0,1,0,99,20.0,40,99.44444444444444,0,0,0,0,0,1,0,0,0,0,0,0.0,0.0,0.0,0.0,0.0,0.0,0.0,0.0,0.0,0.0,0.0,0.0,0.0,0.0,-2,-2
533,1,-1,15.49063205718994,16.019721984863278,3.0999600887298584,1,1,1,0,0,0,0,1,0,100,20.0,40,98.88888888888886,0,0,0,0,0,1,0,0,0,0,0,0.0,0.0,0.0,0.0,0.0,0.0,0.0,0.0,0.0,0.0,0.0,0.0,0.0,0.0,-2,-2
532,1,-1,13.82380199432373,16.048709869384766,3.1293349266052246,1,1,1,0,0,0,0,1,0,99,20.0,40,98.33333333333329,0,0,0,0,0,1,0,0,0,0,0,1.0,0.0,0.0,0.0,0.0,0.0,0.0,0.0,0.0,0.0,0.0,0.0,0.0,0.0,-2,-2
531,1,-1,12.154900550842285,16.075542449951172,3.1250178813934326,1,1,1,0,0,0,0,1,0,99,20.0,40,97.77777777777771,0,0,0,0,0,1,0,0,0,0,0,1.0,0.0,0.0,0.0,0.0,0.0,0.0,0.0,0.0,0.0,0.0,0.0,0.0,0.0,-2,-2
