remaining_time,robot_mode,alarm,robot_x,robot_y,robot_theta,tree 1,tree 2,tree 3,tree 4,tree 5,tree 6,tree 7,tree 8,tree 9,battery_level,temperature,water_robot_tank,water_ground_tank,leak 1,leak 2,leak 3,leak 4,leak 5,leak 6,leak 7,leak 8,leak 9,direction,avancement,left,right,push,wrench,leak 1,leak 2,leak 3,leak 4,leak 5,leak 6,leak 7,leak 8,leak 9,rm_alarm,errors,shortcuts
420,1,-1,5.288093090057373,-2.9450812339782715,1.0299938917160034,1,1,0,0,0,1,1,1,1,20,20.0,70,1.8015873015865704,0,0,0,0,0,0,0,0,0,0,0,0.0,0.0,0.0,0.0,0.0,0.0,0.0,0.0,0.0,0.0,0.0,0.0,0.0,0.0,-2,-2
419,1,-1,6.132256031036378,-1.5381873846054075,1.0321037769317627,1,1,0,0,0,1,1,1,1,20,20.0,70,1.8015873015865704,0,0,0,0,0,0,0,0,0,0,0,0.0,0.0,0.0,0.0,0.0,0.0,0.0,0.0,0.0,0.0,0.0,0.0,0.0,0.0,-2,-2
418,1,-1,6.999910354614258,-0.0806562528014183,1.0364848375320437,1,1,0,0,0,1,1,1,1,19,20.0,70,1.8015873015865704,0,0,0,0,0,0,0,0,0,0,0,0.0,0.0,0.0,0.0,0.0,0.0,0.0,0.0,0.0,0.0,0.0,0.0,0.0,0.0,-2,-2
417,1,-1,7.8361496925354,1.331864833831787,1.0455483198165894,1,1,0,0,0,1,1,1,1,19,20.0,70,1.8015873015865704,0,0,0,0,0,0,0,0,0,0,0,0.0,0.0,0.0,0.0,0.0,0.0,0.0,0.0,0.0,0.0,0.0,0.0,0.0,0.0,-2,-2
416,1,-1,8.685157775878906,2.8003854751586914,1.0456095933914185,1,1,0,0,0,1,1,1,1,18,20.0,70,1.8015873015865704,0,0,0,0,0,0,0,0,0,0,0,0.0,0.0,0.0,0.0,0.0,0.0,0.0,0.0,0.0,0.0,0.0,0.0,0.0,0.0,-2,-2
415,1,-1,9.521023750305176,4.244365215301514,1.0458136796951294,1,1,0,0,0,1,1,1,1,18,20.0,70,1.8015873015865704,0,0,0,0,0,0,0,0,0,0,0,0.0,0.0,0.0,0.0,0.0,0.0,0.0,0.0,0.0,0.0,0.0,0.0,0.0,0.0,-2,-2
414,1,-1,10.354458808898926,5.689353466033936,1.0538218021392822,1,1,0,0,0,1,1,1,1,17,20.0,70,1.8015873015865704,0,0,0,0,0,0,0,0,0,0,0,0.0,0.0,0.0,0.0,0.0,0.0,0.0,0.0,0.0,0.0,0.0,0.0,0.0,0.0,-2,-2
413,1,-1,11.179548263549805,7.140671253204347,1.0530012845993042,1,1,0,0,0,1,1,1,1,17,20.0,70,1.8015873015865704,0,0,0,0,0,0,0,0,0,0,0,0.0,0.0,0.0,0.0,0.0,0.0,0.0,0.0,0.0,0.0,0.0,0.0,0.0,0.0,-2,-2
412,1,-1,11.989503860473633,8.567809104919434,1.0601763725280762,1,1,0,0,0,1,1,1,1,16,20.0,70,1.8015873015865704,0,0,0,0,0,0,0,0,0,0,0,0.0,0.0,0.0,0.0,0.0,0.0,0.0,0.0,0.0,0.0,0.0,0.0,0.0,0.0,-2,-2
411,1,-1,12.805120468139648,10.055506706237793,1.068836331367493,1,1,0,0,0,1,1,1,1,16,20.0,70,1.8015873015865704,0,0,0,0,0,0,0,0,0,0,0,0.0,0.0,0.0,0.0,0.0,0.0,0.0,0.0,0.0,0.0,0.0,0.0,0.0,0.0,-2,-2
