remaining_time,robot_mode,alarm,robot_x,robot_y,robot_theta,tree 1,tree 2,tree 3,tree 4,tree 5,tree 6,tree 7,tree 8,tree 9,battery_level,temperature,water_robot_tank,water_ground_tank,leak 1,leak 2,leak 3,leak 4,leak 5,leak 6,leak 7,leak 8,leak 9,direction,avancement,left,right,push,wrench,leak 1,leak 2,leak 3,leak 4,leak 5,leak 6,leak 7,leak 8,leak 9,rm_alarm,errors,shortcuts
590,1,-1,5.039819734520279e-05,-7.253227522596717e-05,-0.0007426254451274872,0,0,0,1,0,0,0,0,0,95,20.0,50,52.0,0,0,0,0,0,0,0,0,0,0,0,0.0,1.0,0.0,0.0,0.0,0.0,0.0,0.0,0.0,0.0,0.0,0.0,0.0,0.0,-2,-2
589,1,-1,5.039819734520279e-05,-7.253227522596717e-05,-0.0007426254451274872,0,0,0,1,0,0,0,0,0,95,20.0,50,52.0,0,0,0,0,0,0,0,0,0,0,0,0.0,1.0,0.0,0.0,0.0,0.0,0.0,0.0,0.0,0.0,0.0,0.0,0.0,0.0,-2,-2
588,1,-1,9.352521010441707e-05,0.00045322268852032716,0.4774636626243591,0,0,0,1,0,0,0,0,0,94,20.0,50,52.0,0,0,0,0,0,0,0,0,0,0,0,0.0,0.0,0.0,0.0,0.0,0.0,0.0,0.0,0.0,0.0,0.0,0.0,0.0,0.0,-2,-2
587,1,-1,0.0010379859013482928,0.002374941250309348,1.0342330932617188,0,0,0,1,0,0,0,0,0,94,20.0,50,52.0,0,0,0,0,0,0,0,0,0,0,0,0.0,0.0,0.0,0.0,0.0,0.0,0.0,0.0,0.0,0.0,0.0,0.0,0.0,0.0,-2,-2
586,1,-1,0.00036577234277501697,0.0037258495576679702,1.52703595161438,0,0,0,1,0,0,0,0,0,93,20.0,50,52.0,0,0,0,0,0,0,0,0,0,0,0,0.0,0.0,0.0,0.0,0.0,0.0,0.0,0.0,0.0,0.0,0.0,0.0,0.0,0.0,-2,-2
585,1,-1,8.100358536466956e-05,0.003384004347026348,1.8544420003890991,0,0,0,1,0,0,0,0,0,93,20.0,50,52.0,0,0,0,0,0,0,0,0,0,0,0,0.0,0.0,0.0,0.0,0.0,0.0,0.0,0.0,0.0,0.0,0.0,0.0,0.0,0.0,-2,-2
584,1,-1,-0.5266537666320801,1.527503252029419,1.9174941778182983,0,0,0,1,0,0,0,0,0,92,20.0,50,52.0,0,0,0,0,0,0,0,0,0,0,0,0.0,1.0,0.0,0.0,0.0,0.0,0.0,0.0,0.0,0.0,0.0,0.0,0.0,0.0,-2,-2
583,1,-1,-1.037031888961792,2.9238486289978027,1.9247918128967283,0,0,0,1,0,0,0,0,0,92,20.0,50,52.0,0,0,0,0,0,0,0,0,0,0,0,0.0,1.0,0.0,0.0,0.0,0.0,0.0,0.0,0.0,0.0,0.0,0.0,0.0,0.0,-2,-2
582,1,-1,-1.4189462661743164,3.9275169372558594,1.936368584632873,0,0,0,1,0,0,0,0,0,91,20.0,50,52.0,0,0,0,0,0,0,0,0,0,0,0,0.0,1.0,0.0,0.0,0.0,0.0,0.0,0.0,0.0,0.0,0.0,0.0,0.0,0.0,-2,-2
581,1,-1,-1.7028551101684568,4.66014289855957,1.9431016445159912,0,0,0,0,0,0,0,0,0,91,20.0,40,52.0,0,0,0,0,0,0,0,0,0,0,0,0.0,0.0,0.0,0.0,0.0,0.0,0.0,0.0,0.0,0.0,0.0,0.0,0.0,0.0,-2,-2
