remaining_time,robot_mode,alarm,robot_x,robot_y,robot_theta,tree 1,tree 2,tree 3,tree 4,tree 5,tree 6,tree 7,tree 8,tree 9,battery_level,temperature,water_robot_tank,water_ground_tank,leak 1,leak 2,leak 3,leak 4,leak 5,leak 6,leak 7,leak 8,leak 9,direction,avancement,left,right,push,wrench,leak 1,leak 2,leak 3,leak 4,leak 5,leak 6,leak 7,leak 8,leak 9,rm_alarm,errors,shortcuts
190,1,-1,10.215521812438963,15.449936866760256,-3.039607048034668,1,1,1,1,1,0,1,1,1,89,20.0,60,25.91269841269713,0,0,0,0,0,0,0,0,0,0,0,0.0,0.0,0.0,0.0,0.0,0.0,0.0,0.0,0.0,0.0,0.0,0.0,0.0,0.0,-2,-2
189,1,-1,10.215521812438963,15.449936866760256,-3.039607048034668,1,1,1,1,1,0,1,1,1,89,20.0,60,25.91269841269713,0,0,0,0,0,0,0,0,0,0,0,0.0,0.0,0.0,0.0,0.0,0.0,0.0,0.0,0.0,0.0,0.0,0.0,0.0,0.0,-2,-2
188,1,-1,8.858438491821289,15.29783821105957,-3.0283832550048833,1,1,1,1,1,0,1,1,1,88,20.0,60,25.91269841269713,0,0,0,0,0,0,0,0,0,0,0,0.0,0.0,0.0,0.0,0.0,0.0,0.0,0.0,0.0,0.0,0.0,0.0,0.0,0.0,-2,-2
187,1,-1,7.73316478729248,15.16561794281006,-3.0219485759735107,1,1,1,1,1,0,1,1,1,88,20.0,60,25.91269841269713,0,0,0,0,0,0,0,0,0,0,0,0.0,0.0,0.0,0.0,0.0,0.0,0.0,0.0,0.0,0.0,0.0,0.0,0.0,0.0,-2,-2
186,1,-1,6.908763885498048,15.06027889251709,-3.0106077194213867,0,1,1,1,1,0,1,1,1,87,20.0,50,25.91269841269713,0,0,0,0,0,0,0,0,0,0,0,0.0,0.0,0.0,0.0,0.0,0.0,0.0,0.0,0.0,0.0,0.0,0.0,0.0,0.0,-2,-2
185,1,-1,6.303942680358888,14.97736930847168,-3.0014021396636963,0,1,1,1,1,0,1,1,1,87,20.0,50,25.91269841269713,0,0,0,0,0,0,0,0,0,0,0,0.0,0.0,0.0,0.0,0.0,0.0,0.0,0.0,0.0,0.0,0.0,0.0,0.0,0.0,-2,-2
184,1,-1,8.506768226623535,15.287251472473145,-3.0015249252319336,0,1,1,1,1,0,1,1,1,86,20.0,50,25.91269841269713,0,0,0,0,0,0,0,0,0,0,0,0.0,0.0,0.0,0.0,0.0,0.0,0.0,0.0,0.0,0.0,0.0,0.0,0.0,0.0,-2,-2
183,1,-1,8.506768226623535,15.287251472473145,-3.0015249252319336,0,1,1,1,1,0,1,1,1,86,20.0,50,25.91269841269713,0,0,0,0,0,0,0,0,0,0,0,0.0,0.0,0.0,0.0,0.0,0.0,0.0,0.0,0.0,0.0,0.0,0.0,0.0,0.0,-2,-2
182,1,-1,7.129024982452393,15.161585807800293,-3.060230255126953,0,1,1,1,1,0,1,1,1,85,20.0,50,25.91269841269713,0,0,0,0,0,0,0,0,0,0,0,0.0,0.0,0.0,0.0,0.0,0.0,0.0,0.0,0.0,0.0,0.0,0.0,0.0,0.0,-2,-2
181,1,-1,7.4253597259521475,15.184531211853027,-3.061845064163208,0,1,1,1,1,0,1,1,1,85,20.0,50,25.91269841269713,0,0,0,0,0,0,0,0,0,0,0,0.0,0.0,0.0,0.0,0.0,0.0,0.0,0.0,0.0,0.0,0.0,0.0,0.0,0.0,-2,-2
