remaining_time,robot_mode,alarm,robot_x,robot_y,robot_theta,tree 1,tree 2,tree 3,tree 4,tree 5,tree 6,tree 7,tree 8,tree 9,battery_level,temperature,water_robot_tank,water_ground_tank,leak 1,leak 2,leak 3,leak 4,leak 5,leak 6,leak 7,leak 8,leak 9,direction,avancement,left,right,push,wrench,leak 1,leak 2,leak 3,leak 4,leak 5,leak 6,leak 7,leak 8,leak 9,rm_alarm,errors,shortcuts
280,1,-1,1.7050343751907349,-7.6701459884643555,-2.1303470134735107,1,1,1,1,1,1,1,1,1,78,20.0,0,29.841269841269852,0,0,1,0,0,0,1,0,0,0.0,2.86,0.0,0.0,0.0,0.0,0.0,0.0,0.0,0.0,0.0,0.0,0.0,0.0,0.0,0.0, -1, -1
279,1,-1,1.7050343751907349,-7.6701459884643555,-2.1303470134735107,1,1,1,1,1,1,1,1,1,78,20.0,0,28.730158730158738,0,0,1,0,0,0,1,0,0,0,0,0.0,0.0,0.0,0.0,0.0,0.0,0.0,0.0,0.0,0.0,0.0,0.0,0.0,0.0, -1, -1
278,1,-1,0.9185441732406616,-8.866429328918457,-2.2231650352478027,1,1,1,1,1,1,1,1,1,77,20.0,0,27.619047619047638,0,0,1,0,0,0,1,0,0,0,0,0.0,0.0,0.0,0.0,0.0,0.0,0.0,0.0,0.0,0.0,0.0,0.0,0.0,0.0, -1, -1
277,1,-1,0.6992570161819458,-9.148435592651367,-2.2239325046539307,1,1,1,1,1,1,1,1,1,77,20.0,10,16.619047619047638,0,0,0,0,0,0,1,0,0,0,0,0.0,0.0,0.0,1.0,0.0,0.0,1.0,0.0,0.0,0.0,0.0,0.0,0.0,0.0, -1,1
276,1,-1,0.5359389185905457,-9.356683731079102,-2.239662408828736,1,1,1,1,1,1,1,1,1,76,20.0,20,6.063492063492085,0,0,0,0,0,0,1,0,0,0,0,0.0,0.0,0.0,0.0,0.0,0.0,0.0,0.0,0.0,0.0,0.0,0.0,0.0,0.0, -1, -1
275,1,-1,0.4147849977016449,-9.508929252624512,-2.2433669567108154,1,1,1,1,1,1,1,1,1,76,20.0,20,5.730158730158753,0,0,0,0,0,0,0,0,0,0,0,0.0,0.0,0.0,1.0,0.0,0.0,0.0,0.0,0.0,0.0,1.0,0.0,0.0,0.0, -1,1
274,1,-1,0.3250457942485809,-9.621343612670898,-2.248556613922119,1,1,1,1,1,1,1,1,1,75,20.0,20,5.730158730158753,0,0,0,0,0,0,0,0,0,0,0,0.0,0.0,0.0,0.0,0.0,0.0,0.0,0.0,0.0,0.0,0.0,0.0,0.0,0.0, -1, -1
273,1,-1,0.25826144218444824,-9.70335292816162,-2.2538552284240723,1,1,1,1,1,1,1,1,1,75,20.0,20,5.730158730158753,0,0,0,0,0,0,0,0,0,0,0,0.0,1.0,0.0,0.0,0.0,0.0,0.0,0.0,0.0,0.0,0.0,0.0,0.0,0.0, -1,2
272,1,-1,0.2092454582452774,-9.763084411621094,-2.2619731426239014,1,1,1,1,1,1,1,1,1,74,20.0,20,5.730158730158753,0,0,0,0,0,0,0,0,0,0,0,0.0,0.0,0.0,0.0,0.0,0.0,0.0,0.0,0.0,0.0,0.0,0.0,0.0,0.0, -1,1
271,1,-1,0.1945017129182816,-9.780885696411133,-2.261552095413208,1,1,1,1,1,1,1,1,1,74,20.0,20,5.730158730158753,0,0,0,0,0,0,0,0,0,0,0,0.0,0.0,0.0,0.0,0.0,0.0,0.0,0.0,0.0,0.0,0.0,0.0,0.0,0.0, -1, -1
