remaining_time,robot_mode,alarm,robot_x,robot_y,robot_theta,tree 1,tree 2,tree 3,tree 4,tree 5,tree 6,tree 7,tree 8,tree 9,battery_level,temperature,water_robot_tank,water_ground_tank,leak 1,leak 2,leak 3,leak 4,leak 5,leak 6,leak 7,leak 8,leak 9,direction,avancement,left,right,push,wrench,leak 1,leak 2,leak 3,leak 4,leak 5,leak 6,leak 7,leak 8,leak 9,rm_alarm,errors,shortcuts
520,1,-1,0.1655091494321823,6.599665641784668,3.034456491470337,1,1,0,0,0,0,0,1,1,60,121.05150075552211,0,55.126984126983366,0,0,0,0,0,1,0,1,0,0,0,0.0,0.0,0.0,0.0,0.0,1.0,0.0,0.0,0.0,0.0,0.0,0.0,0.0,0.0, -1,-1
519,1,-1,1.6962209939956665,6.435948371887207,3.0363860130310063,1,1,0,0,0,0,0,1,1,60,117.71816742218883,0,54.01587301587226,0,0,0,0,0,1,0,1,0,0,0,0.0,0.0,0.0,0.0,0.0,0.0,0.0,0.0,0.0,0.0,0.0,0.0,0.0,0.0, click,-1
518,1,-1,3.128316164016724,6.2840495109558105,3.0363240242004395,1,1,0,0,0,0,0,1,1,59,114.38483408885548,0,52.90476190476115,0,0,0,0,0,1,0,1,0,0,0,0.0,0.0,0.0,0.0,0.0,0.0,0.0,0.0,0.0,0.0,0.0,0.0,0.0,0.0, -1,-1
517,1,-1,2.190918207168579,6.874976634979247,2.4977962970733643,1,1,0,0,0,0,0,1,1,59,111.05150075552208,0,51.90476190476115,0,0,0,0,0,1,0,0,0,0,0,0.0,0.0,0.0,1.0,0.0,0.0,0.0,0.0,0.0,0.0,0.0,1.0,0.0,0.0, -1,-1
516,1,-1,2.0396206378936768,6.992088317871094,2.4579644203186035,1,1,0,0,0,0,0,1,1,58,107.71816742218877,0,51.34920634920558,0,0,0,0,0,1,0,0,0,0,0,0.0,0.0,0.0,1.0,0.0,0.0,0.0,0.0,0.0,0.0,0.0,0.0,0.0,0.0, -1,-1
515,1,-1,2.0396206378936768,6.992088317871094,2.4579644203186035,1,1,0,0,0,0,0,1,1,58,107.71816742218877,0,50.79365079365001,0,0,0,0,0,1,0,0,0,0,0,0.0,0.0,0.0,0.0,0.0,0.0,0.0,0.0,0.0,0.0,0.0,0.0,0.0,0.0, click,-1
514,1,-1,2.0392103195190434,6.992248058319093,2.920433521270752,1,1,0,0,0,0,0,1,1,57,104.38483408885543,0,50.46031746031666,0,0,0,0,0,0,0,0,0,0,0,0.0,0.0,0.0,0.0,0.0,0.0,0.0,0.0,0.0,1.0,0.0,0.0,0.0,0.0, -1,-1
513,1,-1,2.0385816097259517,6.992539405822754,-2.8224163055419917,1,1,0,0,0,0,0,1,1,57,101.05150075552208,0,50.46031746031666,0,0,0,0,0,0,0,0,0,0,0,0.0,0.0,0.0,0.0,0.0,0.0,0.0,0.0,0.0,0.0,0.0,0.0,0.0,0.0, -1,-1
512,1,-1,2.0384674072265625,6.9929633140563965,-2.275418758392334,1,1,0,0,0,0,0,1,1,56,97.71816742218876,0,50.46031746031666,0,0,0,0,0,0,0,0,0,0,0,1.0,0.0,0.0,0.0,0.0,0.0,0.0,0.0,0.0,0.0,0.0,0.0,0.0,0.0, -1,-1
511,1,-1,2.0377519130706787,6.992977619171143,-1.8120793104171755,1,1,0,0,0,0,0,1,1,56,94.38483408885544,0,50.46031746031666,0,0,0,0,0,0,0,0,0,0,0,1.0,0.0,0.0,0.0,0.0,0.0,0.0,0.0,0.0,0.0,0.0,0.0,0.0,0.0, -1,-1
