remaining_time,robot_mode,alarm,robot_x,robot_y,robot_theta,tree 1,tree 2,tree 3,tree 4,tree 5,tree 6,tree 7,tree 8,tree 9,battery_level,temperature,water_robot_tank,water_ground_tank,leak 1,leak 2,leak 3,leak 4,leak 5,leak 6,leak 7,leak 8,leak 9,direction,avancement,left,right,push,wrench,leak 1,leak 2,leak 3,leak 4,leak 5,leak 6,leak 7,leak 8,leak 9,rm_alarm,errors,shortcuts
420,1,-1,6.68244218826294,9.001428604125977,1.6289223432540894,1,1,0,1,1,0,0,1,1,10,20.0,60,46.412698412697495,0,0,0,0,0,0,0,0,0,-0.53,0.0,0.0,0.0,0.0,0.0,0.0,0.0,0.0,0.0,0.0,0.0,0.0,0.0,0.0,0.0, -1,-1
419,1,-1,6.682636260986327,9.00100326538086,1.5140308141708374,1,1,0,1,1,0,0,1,1,10,20.0,60,46.412698412697495,0,0,0,0,0,0,0,0,0,-0.53,0.0,0.0,0.0,0.0,0.0,0.0,0.0,0.0,0.0,0.0,0.0,0.0,0.0,0.0,0.0, -1,-1
418,1,-1,6.682636260986327,9.00100326538086,1.5140308141708374,1,1,0,1,1,0,0,1,1,9,20.0,60,46.412698412697495,0,0,0,0,0,0,0,0,0,-0.53,0.0,0.0,0.0,0.0,0.0,0.0,0.0,0.0,0.0,0.0,0.0,0.0,0.0,0.0,0.0, -1,-1
417,1,-1,6.682636260986327,9.00100326538086,1.5140308141708374,1,1,0,1,1,0,0,1,1,9,20.0,60,46.412698412697495,0,0,0,0,0,0,0,0,0,0,0,0.0,1.0,0.0,0.0,0.0,0.0,0.0,0.0,0.0,0.0,0.0,0.0,0.0,0.0, -1,-1
416,1,-1,6.682055950164795,9.001133918762207,1.1406137943267822,1,1,0,1,1,0,0,1,1,8,20.0,60,46.412698412697495,0,0,0,0,0,0,0,0,0,0,0,0.0,1.0,0.0,0.0,0.0,0.0,0.0,0.0,0.0,0.0,0.0,0.0,0.0,0.0, -1,-1
415,1,-1,6.6802940368652335,9.00170612335205,0.7509304881095886,1,1,0,1,1,0,0,1,1,8,20.0,60,46.412698412697495,0,0,0,0,0,0,0,0,0,0,0,0.0,0.0,0.0,0.0,0.0,0.0,0.0,0.0,0.0,0.0,0.0,0.0,0.0,0.0, -1,-1
414,1,-1,7.934390068054199,10.0586576461792,0.6871284246444702,1,1,0,1,1,0,0,1,1,7,20.0,60,46.412698412697495,0,0,0,0,0,0,0,0,0,0,0,0.0,0.0,0.0,0.0,0.0,0.0,0.0,0.0,0.0,0.0,0.0,0.0,0.0,0.0, -1,-1
413,1,-1,9.224300384521484,11.116976737976074,0.6860682964324951,1,1,0,1,1,0,0,1,1,7,20.0,60,46.412698412697495,0,0,0,0,0,0,0,0,0,0,0,1.0,0.0,0.0,0.0,0.0,0.0,0.0,0.0,0.0,0.0,0.0,0.0,0.0,0.0, -1,-1
412,1,-1,10.586238861083984,12.21922492980957,0.6759597659111023,1,1,0,1,1,0,0,1,1,6,20.0,60,48.412698412697495,0,0,0,0,0,0,0,0,0,0,0,0.0,0.0,1.0,0.0,0.0,0.0,0.0,0.0,0.0,0.0,0.0,0.0,0.0,0.0, -1,-1
411,1,-1,11.878426551818848,13.250807762145994,0.6686205267906189,1,1,0,1,1,0,0,1,1,6,20.0,60,53.12698412698321,0,0,0,0,0,0,0,0,0,0,0,0.0,0.0,0.0,0.0,0.0,0.0,0.0,0.0,0.0,0.0,0.0,0.0,0.0,0.0, -1,-1
