remaining_time,robot_mode,alarm,robot_x,robot_y,robot_theta,tree 1,tree 2,tree 3,tree 4,tree 5,tree 6,tree 7,tree 8,tree 9,battery_level,temperature,water_robot_tank,water_ground_tank,leak 1,leak 2,leak 3,leak 4,leak 5,leak 6,leak 7,leak 8,leak 9,direction,avancement,left,right,push,wrench,leak 1,leak 2,leak 3,leak 4,leak 5,leak 6,leak 7,leak 8,leak 9,rm_alarm,errors,shortcuts
410,1,-1,6.398919105529785,-12.214877128601074,1.4690362215042114,0,1,1,1,1,1,1,0,1,25,20.0,0,0.9365079365075744,0,0,1,0,0,1,0,0,1,-0.53,0.0,0.0,0.0,0.0,0.0,0.0,0.0,0.0,0.0,0.0,0.0,0.0,0.0,0.0,0.0,-2,-2
409,1,-1,6.445408821105957,-11.7401123046875,1.2046570777893066,0,1,1,1,1,1,1,0,1,25,20.0,0,0.9365079365075744,0,0,1,0,0,1,0,0,1,0,0,0.0,0.0,0.0,1.0,0.0,0.0,0.0,0.0,0.0,0.0,0.0,0.0,0.0,0.0,-2,-2
408,1,-1,6.445408821105957,-11.7401123046875,1.2046570777893066,0,1,1,1,1,1,1,1,1,24,20.0,0,0.9365079365075744,0,0,1,0,0,1,0,0,0,0,0,0.0,0.0,0.0,0.0,0.0,0.0,0.0,0.0,0.0,0.0,0.0,0.0,1.0,0.0,-2,-2
407,1,-1,6.445408821105957,-11.7401123046875,1.2046570777893066,0,1,1,1,1,1,1,1,1,24,20.0,0,0.9365079365075744,0,0,1,0,0,0,0,0,0,0,0,0.0,0.0,0.0,1.0,0.0,0.0,0.0,0.0,0.0,1.0,0.0,0.0,0.0,0.0,-2,-2
406,1,-1,6.445408821105957,-11.7401123046875,1.2046570777893066,0,1,1,1,1,1,1,1,1,23,20.0,0,0.9365079365075744,0,0,0,0,0,0,0,0,0,0,0,0.0,0.0,0.0,1.0,0.0,0.0,1.0,0.0,0.0,0.0,0.0,0.0,0.0,0.0,-2,-2
405,1,-1,6.962504386901856,-10.359786987304688,1.2112348079681396,0,1,1,1,1,1,1,1,1,23,20.0,0,0.9365079365075744,0,0,0,0,0,0,0,0,0,0,0,0.0,0.0,0.0,0.0,0.0,0.0,0.0,0.0,0.0,0.0,0.0,0.0,0.0,0.0,-2,-2
404,1,-1,7.547935009002685,-8.797159194946289,1.212092638015747,0,1,1,1,1,1,1,1,1,22,20.0,0,0.9365079365075744,0,0,0,0,0,0,0,0,0,0,0,1.0,0.0,0.0,0.0,0.0,0.0,0.0,0.0,0.0,0.0,0.0,0.0,0.0,0.0,-2,-2
403,1,-1,8.127580642700195,-7.2336273193359375,1.2246056795120241,0,1,1,1,1,1,1,1,1,22,20.0,0,0.9365079365075744,0,0,0,0,0,0,0,0,0,0,0,0.0,0.0,0.0,0.0,0.0,0.0,0.0,0.0,0.0,0.0,0.0,0.0,0.0,0.0,-2,-2
402,1,-1,8.693989753723145,-5.66416072845459,1.2241126298904421,0,1,1,1,1,1,1,1,1,21,20.0,0,0.9365079365075744,0,0,0,0,0,0,0,0,0,0,0,0.0,1.0,0.0,0.0,0.0,0.0,0.0,0.0,0.0,0.0,0.0,0.0,0.0,0.0,-2,-2
401,1,-1,9.261605262756348,-4.094970226287842,1.221601963043213,0,1,1,1,1,1,1,1,1,21,20.0,0,0.9365079365075744,0,0,0,0,0,0,0,0,0,0,0,0.0,1.0,0.0,0.0,0.0,0.0,0.0,0.0,0.0,0.0,0.0,0.0,0.0,0.0,-2,-2
