remaining_time,robot_mode,alarm,robot_x,robot_y,robot_theta,tree 1,tree 2,tree 3,tree 4,tree 5,tree 6,tree 7,tree 8,tree 9,battery_level,temperature,water_robot_tank,water_ground_tank,leak 1,leak 2,leak 3,leak 4,leak 5,leak 6,leak 7,leak 8,leak 9,direction,avancement,left,right,push,wrench,leak 1,leak 2,leak 3,leak 4,leak 5,leak 6,leak 7,leak 8,leak 9,rm_alarm,errors,shortcuts
450,1,-1,15.862013816833494,-2.0413157939910893,1.5520416498184204,1,0,1,1,0,0,0,0,0,25,20.0,70,79.72222222222166,0,1,0,0,0,0,0,0,0,0.0,2.86,0.0,0.0,0.0,0.0,0.0,0.0,0.0,0.0,0.0,0.0,0.0,0.0,0.0,0.0,-2,-2
449,1,-1,15.882162094116213,-0.9897541999816896,1.550590991973877,1,0,1,1,0,0,0,0,0,25,20.0,70,79.16666666666606,0,1,0,0,0,0,0,0,0,0.0,2.86,0.0,0.0,0.0,0.0,0.0,0.0,0.0,0.0,0.0,0.0,0.0,0.0,0.0,0.0,-2,-2
448,1,-1,15.882162094116213,-0.9897542595863342,1.5505914688110352,1,0,1,1,0,0,0,0,0,24,20.0,70,78.83333333333275,0,0,0,0,0,0,0,0,0,0.0,2.86,0.0,0.0,0.0,1.0,0.0,1.0,0.0,0.0,0.0,0.0,0.0,0.0,0.0,0.0,-2,-2
447,1,-1,15.882162094116213,-0.9897542595863342,1.5505914688110352,1,0,1,1,0,0,0,0,0,24,20.0,70,78.83333333333275,0,0,0,0,0,0,0,0,0,0,0,1.0,0.0,0.0,0.0,0.0,0.0,0.0,0.0,0.0,0.0,0.0,0.0,0.0,0.0,-2,-2
446,1,-1,15.90882968902588,0.4003217816352844,1.5523617267608645,1,0,1,1,0,0,0,0,0,23,20.0,70,78.83333333333275,0,0,0,0,0,0,0,0,0,0,0,0.0,0.0,0.0,0.0,0.0,0.0,0.0,0.0,0.0,0.0,0.0,0.0,0.0,0.0,-2,-2
445,1,-1,15.939762115478516,2.0690677165985107,1.5519893169403076,1,0,1,1,0,0,0,0,0,23,20.0,70,78.83333333333275,0,0,0,0,0,0,0,0,0,0,0,0.0,0.0,0.0,0.0,0.0,0.0,0.0,0.0,0.0,0.0,0.0,0.0,0.0,0.0,-2,-2
444,1,-1,15.971665382385256,3.7374117374420166,1.5515352487564087,1,0,1,1,0,0,0,0,0,22,20.0,70,78.83333333333275,0,0,0,0,0,0,0,0,0,0,0,0.0,0.0,0.0,0.0,0.0,0.0,0.0,0.0,0.0,0.0,0.0,0.0,0.0,0.0,-2,-2
443,1,-1,16.004077911376953,5.405400276184082,1.5502452850341797,1,0,1,1,0,0,0,0,0,22,20.0,70,78.83333333333275,0,0,0,0,0,0,0,0,0,0,0,0.0,0.0,0.0,0.0,0.0,0.0,0.0,0.0,0.0,0.0,0.0,0.0,0.0,0.0,-2,-2
442,1,-1,16.036869049072266,7.074422359466553,1.5507450103759766,1,0,1,1,0,0,0,0,0,21,20.0,70,78.83333333333275,0,0,0,0,0,0,0,0,0,0,0,0.0,0.0,0.0,0.0,0.0,0.0,0.0,0.0,0.0,0.0,0.0,0.0,0.0,0.0,-2,-2
441,1,-1,16.067033767700195,8.742619514465332,1.5569620132446291,1,0,1,1,0,0,0,0,0,21,20.0,70,78.83333333333275,0,0,0,0,0,0,0,0,0,0,0,0.0,0.0,0.0,0.0,0.0,0.0,0.0,0.0,0.0,0.0,0.0,0.0,0.0,0.0,-2,-2
