remaining_time,robot_mode,alarm,robot_x,robot_y,robot_theta,tree 1,tree 2,tree 3,tree 4,tree 5,tree 6,tree 7,tree 8,tree 9,battery_level,temperature,water_robot_tank,water_ground_tank,leak 1,leak 2,leak 3,leak 4,leak 5,leak 6,leak 7,leak 8,leak 9,direction,avancement,left,right,push,wrench,leak 1,leak 2,leak 3,leak 4,leak 5,leak 6,leak 7,leak 8,leak 9,rm_alarm,errors,shortcuts
90,1,-1,6.767393112182617,1.7326912879943848,1.0388721227645874,1,1,1,1,1,1,0,1,1,20,20.0,60,4.317460317458918,0,0,0,1,0,0,0,0,0,0,0,0.0,0.0,0.0,0.0,0.0,0.0,0.0,0.0,0.0,0.0,0.0,0.0,0.0,0.0,-2,-2
89,1,-1,7.632840156555176,3.1919796466827397,1.0280758142471311,1,1,1,1,1,1,0,1,1,20,20.0,60,3.761904761903363,0,0,0,1,0,0,0,0,0,0,0,0.0,0.0,0.0,0.0,0.0,0.0,0.0,0.0,0.0,0.0,0.0,0.0,0.0,0.0,-2,-2
88,1,-1,8.493439674377441,4.621484279632568,1.0274894237518308,1,1,1,1,1,1,0,1,1,19,20.0,60,3.206349206347808,0,0,0,1,0,0,0,0,0,0,0,0.0,0.0,0.0,0.0,0.0,0.0,0.0,0.0,0.0,0.0,0.0,0.0,0.0,0.0,-2,-2
87,1,-1,9.339508056640623,6.027523994445801,1.0306276082992554,1,1,1,1,1,1,0,1,1,19,20.0,60,2.650793650792252,0,0,0,1,0,0,0,0,0,0,0,0.0,0.0,0.0,0.0,0.0,0.0,0.0,0.0,0.0,0.0,0.0,0.0,0.0,0.0,-2,-2
86,1,-1,10.226712226867676,7.473541259765625,1.019123673439026,1,1,1,1,1,1,0,1,1,18,20.0,60,2.3174603174589183,0,0,0,0,0,0,0,0,0,0,0,0.0,0.0,0.0,1.0,0.0,0.0,0.0,1.0,0.0,0.0,0.0,0.0,0.0,0.0,-2,-2
85,1,-1,11.114005088806152,8.919450759887695,1.0203678607940674,1,1,1,1,1,1,0,1,1,18,20.0,60,2.3174603174589183,0,0,0,0,0,0,0,0,0,0,0,0.0,0.0,0.0,0.0,0.0,0.0,0.0,0.0,0.0,0.0,0.0,0.0,0.0,0.0,-2,-2
84,1,-1,11.986567497253418,10.308975219726562,1.0107680559158323,1,1,1,1,1,1,0,1,1,17,20.0,60,2.3174603174589183,0,0,0,0,0,0,0,0,0,0,0,0.0,0.0,0.0,0.0,0.0,0.0,0.0,0.0,0.0,0.0,0.0,0.0,0.0,0.0,-2,-2
83,1,-1,12.877808570861815,11.71965217590332,1.003717303276062,1,1,1,1,1,1,0,1,1,17,20.0,60,2.3174603174589183,0,0,0,0,0,0,0,0,0,0,0,0.0,0.0,0.0,0.0,0.0,0.0,0.0,0.0,0.0,0.0,0.0,0.0,0.0,0.0,-2,-2
82,1,-1,13.651251792907715,12.91731071472168,0.9924939274787904,1,1,1,1,1,1,0,1,1,16,20.0,60,2.3174603174589183,0,0,0,0,0,0,0,0,0,0,0,0.0,0.0,0.0,0.0,0.0,0.0,0.0,0.0,0.0,0.0,0.0,0.0,0.0,0.0,-2,-2
81,1,-1,14.24010944366455,13.812051773071287,0.9791582822799684,1,1,1,1,1,1,0,1,1,16,20.0,60,2.3174603174589183,0,0,0,0,0,0,0,0,0,0,0,0.0,0.0,0.0,0.0,0.0,0.0,0.0,0.0,0.0,0.0,0.0,0.0,0.0,0.0,-2,-2
