remaining_time,robot_mode,alarm,robot_x,robot_y,robot_theta,tree 1,tree 2,tree 3,tree 4,tree 5,tree 6,tree 7,tree 8,tree 9,battery_level,temperature,water_robot_tank,water_ground_tank,leak 1,leak 2,leak 3,leak 4,leak 5,leak 6,leak 7,leak 8,leak 9,direction,avancement,left,right,push,wrench,leak 1,leak 2,leak 3,leak 4,leak 5,leak 6,leak 7,leak 8,leak 9,rm_alarm,errors,shortcuts
140,1,-1,7.4650230407714835,15.219366073608398,2.0133817195892334,1,1,1,1,1,1,1,1,1,83,27.000442484646776,70,95.22222222222206,0,0,0,0,0,0,0,0,1,0,0,0.0,1.0,1.0,0.0,0.0,0.0,0.0,0.0,0.0,0.0,0.0,0.0,0.0,0.0, -1,1
139,1,-1,7.4650230407714835,15.219366073608398,2.0133817195892334,1,1,1,1,1,1,1,1,1,83,27.000442484646776,70,94.66666666666649,0,0,0,0,0,0,0,0,1,0,0,0.0,1.0,0.0,0.0,0.0,0.0,0.0,0.0,0.0,0.0,0.0,0.0,0.0,0.0, -1,2
138,1,-1,7.465190410614014,15.218823432922365,2.4196839332580566,1,1,1,1,1,1,1,1,1,82,27.227256699646567,70,95.04761904761885,0,0,0,0,0,0,0,0,0,0,0,0.0,0.0,0.0,1.0,0.0,0.0,0.0,0.0,0.0,0.0,0.0,0.0,1.0,0.0, -1,1
137,1,-1,7.463367938995361,15.220355033874512,2.95167088508606,1,1,1,1,1,1,1,1,1,82,27.46411037711797,70,97.9047619047617,0,0,0,0,0,0,0,0,0,0,0,0.0,0.0,0.0,0.0,0.0,0.0,0.0,0.0,0.0,0.0,0.0,0.0,0.0,0.0, -1, -1
136,1,-1,7.307265758514403,15.200263023376465,-3.005835056304932,0,1,1,1,1,1,1,1,1,81,24.13077704378464,60,100.0,0,0,0,0,0,0,0,0,0,0,0,0.0,0.0,0.0,0.0,0.0,0.0,0.0,0.0,0.0,0.0,0.0,0.0,0.0,0.0, -1, -1
135,1,-1,6.605222225189209,15.083892822265625,-2.970595359802246,0,1,1,1,1,1,1,1,1,81,20.0,60,100.0,0,0,0,0,0,0,0,0,0,0,0,1.0,0.0,1.0,0.0,0.0,0.0,0.0,0.0,0.0,0.0,0.0,0.0,0.0,0.0, -1,2
134,1,-1,8.733477592468263,15.450916290283205,-2.9697971343994136,0,1,1,1,1,1,1,1,1,80,20.0,60,100.0,0,0,0,0,0,0,0,0,0,0,0,0.0,0.0,1.0,0.0,0.0,0.0,0.0,0.0,0.0,0.0,0.0,0.0,0.0,0.0, -1,2
133,1,-1,8.733477592468263,15.450916290283205,-2.9697971343994136,0,1,1,1,1,1,1,1,1,80,20.0,60,100.0,0,0,0,0,0,0,0,0,0,0,0,1.0,0.0,0.0,0.0,0.0,0.0,0.0,0.0,0.0,0.0,0.0,0.0,0.0,0.0, -1,2
132,1,-1,7.425930976867676,15.305831909179688,-3.0461111068725586,0,1,1,1,1,1,1,1,1,79,20.0,60,100.0,0,0,0,0,0,0,0,0,0,0,0,0.0,1.0,1.0,0.0,0.0,0.0,0.0,0.0,0.0,0.0,0.0,0.0,0.0,0.0, down,2
131,1,-1,7.674355983734131,15.32844352722168,-3.0467729568481445,0,1,1,1,1,1,1,1,1,79,20.0,60,100.0,0,0,0,0,0,0,0,0,0,0,0,0.0,1.0,1.0,0.0,0.0,0.0,0.0,0.0,0.0,0.0,0.0,0.0,0.0,0.0, -1,2
