remaining_time,robot_mode,alarm,robot_x,robot_y,robot_theta,tree 1,tree 2,tree 3,tree 4,tree 5,tree 6,tree 7,tree 8,tree 9,battery_level,temperature,water_robot_tank,water_ground_tank,leak 1,leak 2,leak 3,leak 4,leak 5,leak 6,leak 7,leak 8,leak 9,direction,avancement,left,right,push,wrench,leak 1,leak 2,leak 3,leak 4,leak 5,leak 6,leak 7,leak 8,leak 9,rm_alarm,errors,shortcuts
140,1,-1,14.493385314941404,-16.378042221069336,0.43699774146080017,0,0,1,1,1,1,0,0,1,74,20.0,80,13.714285714285712,0,0,0,0,0,0,0,0,0,0.53,0.0,0.0,0.0,0.0,0.0,0.0,0.0,0.0,0.0,0.0,0.0,0.0,0.0,0.0,0.0, -1, -1
139,1,-1,14.493385314941404,-16.378042221069336,0.43699774146080017,0,0,1,1,1,1,0,0,1,74,20.0,80,13.714285714285712,0,0,0,0,0,0,0,0,0,0.53,0.0,0.0,0.0,0.0,0.0,0.0,0.0,0.0,0.0,0.0,0.0,0.0,0.0,0.0,0.0, -1, -1
138,1,-1,15.068441390991213,-15.606616020202635,1.0540734529495241,0,0,1,1,1,1,0,0,1,73,20.0,80,13.714285714285712,0,0,0,0,0,0,0,0,0,0,0,0.0,0.0,0.0,0.0,0.0,0.0,0.0,0.0,0.0,0.0,0.0,0.0,0.0,0.0, -1, -1
137,1,-1,15.48355197906494,-14.835782051086426,1.082722544670105,0,0,1,1,1,0,0,0,1,73,20.0,70,13.714285714285712,0,0,0,0,0,0,0,0,0,0,0,1.0,0.0,0.0,0.0,0.0,0.0,0.0,0.0,0.0,0.0,0.0,0.0,0.0,0.0, -1,1
136,1,-1,15.780040740966795,-14.26738166809082,1.0966615676879885,0,0,1,1,1,0,0,0,1,72,20.0,70,13.714285714285712,0,0,0,0,0,0,0,0,0,0,0,0.0,0.0,0.0,0.0,0.0,0.0,0.0,0.0,0.0,0.0,0.0,0.0,0.0,0.0, -1, -1
135,1,-1,14.84074592590332,-16.094785690307614,1.0956416130065918,0,0,1,1,1,0,0,0,1,72,20.0,70,13.603174603174601,0,0,0,0,0,0,0,0,1,0,0,0.0,1.0,0.0,0.0,0.0,0.0,0.0,0.0,0.0,0.0,0.0,0.0,0.0,0.0, -1,1
134,1,-1,14.202086448669435,-17.341501235961914,1.099645972251892,0,0,1,1,1,0,0,0,1,71,20.0,70,16.325396825396822,0,0,0,0,0,0,0,0,1,0,0,0.0,0.0,1.0,0.0,0.0,0.0,0.0,0.0,0.0,0.0,0.0,0.0,0.0,0.0, -1,2
133,1,-1,15.047142028808596,-16.69681739807129,0.5803001523017883,0,0,1,1,1,0,0,0,1,71,20.0,70,20.67460317460317,0,0,0,0,0,0,0,0,0,0,0,0.0,0.0,0.0,1.0,0.0,0.0,0.0,0.0,0.0,0.0,0.0,0.0,1.0,0.0, -1,1
132,1,-1,14.142989158630373,-17.234220504760742,0.5417901873588562,0,0,1,1,1,0,0,0,1,70,20.0,70,24.531746031746028,0,0,0,0,0,0,0,0,0,0,0,1.0,0.0,0.0,0.0,0.0,0.0,0.0,0.0,0.0,0.0,0.0,0.0,0.0,0.0, -1,1
131,1,-1,14.734296798706055,-16.348962783813473,1.0521841049194336,0,0,1,1,1,0,0,0,1,70,20.0,70,27.674603174603178,0,0,0,0,0,0,0,0,0,0,0,0.0,0.0,0.0,0.0,0.0,0.0,0.0,0.0,0.0,0.0,0.0,0.0,0.0,0.0, -1, -1
