remaining_time,robot_mode,alarm,robot_x,robot_y,robot_theta,tree 1,tree 2,tree 3,tree 4,tree 5,tree 6,tree 7,tree 8,tree 9,battery_level,temperature,water_robot_tank,water_ground_tank,leak 1,leak 2,leak 3,leak 4,leak 5,leak 6,leak 7,leak 8,leak 9,direction,avancement,left,right,push,wrench,leak 1,leak 2,leak 3,leak 4,leak 5,leak 6,leak 7,leak 8,leak 9,rm_alarm,errors,shortcuts
560,1,-1,-0.00046507632941938937,0.0022599271032959227,2.0607867240905757,1,0,0,1,0,0,0,0,1,80,20.0,50,0.8888888888889148,1,1,0,0,0,1,1,0,1,0,0,0.0,0.0,0.0,0.0,0.0,0.0,0.0,0.0,0.0,0.0,0.0,0.0,0.0,0.0, -1,-1
559,1,-1,-0.00046507632941938937,0.0022599271032959227,2.0607867240905757,1,0,0,1,0,0,0,0,1,80,20.0,50,0.8888888888889148,1,1,0,0,0,1,1,0,1,0,0,0.0,0.0,0.0,0.0,0.0,0.0,0.0,0.0,0.0,0.0,0.0,0.0,0.0,0.0, -1,-1
558,1,-1,-0.5541187524795532,1.2460989952087402,1.9575161933898928,1,0,0,1,0,0,0,0,1,79,20.0,50,0.8888888888889148,1,1,0,0,0,1,1,0,1,0,0,0.0,0.0,0.0,0.0,0.0,0.0,0.0,0.0,0.0,0.0,0.0,0.0,0.0,0.0, -1,-1
557,1,-1,-1.1280955076217651,2.6644961833953857,1.94275164604187,1,0,0,1,0,0,0,0,1,79,20.0,50,0.8888888888889148,1,1,0,0,0,1,1,0,1,0,0,0.0,0.0,0.0,0.0,0.0,0.0,0.0,0.0,0.0,0.0,0.0,0.0,0.0,0.0, -1,-1
556,1,-1,-1.5392577648162842,3.717684030532837,1.943494439125061,1,0,0,1,0,0,0,0,1,78,20.0,50,0.8888888888889148,1,1,0,0,0,1,1,0,1,0,0,0.0,0.0,0.0,0.0,0.0,0.0,0.0,0.0,0.0,0.0,0.0,0.0,0.0,0.0, -1,-1
555,1,-1,-1.8331557512283323,4.4928388595581055,1.9284261465072632,1,0,0,0,0,0,0,0,1,78,20.0,40,0.8888888888889148,1,1,0,0,0,1,1,1,1,0,0,0.0,0.0,0.0,0.0,0.0,0.0,0.0,0.0,0.0,0.0,0.0,0.0,0.0,0.0, -1,-1
554,1,-1,-2.0445148944854736,5.061009883880615,1.9262338876724243,1,0,0,0,0,0,0,0,1,77,20.0,40,0.8888888888889148,1,1,0,0,0,1,1,1,1,0,0,0.0,0.0,0.0,0.0,0.0,0.0,0.0,0.0,0.0,0.0,0.0,0.0,0.0,0.0, -1,-1
553,1,-1,-2.0445148944854736,5.061009883880615,1.9262338876724243,1,0,0,0,0,0,0,0,1,77,20.0,40,0.8888888888889148,1,1,0,0,0,1,1,1,1,0,0,0.0,0.0,0.0,0.0,0.0,0.0,0.0,0.0,0.0,0.0,0.0,0.0,0.0,0.0, -1,-1
552,1,-1,-1.4053142070770264,3.313643455505371,1.49780535697937,1,0,0,0,0,0,0,0,1,76,20.0,40,0.8888888888889148,1,1,0,0,0,1,1,1,1,0,0,0.0,0.0,0.0,0.0,0.0,0.0,0.0,0.0,0.0,0.0,0.0,0.0,0.0,0.0, -1,-1
551,1,-1,-1.3183456659317017,3.519167184829712,1.1524945497512815,1,0,0,0,0,0,0,0,1,76,20.0,40,0.8888888888889148,1,1,0,0,0,1,1,1,1,0,0,0.0,0.0,0.0,0.0,0.0,0.0,0.0,0.0,0.0,0.0,0.0,0.0,0.0,0.0, -1,-1
