remaining_time,robot_mode,alarm,robot_x,robot_y,robot_theta,tree 1,tree 2,tree 3,tree 4,tree 5,tree 6,tree 7,tree 8,tree 9,battery_level,temperature,water_robot_tank,water_ground_tank,leak 1,leak 2,leak 3,leak 4,leak 5,leak 6,leak 7,leak 8,leak 9,direction,avancement,left,right,push,wrench,leak 1,leak 2,leak 3,leak 4,leak 5,leak 6,leak 7,leak 8,leak 9,rm_alarm,errors,shortcuts
510,1,-1,-12.77805233001709,5.655179977416992,-1.7682430744171145,1,0,0,0,0,1,1,0,1,55,20.0,20,5.2142857142857135,1,0,0,0,0,0,0,0,1,0,0,0.0,0.0,0.0,0.0,0.0,0.0,0.0,0.0,0.0,0.0,0.0,0.0,0.0,0.0,-2,-2
509,1,-1,-13.099133491516113,4.017867565155028,-1.7653138637542725,1,0,0,0,0,1,1,0,1,55,20.0,20,8.8015873015873,1,0,0,0,0,0,0,0,1,0,0,1.0,0.0,0.0,0.0,0.0,0.0,0.0,0.0,0.0,0.0,0.0,0.0,0.0,0.0,-2,-2
508,1,-1,-13.424561500549315,2.3808822631835938,-1.767093062400818,1,0,0,0,0,1,1,0,1,54,20.0,20,11.674603174603172,1,0,0,0,0,0,0,0,1,0,0,1.0,0.0,0.0,0.0,0.0,0.0,0.0,0.0,0.0,0.0,0.0,0.0,0.0,0.0,-2,-2
507,1,-1,-13.753150939941404,0.7449690699577332,-1.7701704502105713,1,0,0,0,0,1,1,0,1,54,20.0,20,13.833333333333332,1,0,0,0,0,0,0,0,1,0,0,0.0,0.0,1.0,0.0,0.0,0.0,0.0,0.0,0.0,0.0,0.0,0.0,0.0,0.0,-2,-2
506,1,-1,-14.084939956665039,-0.8901343345642091,-1.7718920707702637,1,0,0,0,0,1,1,0,1,53,20.0,20,13.261904761904766,1,0,0,0,0,0,0,0,1,0,0,0.0,1.0,0.0,0.0,0.0,0.0,0.0,0.0,0.0,0.0,0.0,0.0,0.0,0.0,-2,-2
505,1,-1,-14.407511711120605,-2.527329683303833,-1.7659577131271362,1,0,0,0,0,1,1,0,1,53,20.0,20,13.595238095238102,1,0,0,0,0,0,0,1,1,0,0,0.0,0.0,0.0,0.0,0.0,0.0,0.0,0.0,0.0,0.0,0.0,0.0,0.0,0.0,-2,-2
504,1,-1,-14.727421760559082,-4.165695190429688,-1.7587817907333374,1,0,0,1,0,1,1,0,1,52,20.0,20,13.33333333333334,1,0,0,0,0,0,0,1,1,0,0,1.0,1.0,0.0,0.0,0.0,0.0,0.0,0.0,0.0,0.0,0.0,0.0,0.0,0.0,-2,-2
503,1,-1,-15.038705825805664,-5.805394649505615,-1.7580037117004397,1,0,0,1,0,1,1,0,1,52,20.0,20,12.92857142857144,1,0,0,0,0,0,0,1,1,0,0,1.0,0.0,0.0,0.0,0.0,0.0,0.0,0.0,0.0,0.0,0.0,0.0,0.0,0.0,-2,-2
502,1,-1,-15.342907905578613,-7.445829391479492,-1.7507539987564087,1,0,0,1,0,1,1,0,1,51,20.0,20,15.238095238095253,1,0,0,0,0,0,0,1,1,0,0,0.0,0.0,1.0,0.0,0.0,0.0,0.0,0.0,0.0,0.0,0.0,0.0,0.0,0.0,-2,-2
501,1,-1,-15.637166023254395,-9.08863353729248,-1.741887450218201,1,0,0,1,0,1,1,0,1,51,20.0,20,16.833333333333346,1,0,0,0,0,0,0,1,1,0,0,0.0,0.0,0.0,1.0,0.0,0.0,0.0,0.0,0.0,0.0,0.0,0.0,0.0,0.0,-2,-2
