remaining_time,robot_mode,alarm,robot_x,robot_y,robot_theta,tree 1,tree 2,tree 3,tree 4,tree 5,tree 6,tree 7,tree 8,tree 9,battery_level,temperature,water_robot_tank,water_ground_tank,leak 1,leak 2,leak 3,leak 4,leak 5,leak 6,leak 7,leak 8,leak 9,direction,avancement,left,right,push,wrench,leak 1,leak 2,leak 3,leak 4,leak 5,leak 6,leak 7,leak 8,leak 9,rm_alarm,errors,shortcuts
480,1,-1,-16.25117301940918,-12.613762855529785,0.8101561069488525,1,0,0,1,0,1,1,0,0,40,20.0,10,7.666666666666714,0,0,0,0,0,0,0,0,0,0,0,0.0,0.0,0.0,0.0,0.0,0.0,0.0,0.0,0.0,0.0,0.0,0.0,0.0,0.0,-2,-2
479,1,-1,-15.563116073608398,-11.705321311950685,0.9346532821655272,1,0,0,1,0,1,1,0,0,40,20.0,10,7.666666666666714,0,0,0,0,0,0,0,0,0,0,0,0.0,0.0,0.0,0.0,0.0,0.0,0.0,0.0,0.0,0.0,0.0,0.0,0.0,0.0,-2,-2
478,1,-1,-14.590096473693848,-10.383749961853027,0.937200665473938,1,0,0,1,0,1,1,0,0,39,20.0,10,7.666666666666714,0,0,0,0,0,0,0,0,0,0,0,0.0,0.0,1.0,0.0,0.0,0.0,0.0,0.0,0.0,0.0,0.0,0.0,0.0,0.0,-2,-2
477,1,-1,-13.553461074829102,-8.971320152282715,0.9370655417442322,1,0,0,1,0,1,1,0,0,39,20.0,10,12.238095238095289,0,0,0,0,0,0,0,0,0,0,0,0.0,0.0,0.0,0.0,0.0,0.0,0.0,0.0,0.0,0.0,0.0,0.0,0.0,0.0,-2,-2
476,1,-1,-12.549361228942873,-7.6044273376464835,0.9375953078269958,1,0,0,1,0,1,1,0,0,38,20.0,10,13.095238095238145,0,0,0,0,0,0,0,0,0,0,0,0.0,1.0,0.0,0.0,0.0,0.0,0.0,0.0,0.0,0.0,0.0,0.0,0.0,0.0,-2,-2
475,1,-1,-11.560340881347654,-6.260862827301025,0.9358627796173096,1,0,0,1,0,1,1,0,0,38,20.0,10,13.095238095238145,0,0,0,0,0,0,0,0,0,0,0,0.0,1.0,0.0,0.0,0.0,0.0,0.0,0.0,0.0,0.0,0.0,0.0,0.0,0.0,-2,-2
474,1,-1,-10.57618236541748,-4.913722038269043,0.9470139741897584,1,0,0,1,0,1,1,0,0,37,20.0,10,13.095238095238145,0,0,0,0,0,0,0,0,0,0,0,0.0,0.0,0.0,0.0,0.0,0.0,0.0,0.0,0.0,0.0,0.0,0.0,0.0,0.0,-2,-2
473,1,-1,-9.60247802734375,-3.5586256980896,0.949763834476471,1,0,0,1,0,1,1,0,0,37,20.0,10,13.095238095238145,0,0,0,0,0,0,0,0,0,0,0,0.0,0.0,0.0,0.0,0.0,0.0,0.0,0.0,0.0,0.0,0.0,0.0,0.0,0.0,-2,-2
472,1,-1,-8.635196685791017,-2.199426889419556,0.9533050060272216,1,0,0,1,0,1,1,0,0,36,20.0,10,16.666666666666718,0,0,0,0,0,0,0,0,0,0,0,0.0,0.0,1.0,0.0,0.0,0.0,0.0,0.0,0.0,0.0,0.0,0.0,0.0,0.0,-2,-2
471,1,-1,-7.671953201293945,-0.8369925022125244,0.9562967419624328,1,0,0,1,0,1,1,0,0,36,20.0,10,21.238095238095287,0,0,0,0,0,0,0,0,0,0,0,1.0,0.0,0.0,0.0,0.0,0.0,0.0,0.0,0.0,0.0,0.0,0.0,0.0,0.0,-2,-2
