remaining_time,robot_mode,alarm,robot_x,robot_y,robot_theta,tree 1,tree 2,tree 3,tree 4,tree 5,tree 6,tree 7,tree 8,tree 9,battery_level,temperature,water_robot_tank,water_ground_tank,leak 1,leak 2,leak 3,leak 4,leak 5,leak 6,leak 7,leak 8,leak 9,direction,avancement,left,right,push,wrench,leak 1,leak 2,leak 3,leak 4,leak 5,leak 6,leak 7,leak 8,leak 9,rm_alarm,errors,shortcuts
330,1,-1,0.6710362434387207,10.77431869506836,-2.8680200576782227,0,0,1,0,0,0,0,0,1,79,20.178057913181455,10,99.53174603174601,0,0,1,0,0,0,0,0,0,-0.53,0.0,0.0,0.0,0.0,0.0,0.0,0.0,0.0,0.0,0.0,0.0,0.0,0.0,0.0,1.0,-2,-2
329,1,-1,0.6712242364883423,10.77457332611084,-3.02121639251709,0,0,1,0,0,0,0,0,1,79,20.0,10,99.25396825396822,0,0,1,0,0,0,0,0,0,-0.53,0.0,0.0,0.0,0.0,0.0,0.0,0.0,0.0,0.0,0.0,0.0,0.0,0.0,0.0,0.0,-2,-2
328,1,-1,0.6712242364883423,10.77457332611084,-3.0212116241455083,0,0,1,0,0,0,0,0,1,78,20.0,10,98.97619047619044,0,0,1,0,0,0,0,0,0,0,0,0.0,0.0,0.0,1.0,0.0,0.0,0.0,0.0,0.0,0.0,0.0,0.0,0.0,0.0,-2,-2
327,1,-1,0.6712242364883423,10.77457332611084,-3.0212116241455083,0,0,1,0,0,0,0,0,1,78,20.0,10,98.7539682539682,0,0,0,0,0,0,0,0,0,0,0,0.0,1.0,0.0,0.0,0.0,0.0,1.0,0.0,0.0,0.0,0.0,0.0,0.0,0.0,-2,-2
326,1,-1,0.6721768379211426,10.775006294250488,2.854309558868408,0,0,1,0,0,0,0,0,1,77,20.0,10,98.7539682539682,0,0,0,0,0,0,0,0,0,0,0,1.0,0.0,0.0,0.0,0.0,0.0,0.0,0.0,0.0,0.0,0.0,0.0,0.0,0.0,-2,-2
325,1,-1,0.6721649169921875,10.774577140808104,2.2825074195861816,0,0,1,0,0,0,0,0,1,77,20.0,10,100.0,0,0,0,1,0,0,0,0,0,0,0,0.0,0.0,1.0,0.0,0.0,0.0,0.0,0.0,0.0,0.0,0.0,0.0,0.0,0.0,-2,-2
324,1,-1,0.6747791767120361,10.774507522583008,1.717286229133606,0,0,1,0,0,0,0,0,1,76,20.0,10,99.88888888888887,0,0,0,1,0,0,0,0,0,0,0,0.0,0.0,1.0,1.0,0.0,0.0,0.0,0.0,0.0,0.0,0.0,0.0,0.0,0.0,-2,-2
323,1,-1,0.6750229597091675,10.773240089416504,1.1643462181091309,0,0,1,0,0,0,0,0,1,76,20.0,10,100.0,0,0,0,0,0,0,0,0,0,0,0,0.0,0.0,0.0,0.0,0.0,0.0,0.0,1.0,0.0,0.0,0.0,0.0,0.0,0.0,-2,-2
322,1,-1,0.6750925779342651,10.772359848022461,0.5865086913108826,0,0,1,0,0,0,0,0,1,75,20.0,10,100.0,0,0,0,0,0,0,0,0,0,0,0,0.0,0.0,0.0,0.0,0.0,0.0,0.0,0.0,0.0,0.0,0.0,0.0,0.0,0.0,-2,-2
321,1,-1,1.418739676475525,11.084999084472656,0.3694709837436676,0,0,1,0,0,0,0,0,1,75,20.0,10,100.0,0,0,0,0,0,0,0,0,0,0,0,0.0,1.0,0.0,0.0,0.0,0.0,0.0,0.0,0.0,0.0,0.0,0.0,0.0,0.0,-2,-2
