remaining_time,robot_mode,alarm,robot_x,robot_y,robot_theta,tree 1,tree 2,tree 3,tree 4,tree 5,tree 6,tree 7,tree 8,tree 9,battery_level,temperature,water_robot_tank,water_ground_tank,leak 1,leak 2,leak 3,leak 4,leak 5,leak 6,leak 7,leak 8,leak 9,direction,avancement,left,right,push,wrench,leak 1,leak 2,leak 3,leak 4,leak 5,leak 6,leak 7,leak 8,leak 9,rm_alarm,errors,shortcuts
50,1,-1,8.384572982788086,-14.937799453735352,-3.0580778121948238,0,1,1,0,0,1,0,1,1,71,20.0,70,50.039682539682296,0,0,1,0,0,0,0,0,0,0,0,1.0,0.0,1.0,0.0,0.0,0.0,0.0,0.0,0.0,0.0,0.0,0.0,0.0,0.0,-2,-2
49,1,-1,6.7217698097229,-15.075453758239744,-3.0586369037628174,0,1,1,0,0,1,0,1,1,71,20.0,70,54.761904761904525,0,0,1,0,0,0,0,0,0,0,0,1.0,0.0,0.0,0.0,0.0,0.0,0.0,0.0,0.0,0.0,0.0,0.0,0.0,0.0,-2,-2
48,1,-1,5.0306663513183585,-15.21246337890625,-3.066622257232666,0,1,1,0,0,1,0,1,1,70,20.0,70,58.769841269841,0,0,1,0,0,0,0,0,0,0,0,0.0,1.0,0.0,1.0,0.0,0.0,0.0,0.0,0.0,0.0,0.0,0.0,0.0,0.0,-2,-2
47,1,-1,3.394423723220825,-15.336585998535154,-3.065904378890991,0,1,1,0,0,1,0,1,1,70,20.472547986503074,70,62.23015873015847,0,0,0,0,0,0,0,0,0,0,0,0.0,0.0,0.0,0.0,0.0,0.0,1.0,0.0,0.0,0.0,0.0,0.0,0.0,0.0,-2,-2
46,1,-1,3.813810825347901,-15.304247856140135,-3.065556526184082,0,1,1,0,0,1,0,1,1,69,20.0,70,65.08730158730131,0,0,0,0,0,0,0,0,0,0,0,0.0,0.0,0.0,0.0,0.0,0.0,0.0,0.0,0.0,0.0,0.0,0.0,0.0,0.0,-2,-2
45,1,-1,1.873512864112854,-14.79157543182373,2.6468634605407715,0,1,1,0,0,1,0,1,1,69,27.18119327881586,70,67.23015873015846,0,0,0,0,0,0,0,0,0,0,0,0.0,0.0,0.0,0.0,0.0,0.0,0.0,0.0,0.0,0.0,0.0,0.0,0.0,0.0,-2,-2
44,1,-1,1.7101234197616575,-14.698830604553224,3.0868618488311768,0,1,1,0,0,1,0,1,1,68,34.5541966052801,70,68.65873015872992,0,0,0,0,0,0,0,0,0,0,0,0.0,0.0,0.0,0.0,0.0,0.0,0.0,0.0,0.0,0.0,0.0,0.0,0.0,0.0,-2,-2
43,1,-1,0.4603796303272247,-14.75298309326172,-3.0790071487426762,0,1,1,0,0,1,0,1,1,68,44.59838905806811,70,69.37301587301562,0,0,0,0,0,0,0,0,0,0,0,0.0,0.0,0.0,0.0,0.0,0.0,0.0,0.0,0.0,0.0,0.0,0.0,0.0,0.0,-2,-2
42,1,-1,-1.2050015926361084,-14.859987258911133,-3.0769841670989986,0,1,1,0,0,1,0,1,1,67,49.41346782463047,70,69.37301587301562,0,0,0,0,0,0,0,0,0,0,0,1.0,0.0,0.0,0.0,0.0,0.0,0.0,0.0,0.0,0.0,0.0,0.0,0.0,0.0,-2,-2
41,1,-1,-2.898223876953125,-14.969489097595215,-3.077407121658325,0,1,1,0,0,1,0,1,1,67,46.080134491297144,70,72.37301587301562,0,0,0,0,0,0,0,0,0,0,0,0.0,1.0,1.0,0.0,0.0,0.0,0.0,0.0,0.0,0.0,0.0,0.0,0.0,0.0,-2,-2
