remaining_time,robot_mode,alarm,robot_x,robot_y,robot_theta,tree 1,tree 2,tree 3,tree 4,tree 5,tree 6,tree 7,tree 8,tree 9,battery_level,temperature,water_robot_tank,water_ground_tank,leak 1,leak 2,leak 3,leak 4,leak 5,leak 6,leak 7,leak 8,leak 9,direction,avancement,left,right,push,wrench,leak 1,leak 2,leak 3,leak 4,leak 5,leak 6,leak 7,leak 8,leak 9,rm_alarm,errors,shortcuts
580,1,-1,-0.10837697237730026,11.757359504699707,1.6371148824691772,0,1,0,0,0,0,0,0,0,90,20.0,50,46.55555555555546,0,0,0,0,0,0,0,0,0,0.0,2.86,0.0,0.0,0.0,0.0,0.0,0.0,0.0,0.0,0.0,0.0,0.0,0.0,0.0,0.0, -1, -1
579,1,-1,-0.10837697237730026,11.757359504699707,1.6371148824691772,0,1,0,0,0,0,0,0,0,90,20.0,50,46.55555555555546,0,0,0,0,0,0,0,0,0,0.1325,2.145,0.0,0.0,0.0,0.0,0.0,0.0,0.0,0.0,0.0,0.0,0.0,0.0,0.0,0.0, -1, -1
578,1,-1,-0.19499357044696808,12.539965629577635,1.778098464012146,0,0,0,0,0,0,0,0,0,89,20.0,40,46.55555555555546,0,0,0,0,0,0,0,0,0,0,0,0.0,0.0,0.0,0.0,0.0,0.0,0.0,0.0,0.0,0.0,0.0,0.0,0.0,0.0, -1, -1
577,1,-1,-0.31707671284675604,13.106819152832033,1.7848634719848633,0,0,0,0,0,0,0,0,0,89,20.0,40,46.55555555555546,0,0,0,0,0,0,0,0,0,0,0,0.0,0.0,0.0,0.0,0.0,0.0,0.0,0.0,0.0,0.0,0.0,0.0,0.0,0.0, -1, -1
576,1,-1,0.15636032819747925,10.981616973876953,1.7890527248382568,0,0,0,0,0,0,0,0,0,88,20.0,40,46.55555555555546,0,0,0,0,0,0,0,0,0,0,0,0.0,0.0,0.0,0.0,0.0,0.0,0.0,0.0,0.0,0.0,0.0,0.0,0.0,0.0, -1, -1
575,1,-1,0.15636032819747925,10.981616973876953,1.7890527248382568,0,0,0,0,0,0,0,0,0,88,20.0,40,46.55555555555546,1,0,0,0,0,0,0,0,0,0,0,0.0,0.0,0.0,0.0,0.0,0.0,0.0,0.0,0.0,0.0,0.0,0.0,0.0,0.0, -1, -1
574,1,-1,0.1915515959262848,10.82711410522461,1.3959872722625732,0,0,0,0,0,0,0,0,0,87,20.0,40,45.99999999999989,1,0,0,0,0,0,0,0,0,0,0,0.0,1.0,0.0,0.0,0.0,0.0,0.0,0.0,0.0,0.0,0.0,0.0,0.0,0.0, -1,2
573,1,-1,0.19313766062259674,10.826301574707033,0.875671923160553,0,0,0,0,0,0,0,0,0,87,20.0,40,45.44444444444432,1,0,0,0,0,0,0,0,0,0,0,0.0,0.0,0.0,1.0,0.0,0.0,0.0,0.0,0.0,0.0,0.0,0.0,0.0,0.0, -1,1
572,1,-1,0.19457735121250155,10.828287124633787,0.4232880771160126,0,0,0,0,0,0,0,0,0,86,20.0,40,45.222222222222086,0,0,0,0,0,0,0,0,0,0,0,0.0,0.0,0.0,0.0,1.0,0.0,0.0,0.0,0.0,0.0,0.0,0.0,0.0,0.0, -1, -1
571,1,-1,1.646838903427124,11.388578414916992,0.3584607541561127,0,0,0,0,0,0,0,0,0,86,20.0,40,45.222222222222086,0,0,0,0,0,0,0,0,0,0,0,0.0,0.0,0.0,0.0,0.0,0.0,0.0,0.0,0.0,0.0,0.0,0.0,0.0,0.0, -1, -1
