remaining_time,robot_mode,alarm,robot_x,robot_y,robot_theta,tree 1,tree 2,tree 3,tree 4,tree 5,tree 6,tree 7,tree 8,tree 9,battery_level,temperature,water_robot_tank,water_ground_tank,leak 1,leak 2,leak 3,leak 4,leak 5,leak 6,leak 7,leak 8,leak 9,direction,avancement,left,right,push,wrench,leak 1,leak 2,leak 3,leak 4,leak 5,leak 6,leak 7,leak 8,leak 9,rm_alarm,errors,shortcuts
400,1,-1,15.79788875579834,16.147062301635742,0.02656117640435696,0,1,0,1,1,0,0,1,1,35,119.33892011678009,10,46.603174603174594,0,0,0,0,0,0,0,0,0,0,0,0.0,0.0,0.0,0.0,0.0,0.0,0.0,0.0,0.0,0.0,0.0,0.0,0.0,0.0,-2,-2
399,1,-1,15.79788875579834,16.14705467224121,0.02633417397737503,0,1,0,1,1,0,0,1,1,45,116.00558678344674,10,46.603174603174594,0,0,0,0,0,0,0,0,0,0,0,0.0,0.0,0.0,0.0,0.0,0.0,0.0,0.0,0.0,0.0,0.0,0.0,0.0,0.0,-2,-2
398,1,-1,15.79788875579834,16.147041320800778,0.026104794815182686,0,1,0,1,1,0,0,1,1,54,112.6722534501134,10,46.603174603174594,0,0,0,0,0,0,0,0,0,0,0,0.0,0.0,0.0,0.0,0.0,0.0,0.0,0.0,0.0,0.0,0.0,0.0,0.0,0.0,-2,-2
397,1,-1,15.79788875579834,16.147041320800778,0.026104794815182686,0,1,0,1,1,0,0,1,1,64,112.6722534501134,10,46.603174603174594,0,0,0,0,0,0,0,0,0,0,0,0.0,0.0,0.0,0.0,0.0,0.0,0.0,0.0,0.0,0.0,0.0,0.0,0.0,0.0,-2,-2
396,1,-1,15.798948287963867,16.148517608642578,0.41494542360305786,0,1,0,1,1,0,0,1,1,73,109.33892011678006,10,46.603174603174594,0,0,0,0,0,0,0,0,0,0,0,0.0,0.0,0.0,0.0,0.0,0.0,0.0,0.0,0.0,0.0,0.0,0.0,0.0,0.0,-2,-2
395,1,-1,15.800410270690918,16.148305892944336,0.5345054268836975,0,1,0,1,1,0,0,1,1,83,102.67225345011335,10,46.603174603174594,0,0,0,0,0,0,0,0,0,0,0,0.0,0.0,0.0,0.0,0.0,0.0,0.0,0.0,0.0,0.0,0.0,0.0,0.0,0.0,-2,-2
394,1,-1,15.800410270690918,16.148305892944336,0.5345054268836975,0,1,0,1,1,0,0,1,1,92,102.67225345011335,10,46.603174603174594,0,0,0,0,0,0,0,0,0,0,0,0.0,0.0,0.0,0.0,0.0,0.0,0.0,0.0,0.0,0.0,0.0,0.0,0.0,0.0,-2,-2
393,1,-1,15.800410270690918,16.148305892944336,0.5343345999717712,0,1,0,1,1,0,1,1,1,100,96.00558678344672,10,46.603174603174594,0,0,0,0,0,0,0,0,0,0,0,0.0,0.0,0.0,0.0,0.0,0.0,0.0,0.0,0.0,0.0,0.0,0.0,0.0,0.0,-2,-2
392,1,-1,15.800410270690918,16.148305892944336,0.5343345999717712,0,1,0,1,1,0,1,1,1,99,96.00558678344672,10,46.603174603174594,0,0,0,0,0,0,0,0,0,0,0,0.0,0.0,0.0,0.0,0.0,0.0,0.0,0.0,0.0,0.0,0.0,0.0,0.0,0.0,-2,-2
391,1,-1,15.800410270690918,16.148305892944336,0.5341646075248718,0,1,0,1,1,0,1,1,1,100,89.33892011678006,10,46.603174603174594,0,0,0,0,0,0,0,0,0,0,0,1.0,0.0,0.0,0.0,0.0,0.0,0.0,0.0,0.0,0.0,0.0,0.0,0.0,0.0,-2,-2
