remaining_time,robot_mode,alarm,robot_x,robot_y,robot_theta,tree 1,tree 2,tree 3,tree 4,tree 5,tree 6,tree 7,tree 8,tree 9,battery_level,temperature,water_robot_tank,water_ground_tank,leak 1,leak 2,leak 3,leak 4,leak 5,leak 6,leak 7,leak 8,leak 9,direction,avancement,left,right,push,wrench,leak 1,leak 2,leak 3,leak 4,leak 5,leak 6,leak 7,leak 8,leak 9,rm_alarm,errors,shortcuts
360,1,-1,3.236130952835083,15.108853340148926,-1.7313265800476074,0,0,0,1,1,1,1,1,1,92,20.0,0,55.68253968253951,0,0,0,0,0,0,0,0,0,0,0,0.0,0.0,0.0,0.0,0.0,0.0,0.0,0.0,0.0,0.0,0.0,0.0,0.0,0.0,-2,-2
359,1,-1,2.9835240840911865,13.4596529006958,-1.7216675281524658,0,0,0,1,1,1,1,1,1,92,20.0,0,57.11111111111092,0,0,0,0,0,0,0,0,0,0,0,0.0,1.0,0.0,0.0,0.0,0.0,0.0,0.0,0.0,0.0,0.0,0.0,0.0,0.0,-2,-2
358,1,-1,2.734133243560791,11.80988883972168,-1.7201801538467407,0,0,0,1,1,1,1,1,1,91,20.0,0,57.82539682539665,0,0,0,0,0,0,0,0,0,0,0,0.0,0.0,0.0,1.0,0.0,0.0,0.0,0.0,0.0,0.0,0.0,0.0,0.0,0.0,-2,-2
357,1,-1,2.4859838485717773,10.159698486328123,-1.7210322618484497,0,0,0,1,1,1,1,1,1,91,20.0,0,60.82539682539665,0,0,0,0,0,0,0,0,0,0,0,0.0,0.0,1.0,0.0,0.0,0.0,0.0,1.0,0.0,0.0,0.0,0.0,0.0,0.0,-2,-2
356,1,-1,2.2406811714172363,8.509254455566406,-1.716130614280701,0,0,0,1,1,1,1,1,1,90,20.0,0,65.39682539682525,0,0,0,0,0,0,0,0,0,0,0,1.0,1.0,0.0,0.0,0.0,0.0,0.0,0.0,0.0,0.0,0.0,0.0,0.0,0.0,-2,-2
355,1,-1,1.9986443519592283,6.858816146850586,-1.7158585786819458,0,0,0,1,1,1,1,1,1,90,20.0,0,69.19841269841254,0,0,0,0,0,0,0,1,0,0,0,0.0,0.0,0.0,0.0,0.0,0.0,0.0,0.0,0.0,0.0,0.0,0.0,0.0,0.0,-2,-2
354,1,-1,1.7588485479354858,5.207253932952881,-1.7151583433151243,0,0,0,1,1,1,1,1,1,89,20.0,0,72.63492063492045,0,0,0,0,0,0,0,1,0,0,0,1.0,0.0,1.0,0.0,0.0,0.0,0.0,0.0,0.0,0.0,0.0,0.0,0.0,0.0,-2,-2
353,1,-1,1.522392511367798,3.555495262145996,-1.71416437625885,0,0,0,1,1,1,1,1,1,89,20.0,0,75.35714285714269,0,0,0,0,0,0,0,1,0,0,0,1.0,1.0,0.0,0.0,0.0,0.0,0.0,0.0,0.0,0.0,0.0,0.0,0.0,0.0,-2,-2
352,1,-1,1.2869019508361816,1.9032789468765257,-1.707872748374939,0,0,0,1,1,1,1,1,1,88,20.0,0,77.36507936507918,0,0,0,0,0,0,0,1,0,0,0,0.0,1.0,0.0,0.0,0.0,0.0,0.0,0.0,0.0,0.0,0.0,0.0,0.0,0.0,-2,-2
351,1,-1,1.0605970621109009,0.25010231137275696,-1.706084132194519,0,0,0,1,1,1,1,1,1,88,20.0,0,79.51587301587281,0,0,0,0,0,0,0,1,0,0,0,0.0,0.0,1.0,1.0,0.0,0.0,0.0,0.0,0.0,0.0,0.0,0.0,0.0,0.0,-2,-2
