remaining_time,robot_mode,alarm,robot_x,robot_y,robot_theta,tree 1,tree 2,tree 3,tree 4,tree 5,tree 6,tree 7,tree 8,tree 9,battery_level,temperature,water_robot_tank,water_ground_tank,leak 1,leak 2,leak 3,leak 4,leak 5,leak 6,leak 7,leak 8,leak 9,direction,avancement,left,right,push,wrench,leak 1,leak 2,leak 3,leak 4,leak 5,leak 6,leak 7,leak 8,leak 9,rm_alarm,errors,shortcuts
290,1,-1,0.3370904326438904,4.013779163360597,2.2291409969329834,0,1,1,1,1,0,1,0,1,57,20.0,70,72.08730158730118,1,0,0,0,0,0,0,0,1,0.0,2.86,0.0,0.0,0.0,0.0,0.0,0.0,0.0,0.0,0.0,0.0,0.0,0.0,0.0,0.0,-2,-2
289,1,-1,0.3370904326438904,4.013779163360597,2.2291409969329834,0,1,1,1,1,0,1,0,1,57,20.0,70,70.97619047619004,1,0,0,0,0,0,0,0,1,0.0,2.86,0.0,0.0,0.0,0.0,0.0,0.0,0.0,0.0,0.0,0.0,0.0,0.0,0.0,0.0,-2,-2
288,1,-1,-0.7688203454017639,5.3080644607543945,2.4448559284210205,0,1,1,0,1,0,1,0,1,56,20.0,60,69.8650793650789,1,0,0,0,0,0,0,0,1,0,0,0.0,0.0,0.0,0.0,0.0,0.0,0.0,0.0,0.0,0.0,0.0,0.0,0.0,0.0,-2,-2
287,1,4,-1.2197517156600952,5.681170463562013,2.452126264572144,0,1,1,0,1,0,1,0,1,56,20.0,60,68.75396825396776,1,0,0,0,0,0,0,0,1,0.53,0.0,0.0,0.0,1.0,0.0,0.0,0.0,0.0,0.0,0.0,0.0,0.0,0.0,0.0,0.0,-2,-2
286,1,-1,0.4668890237808228,4.305755138397217,2.457838773727417,0,1,1,0,1,0,1,0,1,55,20.0,60,67.64285714285661,1,0,0,0,0,0,0,0,1,0,0,0.0,0.0,0.0,0.0,0.0,0.0,0.0,0.0,0.0,0.0,0.0,0.0,0.0,0.0,-2,-2
285,1,-1,0.4668890237808228,4.305755138397217,2.457838773727417,0,1,1,0,1,0,1,0,1,55,20.0,60,66.42063492063437,1,0,0,1,0,0,0,0,1,0,0,0.0,0.0,0.0,0.0,0.0,0.0,0.0,0.0,0.0,0.0,0.0,0.0,0.0,1.0,-2,-2
284,1,-1,0.6196099519729614,4.180837154388429,2.0759935379028316,0,1,1,0,1,0,1,0,1,54,20.0,60,64.75396825396773,1,0,0,1,0,0,0,0,1,0,0,0.0,0.0,0.0,0.0,0.0,0.0,0.0,0.0,0.0,0.0,0.0,0.0,0.0,0.0,-2,-2
283,1,-1,0.245549738407135,5.178235530853272,1.9171179533004759,0,1,1,0,1,0,1,0,1,54,20.0,60,63.08730158730106,1,0,0,1,0,0,0,0,1,0,0,0.0,0.0,1.0,0.0,0.0,0.0,0.0,0.0,0.0,0.0,0.0,0.0,0.0,0.0,-2,-2
282,1,-1,-0.18935850262641907,6.398861885070801,1.9060002565383911,0,1,1,0,1,0,1,0,1,53,20.0,60,61.420634920634384,1,0,0,1,0,0,0,0,1,0,0,0.0,0.0,0.0,0.0,0.0,0.0,0.0,0.0,0.0,0.0,0.0,0.0,0.0,0.0,-2,-2
281,1,-1,-0.5121419429779053,7.330299854278564,1.897510528564453,0,1,1,0,0,0,1,0,1,53,20.0,50,59.976190476189934,0,0,0,1,0,0,0,0,1,0,0,0.0,0.0,0.0,1.0,1.0,0.0,0.0,0.0,0.0,0.0,0.0,0.0,0.0,0.0,-2,-2
