remaining_time,robot_mode,alarm,robot_x,robot_y,robot_theta,tree 1,tree 2,tree 3,tree 4,tree 5,tree 6,tree 7,tree 8,tree 9,battery_level,temperature,water_robot_tank,water_ground_tank,leak 1,leak 2,leak 3,leak 4,leak 5,leak 6,leak 7,leak 8,leak 9,direction,avancement,left,right,push,wrench,leak 1,leak 2,leak 3,leak 4,leak 5,leak 6,leak 7,leak 8,leak 9,rm_alarm,errors,shortcuts
370,1,-1,3.868957996368408,6.502070426940918,2.023416519165039,1,1,0,1,1,0,0,0,1,69,20.0,60,0.8888888888888729,1,1,0,0,0,0,0,1,0,0.0,2.86,0.0,0.0,0.0,0.0,0.0,0.0,0.0,0.0,0.0,0.0,0.0,0.0,0.0,0.0, -1, -1
369,1,-1,3.868957996368408,6.502070426940918,2.023416519165039,1,1,0,1,1,1,0,0,1,69,20.0,60,0.8888888888888729,1,1,0,0,0,0,0,1,0,0.0,2.86,0.0,0.0,0.0,0.0,0.0,0.0,0.0,0.0,0.0,0.0,0.0,0.0,0.0,0.0, -1, -1
368,1,-1,3.512059450149536,7.232937335968018,2.4630451202392583,1,1,0,1,1,1,0,0,1,68,20.0,60,0.8888888888888729,1,1,0,0,0,0,0,1,0,0,0,0.0,0.0,0.0,1.0,0.0,0.0,0.0,0.0,0.0,0.0,0.0,0.0,0.0,0.0, -1, -1
367,1,-1,2.6186742782592773,7.790809631347656,2.6022427082061768,1,1,0,1,1,1,0,0,1,68,20.0,60,0.8888888888888729,1,0,0,0,0,0,0,1,0,0,0,0.0,0.0,0.0,0.0,0.0,1.0,0.0,0.0,0.0,0.0,0.0,0.0,0.0,0.0, -1,1
366,1,-1,1.6244494915008545,8.382270812988281,2.604700326919556,1,1,0,1,1,1,0,0,1,67,20.0,60,0.8888888888888729,0,0,0,0,0,0,0,1,0,0,0,0.0,0.0,0.0,1.0,1.0,0.0,0.0,0.0,0.0,0.0,0.0,0.0,0.0,0.0, -1,1
365,1,-1,0.8480641841888428,8.839862823486328,2.6162779331207275,1,1,0,1,0,1,0,0,1,67,20.0,50,0.8888888888888729,0,0,0,0,0,0,0,0,0,0,0,0.0,0.0,0.0,0.0,0.0,0.0,0.0,0.0,0.0,0.0,0.0,1.0,0.0,0.0, -1,1
364,1,-1,0.3039904236793518,9.15396213531494,2.631463050842285,1,1,0,1,0,1,0,0,1,66,20.0,50,0.8888888888888729,0,0,0,0,0,0,0,0,0,0,0,0.0,1.0,0.0,0.0,0.0,0.0,0.0,0.0,0.0,0.0,0.0,0.0,0.0,0.0, -1,1
363,1,-1,1.4168001413345337,8.530430793762207,2.6312618255615234,1,1,0,1,0,1,0,1,1,66,20.0,50,0.8888888888888729,0,0,0,0,0,0,0,0,0,0,0,0.0,0.0,0.0,0.0,0.0,0.0,0.0,0.0,0.0,0.0,0.0,0.0,0.0,0.0, -1,1
362,1,-1,2.6461918354034424,7.841728687286378,2.631466627120972,1,1,0,1,0,1,0,1,1,65,20.0,50,0.8888888888888729,0,0,0,0,0,0,0,0,0,0,0,0.0,0.0,0.0,0.0,0.0,0.0,0.0,0.0,0.0,0.0,0.0,0.0,0.0,0.0, -1, -1
361,1,-1,2.0912656784057617,8.696351051330566,2.0916674137115483,1,1,0,1,0,1,0,1,1,65,20.0,50,0.8888888888888729,0,0,0,0,0,0,0,0,0,0,0,1.0,0.0,0.0,0.0,0.0,0.0,0.0,0.0,0.0,0.0,0.0,0.0,0.0,0.0, -1, -1
