remaining_time,robot_mode,alarm,robot_x,robot_y,robot_theta,tree 1,tree 2,tree 3,tree 4,tree 5,tree 6,tree 7,tree 8,tree 9,battery_level,temperature,water_robot_tank,water_ground_tank,leak 1,leak 2,leak 3,leak 4,leak 5,leak 6,leak 7,leak 8,leak 9,direction,avancement,left,right,push,wrench,leak 1,leak 2,leak 3,leak 4,leak 5,leak 6,leak 7,leak 8,leak 9,rm_alarm,errors,shortcuts
580,1,-1,-0.3861296474933624,11.491076469421387,2.035674571990967,0,0,0,0,0,0,0,1,0,90,20.0,40,50.0,0,0,0,0,0,0,0,0,1,0,0,0.0,0.0,0.0,0.0,0.0,0.0,0.0,0.0,0.0,0.0,0.0,0.0,0.0,0.0, -1, -1
579,1,-1,-0.3876053988933563,11.492116928100586,2.5667543411254883,0,0,0,0,0,0,0,1,0,90,20.0,40,53.722222222222214,0,0,0,0,0,0,0,0,1,0,0,0.0,1.0,1.0,0.0,0.0,0.0,0.0,0.0,0.0,0.0,0.0,0.0,0.0,0.0, -1,2
578,1,-1,-0.3884296119213104,11.491677284240724,3.0866162776947017,0,0,0,0,0,0,0,1,0,89,20.0,40,54.22222222222221,0,0,0,0,0,0,0,0,1,0,0,0.0,1.0,0.0,0.0,0.0,0.0,0.0,0.0,0.0,0.0,0.0,0.0,0.0,0.0, -1,2
577,1,-1,-0.3891879618167877,11.489840507507324,-2.6725783348083496,0,0,0,0,0,0,0,1,0,89,20.0,40,53.66666666666663,0,0,0,0,0,0,0,0,1,0,0,0.0,0.0,0.0,0.0,0.0,0.0,0.0,0.0,0.0,0.0,0.0,0.0,0.0,0.0, -1, -1
576,1,-1,-0.3884229063987732,11.488580703735352,-2.146213293075561,0,0,0,0,0,0,0,1,0,88,20.0,40,54.99206349206344,0,0,0,0,0,0,0,0,1,0,0,0.0,0.0,0.0,0.0,0.0,0.0,0.0,0.0,0.0,0.0,0.0,0.0,0.0,0.0, -1, -1
575,1,-1,-0.3878611028194428,11.487842559814453,-1.6732358932495115,0,0,0,0,0,0,0,1,0,88,20.0,40,56.999999999999936,0,0,0,0,0,0,0,0,1,0,0,1.0,0.0,0.0,0.0,0.0,0.0,0.0,0.0,0.0,0.0,0.0,0.0,0.0,0.0, -1,1
574,1,-1,-0.3921481370925903,10.264349937438963,-1.5616298913955688,0,0,0,0,0,0,0,1,0,87,20.0,40,58.29365079365072,0,0,0,0,0,0,0,0,1,0,0,0.0,0.0,0.0,0.0,0.0,0.0,0.0,0.0,0.0,0.0,0.0,0.0,0.0,0.0, -1, -1
573,1,-1,-0.37887296080589294,8.59565544128418,-1.5634504556655884,0,0,0,0,0,0,0,1,0,87,20.0,40,58.87301587301582,0,0,0,0,0,0,0,0,1,0,0,0.0,0.0,1.0,0.0,0.0,0.0,0.0,0.0,0.0,0.0,0.0,0.0,0.0,0.0, -1, -1
572,1,-1,-0.3630066514015198,6.927247047424316,-1.5585442781448364,0,0,0,0,0,0,0,1,0,86,20.0,40,59.59523809523803,0,0,0,0,0,0,0,0,1,0,0,0.0,0.0,0.0,0.0,0.0,0.0,0.0,0.0,0.0,0.0,0.0,0.0,0.0,0.0, -1,1
571,1,-1,-0.3415241837501526,5.258767604827881,-1.5582367181777954,0,0,0,0,0,0,0,1,0,86,20.0,40,63.60317460317451,0,0,0,0,0,0,0,0,1,0,0,0.0,0.0,0.0,1.0,0.0,0.0,0.0,0.0,0.0,0.0,0.0,0.0,0.0,0.0, -1, -1
