remaining_time,robot_mode,alarm,robot_x,robot_y,robot_theta,tree 1,tree 2,tree 3,tree 4,tree 5,tree 6,tree 7,tree 8,tree 9,battery_level,temperature,water_robot_tank,water_ground_tank,leak 1,leak 2,leak 3,leak 4,leak 5,leak 6,leak 7,leak 8,leak 9,direction,avancement,left,right,push,wrench,leak 1,leak 2,leak 3,leak 4,leak 5,leak 6,leak 7,leak 8,leak 9,rm_alarm,errors,shortcuts
470,1,-1,13.693490028381348,15.606833457946776,0.2363003194332123,1,0,0,1,0,1,0,0,1,35,20.0,0,97.14285714285705,0,0,0,0,1,0,0,0,1,0.0,2.86,0.0,0.0,0.0,0.0,0.0,0.0,0.0,0.0,0.0,0.0,0.0,0.0,0.0,0.0, -1, -1
469,1,-1,13.693490028381348,15.606833457946776,0.2363003194332123,1,0,0,1,0,1,0,0,1,35,20.0,0,96.03174603174593,0,0,0,0,1,0,0,0,1,0.0,0.0,0.0,0.0,0.0,0.0,0.0,0.0,0.0,0.0,0.0,0.0,0.0,0.0,0.0,0.0, -1, -1
468,1,-1,15.269710540771484,15.986799240112305,-0.14116811752319336,1,0,0,1,0,1,0,0,1,39,20.0,0,94.92063492063477,0,0,0,0,1,0,0,0,1,0,0,0.0,0.0,0.0,0.0,0.0,0.0,0.0,0.0,0.0,0.0,0.0,0.0,0.0,0.0, -1, -1
467,1,-1,15.269969940185547,15.992414474487305,-0.6345911622047424,1,0,0,1,0,1,0,0,1,49,20.0,0,93.80952380952364,0,0,0,0,1,0,0,0,1,0,0,0.0,0.0,0.0,0.0,0.0,0.0,0.0,0.0,0.0,0.0,0.0,0.0,0.0,0.0, -1, -1
466,1,-1,15.270782470703125,15.996333122253418,-1.1241616010665894,1,0,0,1,0,1,0,0,1,58,20.0,0,92.69841269841247,0,0,0,0,1,0,0,0,1,0,0,0.0,0.0,0.0,0.0,0.0,0.0,0.0,0.0,0.0,0.0,0.0,0.0,0.0,0.0, -1, -1
465,1,-1,15.270707130432127,15.998858451843262,-1.620213747024536,1,0,0,1,0,1,0,0,1,68,20.0,0,91.69841269841244,0,0,1,0,0,0,0,0,1,0,0,0.0,0.0,0.0,1.0,0.0,0.0,0.0,0.0,1.0,0.0,0.0,0.0,0.0,0.0, -1,1
464,1,-1,15.271885871887207,16.00010871887207,-2.0037977695465092,1,0,0,1,0,1,0,0,1,77,20.0,0,90.80952380952354,0,0,1,0,0,0,0,0,0,0,0,0.0,0.0,0.0,1.0,0.0,0.0,0.0,0.0,0.0,0.0,0.0,0.0,1.0,0.0, -1,1
463,1,-1,14.5292329788208,14.63229751586914,-2.084433555603028,1,0,0,1,0,1,0,0,1,77,20.0,0,90.47619047619021,0,0,0,0,0,0,0,0,0,0,0,0.0,0.0,0.0,0.0,0.0,0.0,1.0,0.0,0.0,0.0,0.0,0.0,0.0,0.0, -1,1
462,1,-1,13.709933280944824,13.178584098815918,-2.0837597846984863,1,0,0,1,0,1,0,0,1,76,20.0,0,90.47619047619021,0,0,0,0,0,0,0,0,0,0,0,0.0,0.0,0.0,0.0,0.0,0.0,0.0,0.0,0.0,0.0,0.0,0.0,0.0,0.0, -1, -1
461,1,-1,12.854032516479492,11.650296211242676,-2.078040599822998,1,0,0,1,0,1,0,0,1,76,20.0,0,90.47619047619021,0,0,0,0,0,0,0,0,0,0,0,0.0,0.0,0.0,0.0,0.0,0.0,0.0,0.0,0.0,0.0,0.0,0.0,0.0,0.0, -1, -1
