remaining_time,robot_mode,alarm,robot_x,robot_y,robot_theta,tree 1,tree 2,tree 3,tree 4,tree 5,tree 6,tree 7,tree 8,tree 9,battery_level,temperature,water_robot_tank,water_ground_tank,leak 1,leak 2,leak 3,leak 4,leak 5,leak 6,leak 7,leak 8,leak 9,direction,avancement,left,right,push,wrench,leak 1,leak 2,leak 3,leak 4,leak 5,leak 6,leak 7,leak 8,leak 9,rm_alarm,errors,shortcuts
250,1,-1,-14.020411491394045,15.043180465698242,2.4968719482421875,0,1,1,0,0,1,1,0,1,80,35.66340353329332,20,96.99999999999993,0,0,0,1,0,0,1,0,0,0.0,2.86,0.0,0.0,0.0,0.0,0.0,0.0,0.0,0.0,0.0,0.0,0.0,0.0,0.0,0.0, -1, -1
249,1,-1,-14.020411491394045,15.043180465698242,2.4968719482421875,0,1,1,0,0,1,1,0,1,80,35.66340353329332,20,95.88888888888876,0,0,0,1,0,0,1,0,0,0,0,0.0,0.0,0.0,1.0,0.0,0.0,0.0,0.0,0.0,0.0,0.0,0.0,0.0,0.0, -1,1
248,1,-1,-14.262739181518555,15.214797973632812,2.5332906246185303,0,1,0,0,0,1,1,0,1,79,32.33007019995998,10,95.22222222222209,0,0,0,0,0,0,1,0,0,0,0,0.0,0.0,0.0,1.0,0.0,0.0,0.0,1.0,0.0,0.0,0.0,0.0,0.0,0.0, -1,1
247,1,-1,-14.45952033996582,15.351634979248047,2.5424058437347408,0,1,0,0,0,1,1,0,1,79,28.99673686662664,10,95.11111111111096,0,0,0,0,0,0,0,0,0,0,0,0.0,0.0,0.0,0.0,0.0,0.0,0.0,0.0,0.0,0.0,1.0,0.0,0.0,0.0, -1, -1
246,1,-1,-12.684784889221193,14.130440711975098,2.534541606903076,0,1,0,0,0,1,1,0,1,78,25.663403533293312,10,95.11111111111096,0,0,0,0,0,0,0,0,0,-0.53,0.0,0.0,0.0,0.0,0.0,0.0,0.0,0.0,0.0,0.0,0.0,0.0,0.0,0.0,0.0, -1, -1
245,1,-1,-12.684784889221193,14.130440711975098,2.534541606903076,0,1,0,0,0,1,1,0,1,78,25.663403533293312,10,94.99999999999987,0,0,1,0,0,0,0,0,0,-0.53,0.0,0.0,0.0,0.0,0.0,0.0,0.0,0.0,0.0,0.0,0.0,0.0,0.0,0.0,0.0, -1, -1
244,1,-1,-12.55245590209961,14.039628982543945,2.1002545356750493,0,1,0,0,0,1,1,0,1,77,22.330070199959977,10,94.44444444444427,0,0,1,0,0,0,0,0,0,0,0,0.0,0.0,0.0,0.0,0.0,0.0,0.0,0.0,0.0,0.0,0.0,0.0,0.0,0.0, -1, -1
243,1,-1,-12.550312042236328,14.044412612915039,1.5622342824935913,0,1,0,0,0,1,1,0,1,77,20.0,10,93.88888888888872,0,0,1,0,0,0,0,0,0,0,0,0.0,0.0,0.0,1.0,0.0,0.0,0.0,0.0,0.0,0.0,0.0,0.0,0.0,0.0, -1,1
242,1,-1,-12.545289039611815,14.048237800598145,1.0122685432434082,0,1,0,0,0,1,1,0,1,76,20.0,10,93.88888888888872,0,0,0,0,0,0,0,0,0,0,0,0.0,0.0,0.0,0.0,0.0,0.0,1.0,0.0,0.0,0.0,0.0,0.0,0.0,0.0, -1, -1
241,1,-1,-12.540935516357422,14.049077033996582,0.4708989560604096,0,1,0,0,0,1,1,0,1,76,20.0,10,93.88888888888872,0,0,0,0,0,0,0,0,0,0,0,0.0,0.0,0.0,0.0,0.0,0.0,0.0,0.0,0.0,0.0,0.0,0.0,0.0,0.0, -1, -1
