remaining_time,robot_mode,alarm,robot_x,robot_y,robot_theta,tree 1,tree 2,tree 3,tree 4,tree 5,tree 6,tree 7,tree 8,tree 9,battery_level,temperature,water_robot_tank,water_ground_tank,leak 1,leak 2,leak 3,leak 4,leak 5,leak 6,leak 7,leak 8,leak 9,direction,avancement,left,right,push,wrench,leak 1,leak 2,leak 3,leak 4,leak 5,leak 6,leak 7,leak 8,leak 9,rm_alarm,errors,shortcuts
120,1,-1,-0.7435884475708008,10.3233060836792,2.0335922241210938,1,0,1,0,0,0,0,0,1,15,20.0,30,93.80158730158676,1,0,0,0,0,0,0,0,0,-0.53,0.0,0.0,0.0,0.0,0.0,0.0,0.0,0.0,0.0,0.0,0.0,0.0,0.0,0.0,0.0, -1, -1
119,1,4,-0.7429730296134949,10.3226900100708,1.907622218132019,1,0,1,0,0,0,0,0,1,15,20.0,30,93.24603174603119,1,0,0,0,0,0,0,0,0,-0.53,0.0,0.0,0.0,0.0,0.0,0.0,0.0,0.0,0.0,0.0,0.0,0.0,0.0,0.0,0.0, -1, -1
118,1,-1,-0.7429730296134949,10.3226900100708,1.907622218132019,1,0,1,0,0,0,0,0,1,14,20.0,30,92.6904761904756,1,0,0,0,0,0,0,0,0,-0.53,0.0,0.0,0.0,0.0,0.0,0.0,0.0,0.0,0.0,0.0,0.0,0.0,0.0,0.0,0.0, -1, -1
117,1,-1,-0.7429730296134949,10.3226900100708,1.907622218132019,1,0,1,0,0,0,0,0,1,14,20.0,30,92.13492063492005,1,0,0,0,0,0,0,0,0,0,0,0.0,0.0,0.0,0.0,0.0,0.0,0.0,0.0,0.0,0.0,0.0,0.0,0.0,1.0, click, -1
116,1,-1,-0.7419730424880981,10.322098731994627,1.4821051359176636,1,0,1,0,0,0,0,0,1,13,20.0,30,91.69047619047558,0,0,0,0,0,0,0,0,0,0,0,0.0,0.0,0.0,1.0,1.0,0.0,0.0,0.0,0.0,0.0,0.0,0.0,0.0,0.0, -1,1
115,1,-1,-0.7420960664749146,10.321297645568848,0.958997905254364,1,0,1,0,0,0,0,0,1,13,20.0,30,91.69047619047558,0,0,0,0,0,0,0,0,0,0,0,0.0,0.0,0.0,0.0,0.0,0.0,0.0,0.0,0.0,0.0,0.0,0.0,0.0,0.0, -1, -1
114,1,-1,-0.7414920330047607,10.321290969848633,0.4578904807567597,1,0,1,0,0,0,0,0,1,12,20.0,30,91.69047619047558,0,0,0,0,0,0,0,0,0,0,0,0.0,0.0,0.0,0.0,0.0,0.0,0.0,0.0,0.0,0.0,0.0,0.0,0.0,0.0, -1, -1
113,1,-1,0.4718957841396332,10.808316230773926,0.3685125112533569,1,0,1,0,0,0,0,0,1,12,20.0,30,91.69047619047558,0,0,0,0,0,0,0,0,0,0,0,0.0,0.0,0.0,0.0,0.0,0.0,0.0,0.0,0.0,0.0,0.0,0.0,0.0,0.0, -1, -1
112,1,-1,2.027668237686157,11.411227226257324,0.37013402581214905,1,0,1,0,0,0,0,0,1,11,20.0,30,91.69047619047558,0,0,0,0,0,0,0,0,0,0,0,0.0,0.0,0.0,0.0,0.0,0.0,0.0,0.0,0.0,0.0,0.0,0.0,0.0,0.0, -1, -1
111,1,-1,3.586125135421753,12.008776664733887,0.3616195321083069,1,0,1,0,0,0,0,0,1,11,21.13984560859935,30,91.69047619047558,0,0,0,0,0,0,0,0,0,0,0,0.0,0.0,0.0,0.0,0.0,0.0,0.0,0.0,0.0,0.0,0.0,0.0,0.0,0.0, -1, -1
