remaining_time,robot_mode,alarm,robot_x,robot_y,robot_theta,tree 1,tree 2,tree 3,tree 4,tree 5,tree 6,tree 7,tree 8,tree 9,battery_level,temperature,water_robot_tank,water_ground_tank,leak 1,leak 2,leak 3,leak 4,leak 5,leak 6,leak 7,leak 8,leak 9,direction,avancement,left,right,push,wrench,leak 1,leak 2,leak 3,leak 4,leak 5,leak 6,leak 7,leak 8,leak 9,rm_alarm,errors,shortcuts
130,1,6,-0.04435644298791885,-9.46934413909912,-1.1899082660675049,0,0,0,0,1,1,0,1,1,58,20.0,100,0.0,0,0,0,0,0,0,0,0,0,0,0,0.0,0.0,0.0,0.0,0.0,0.0,0.0,0.0,0.0,0.0,0.0,0.0,0.0,0.0,-2,-2
129,1,-1,0.26076924800872797,-10.931775093078613,-1.468234300613403,0,0,0,0,1,1,1,1,1,58,20.0,100,0.0,0,0,0,0,0,0,0,0,0,0.0,2.86,0.0,0.0,0.0,0.0,0.0,0.0,0.0,0.0,0.0,0.0,0.0,0.0,0.0,0.0,-2,-2
128,1,-1,0.3823902606964111,-12.29941177368164,-1.4811111688613892,0,0,0,0,1,1,1,1,1,57,20.0,100,0.0,0,0,0,0,0,0,0,0,0,0,0,0.0,0.0,0.0,0.0,0.0,0.0,0.0,0.0,0.0,0.0,0.0,0.0,0.0,0.0,-2,-2
127,1,-1,0.4700844883918762,-13.319947242736815,-1.4982035160064695,0,0,0,0,1,1,1,0,1,57,20.0,90,0.0,0,0,0,0,0,0,0,0,0,0,0,0.0,1.0,0.0,0.0,0.0,0.0,0.0,0.0,0.0,0.0,0.0,0.0,0.0,1.0,-2,-2
126,1,-1,0.5237920284271239,-14.0686616897583,-1.498593807220459,0,0,0,0,1,1,1,0,1,56,20.0,90,0.0,0,0,0,0,0,0,0,0,0,0,0,0.0,0.0,0.0,0.0,0.0,0.0,0.0,0.0,0.0,0.0,0.0,0.0,0.0,0.0,-2,-2
125,1,-1,0.3660266101360321,-11.905835151672365,-1.4969576597213743,0,0,0,0,1,1,1,0,1,56,20.0,90,0.0,0,0,0,0,0,0,0,0,0,0,0,0.0,0.0,0.0,0.0,0.0,0.0,0.0,0.0,0.0,0.0,0.0,0.0,0.0,0.0,-2,-2
124,1,-1,0.3660266101360321,-11.905835151672365,-1.4969576597213743,0,0,0,0,1,1,1,0,1,55,20.0,90,0.0,0,0,0,0,0,0,0,0,0,0,0,0.0,0.0,0.0,0.0,0.0,0.0,0.0,0.0,0.0,0.0,0.0,0.0,0.0,0.0,-2,-2
123,1,-1,0.35690638422966003,-11.747215270996096,-1.059574842453003,0,0,0,0,1,1,1,0,1,55,20.0,90,0.0,0,0,0,0,0,0,0,0,0,0,0,1.0,0.0,0.0,0.0,0.0,0.0,0.0,0.0,0.0,0.0,0.0,0.0,0.0,0.0,-2,-2
122,1,-1,0.35965895652771,-11.748564720153807,-0.5349649786949158,0,0,0,0,1,1,1,0,1,54,20.0,90,0.0,0,0,0,0,0,0,0,0,0,0,0,1.0,0.0,0.0,0.0,0.0,0.0,0.0,0.0,0.0,0.0,0.0,0.0,0.0,0.0,-2,-2
121,1,-1,0.4168735444545746,-11.755975723266602,-0.12834416329860687,0,0,0,0,1,1,1,0,1,54,20.0,90,2.0,0,0,0,0,0,0,0,0,0,0,0,0.0,0.0,1.0,0.0,0.0,0.0,0.0,0.0,0.0,0.0,0.0,0.0,0.0,0.0,-2,-2
