remaining_time,robot_mode,alarm,robot_x,robot_y,robot_theta,tree 1,tree 2,tree 3,tree 4,tree 5,tree 6,tree 7,tree 8,tree 9,battery_level,temperature,water_robot_tank,water_ground_tank,leak 1,leak 2,leak 3,leak 4,leak 5,leak 6,leak 7,leak 8,leak 9,direction,avancement,left,right,push,wrench,leak 1,leak 2,leak 3,leak 4,leak 5,leak 6,leak 7,leak 8,leak 9,rm_alarm,errors,shortcuts
30,1,-1,-0.4621056318283081,15.692462921142578,0.07185550779104233,0,0,0,0,0,1,1,1,1,8,20.0,30,38.29365079365074,0,0,0,0,0,0,0,0,0,0,0,0.0,1.0,0.0,0.0,0.0,0.0,0.0,0.0,0.0,0.0,0.0,0.0,0.0,0.0,-2,-2
29,1,-1,1.2030233144760132,15.80121612548828,0.0628482773900032,0,0,0,0,0,1,1,1,1,8,20.0,30,38.29365079365074,0,0,0,0,0,0,0,0,0,0,0,0.0,1.0,0.0,0.0,0.0,0.0,0.0,0.0,0.0,0.0,0.0,0.0,0.0,0.0,-2,-2
28,1,-1,2.8963160514831543,15.907584190368652,0.062051542103290565,0,0,0,0,0,1,1,1,1,7,20.0,30,43.29365079365074,0,0,0,0,0,0,0,0,0,0,0,0.0,1.0,1.0,0.0,0.0,0.0,0.0,0.0,0.0,0.0,0.0,0.0,0.0,0.0,-2,-2
27,1,-1,4.534277439117432,16.001758575439453,0.05286920815706253,0,0,0,0,0,1,1,1,1,7,20.0,30,47.72222222222216,0,0,0,0,0,0,0,0,0,0,0,1.0,0.0,1.0,0.0,0.0,0.0,0.0,0.0,0.0,0.0,0.0,0.0,0.0,0.0,-2,-2
26,1,-1,6.145195007324219,16.08637809753418,0.05100883170962334,0,0,0,0,0,1,1,1,1,6,20.0,30,52.436507936507866,0,0,0,0,0,0,0,0,0,0,0,0.0,0.0,1.0,0.0,0.0,0.0,0.0,0.0,0.0,0.0,0.0,0.0,0.0,0.0,-2,-2
25,1,-1,7.866956233978271,16.17060661315918,0.04008353501558304,0,0,0,0,0,1,1,1,1,6,20.0,30,56.66666666666659,0,0,0,0,0,0,0,0,1,0,0,0.0,0.0,1.0,0.0,0.0,0.0,0.0,0.0,0.0,0.0,0.0,0.0,0.0,0.0,-2,-2
24,1,-1,9.506528854370117,16.235801696777347,0.03918183222413063,0,1,0,0,0,1,1,1,1,5,20.0,30,60.10317460317452,0,0,0,0,0,0,0,0,1,0,0,0.0,0.0,1.0,0.0,0.0,0.0,0.0,0.0,0.0,0.0,0.0,0.0,0.0,0.0,-2,-2
23,1,-1,11.162625312805176,16.29620361328125,0.03065076284110546,0,1,0,0,0,1,1,1,1,5,20.0,30,63.6825396825396,0,0,0,0,0,0,0,0,1,0,0,0.0,0.0,1.0,0.0,0.0,0.0,0.0,0.0,0.0,0.0,0.0,0.0,0.0,0.0,-2,-2
22,1,-1,12.424036026000975,16.32937240600586,0.018426084890961647,0,1,0,0,0,1,1,1,1,4,20.0,30,66.54761904761895,0,0,0,0,0,0,0,0,1,0,0,0.0,0.0,1.0,0.0,0.0,0.0,0.0,0.0,0.0,0.0,0.0,0.0,0.0,0.0,-2,-2
21,1,-1,13.35205078125,16.344697952270508,0.013426399789750576,0,1,0,0,0,1,1,1,1,4,20.0,30,68.69841269841258,0,0,0,0,0,0,0,0,1,0,0,0.0,0.0,1.0,0.0,0.0,0.0,0.0,0.0,0.0,0.0,0.0,0.0,0.0,0.0,-2,-2
