remaining_time,robot_mode,alarm,robot_x,robot_y,robot_theta,tree 1,tree 2,tree 3,tree 4,tree 5,tree 6,tree 7,tree 8,tree 9,battery_level,temperature,water_robot_tank,water_ground_tank,leak 1,leak 2,leak 3,leak 4,leak 5,leak 6,leak 7,leak 8,leak 9,direction,avancement,left,right,push,wrench,leak 1,leak 2,leak 3,leak 4,leak 5,leak 6,leak 7,leak 8,leak 9,rm_alarm,errors,shortcuts
520,1,-1,-1.5666472911834717,12.312395095825195,1.0409307479858398,1,0,0,0,0,0,0,0,0,60,20.0,60,0.9841269841270198,0,1,0,1,0,0,0,0,1,-0.53,0.0,0.0,0.0,0.0,0.0,0.0,0.0,0.0,0.0,0.0,0.0,0.0,0.0,0.0,0.0, -1, -1
519,1,-1,-1.5666472911834717,12.312395095825195,1.0409307479858398,1,0,0,0,0,1,0,0,0,60,20.0,60,0.9841269841270198,0,1,0,1,0,0,0,0,1,-0.53,0.0,0.0,0.0,0.0,0.0,0.0,0.0,0.0,0.0,0.0,0.0,0.0,0.0,0.0,0.0, -1, -1
518,1,-1,-1.5662182569503784,12.313036918640135,0.6222080588340759,1,0,0,0,0,1,0,0,0,59,20.0,60,0.9841269841270198,0,1,0,1,0,0,0,0,1,-0.53,0.0,0.0,0.0,0.0,0.0,0.0,0.0,0.0,0.0,0.0,0.0,0.0,0.0,0.0,0.0, -1, -1
517,1,-1,-0.8008649945259094,12.646862983703613,0.3901424705982208,1,0,0,0,0,1,0,0,0,59,20.0,60,0.9841269841270198,0,1,0,1,0,0,0,0,1,-0.265,1.43,0.0,0.0,0.0,0.0,0.0,0.0,0.0,0.0,0.0,0.0,0.0,0.0,0.0,0.0, -1, -1
516,1,-1,0.5614994168281555,13.202803611755373,0.3846417367458344,1,0,0,0,0,1,0,0,0,58,20.0,60,0.9841269841270198,0,1,0,1,0,0,0,0,1,-0.17666666666666667,1.9066666666666665,0.0,0.0,0.0,0.0,0.0,0.0,0.0,0.0,0.0,0.0,0.0,0.0,0.0,0.0, -1, -1
515,1,-1,1.600341558456421,13.620107650756836,0.3738953769207001,1,0,0,0,0,1,0,0,0,58,20.0,60,0.9841269841270198,0,1,0,1,0,0,0,0,1,-0.17666666666666667,1.9066666666666665,0.0,0.0,0.0,0.0,0.0,0.0,0.0,0.0,0.0,0.0,0.0,0.0,0.0,0.0, -1, -1
514,1,-1,2.352238655090332,13.909744262695312,0.3652710020542145,0,0,0,0,0,1,0,0,0,57,20.0,50,0.9841269841270198,0,1,0,1,0,0,0,0,1,0.0,2.86,0.0,0.0,0.0,0.0,0.0,0.0,0.0,0.0,0.0,0.0,0.0,0.0,0.0,0.0, -1, -1
513,1,4,2.903114557266236,14.116425514221193,0.3489571809768677,0,0,0,0,0,1,0,0,0,57,20.0,50,0.9841269841270198,0,1,0,1,0,0,0,0,1,0.0,2.86,0.0,0.0,0.0,0.0,0.0,0.0,0.0,0.0,0.0,0.0,0.0,0.0,0.0,0.0, -1, -1
512,1,-1,0.8575409650802612,13.371952056884766,0.3498181700706482,0,0,0,0,0,1,0,0,0,56,20.0,50,0.9841269841270198,0,1,0,1,0,0,0,0,1,0,0,0.0,0.0,0.0,0.0,0.0,0.0,0.0,0.0,0.0,0.0,0.0,0.0,0.0,0.0, -1, -1
511,1,-1,0.8575409650802612,13.371952056884766,0.3498181700706482,0,0,0,0,0,1,0,0,0,56,20.0,50,0.9841269841270198,0,1,0,1,0,0,0,0,1,0,0,0.0,0.0,0.0,1.0,0.0,0.0,0.0,0.0,0.0,0.0,0.0,0.0,0.0,0.0, click,1
