remaining_time,robot_mode,alarm,robot_x,robot_y,robot_theta,tree 1,tree 2,tree 3,tree 4,tree 5,tree 6,tree 7,tree 8,tree 9,battery_level,temperature,water_robot_tank,water_ground_tank,leak 1,leak 2,leak 3,leak 4,leak 5,leak 6,leak 7,leak 8,leak 9,direction,avancement,left,right,push,wrench,leak 1,leak 2,leak 3,leak 4,leak 5,leak 6,leak 7,leak 8,leak 9,rm_alarm,errors,shortcuts
110,1,-1,-1.8994691371917725,6.557171821594237,2.8295249938964844,0,1,1,0,1,0,0,0,1,27,22.98357711783992,0,0.8412698412699015,0,1,0,0,0,0,0,0,0,0.0,-2.86,0.0,0.0,0.0,0.0,0.0,0.0,0.0,0.0,0.0,0.0,0.0,0.0,0.0,0.0, -1, -1
109,1,-1,-1.8994691371917725,6.557171821594237,2.8295249938964844,0,1,1,0,1,0,0,0,1,27,22.98357711783992,0,0.8412698412699015,0,1,0,0,0,0,0,0,0,-0.53,0.0,0.0,0.0,0.0,0.0,0.0,0.0,0.0,0.0,0.0,0.0,0.0,0.0,0.0,0.0, -1, -1
108,1,-1,0.3268028497695923,5.8326454162597665,-3.0151772499084477,0,1,1,0,1,0,0,0,1,26,20.0,0,0.8412698412699015,0,1,0,0,0,0,0,0,0,-0.53,0.0,0.0,0.0,0.0,0.0,0.0,0.0,0.0,0.0,0.0,0.0,0.0,0.0,0.0,0.0, -1, -1
107,1,-1,0.3250674903392792,5.832369327545166,-2.454282522201538,0,1,1,0,1,0,0,0,1,26,20.0,0,0.8412698412699015,0,1,0,0,0,0,0,0,0,0,0,0.0,0.0,0.0,0.0,0.0,0.0,0.0,0.0,0.0,0.0,0.0,0.0,0.0,0.0, -1, -1
106,1,-1,0.3247562944889069,5.832627773284912,-1.8730212450027464,0,1,1,0,1,0,0,0,1,25,20.0,0,0.8412698412699015,0,1,0,0,0,0,0,0,0,0,0,0.0,0.0,0.0,0.0,0.0,0.0,0.0,0.0,0.0,0.0,0.0,0.0,0.0,0.0, -1, -1
105,1,-1,0.2888078093528748,5.194090843200684,-1.6106021404266355,0,1,1,0,1,0,0,0,1,25,20.0,0,0.8412698412699015,0,1,0,0,0,0,0,0,0,0,0,0.0,0.0,0.0,0.0,0.0,0.0,0.0,0.0,0.0,0.0,0.0,0.0,0.0,0.0, -1, -1
104,1,-1,0.22112487256526947,3.5267136096954346,-1.611580729484558,0,1,1,0,1,0,0,0,1,24,20.0,0,0.8412698412699015,0,1,0,0,0,0,0,0,0,0,0,0.0,0.0,0.0,0.0,0.0,0.0,0.0,0.0,0.0,0.0,0.0,0.0,0.0,0.0, -1, -1
103,1,-1,0.15645001828670502,1.8313744068145752,-1.605743169784546,0,1,1,0,1,0,0,0,1,24,20.0,0,0.8412698412699015,0,1,0,0,0,0,0,0,0,0,0,0.0,0.0,0.0,0.0,0.0,0.0,0.0,0.0,0.0,0.0,0.0,0.0,0.0,0.0, -1, -1
102,1,-1,0.09504938125610353,0.16398604214191434,-1.6098237037658691,0,1,1,0,1,0,0,0,1,23,20.0,0,0.8412698412699015,0,1,0,0,0,0,0,0,0,0,0,0.0,0.0,0.0,0.0,0.0,0.0,0.0,0.0,0.0,0.0,0.0,0.0,0.0,0.0, -1, -1
101,1,-1,0.03346002846956253,-1.4751161336898804,-1.6089191436767578,0,1,1,0,1,0,0,0,1,23,20.0,0,0.8412698412699015,0,1,0,0,0,0,0,0,0,0,0,0.0,0.0,0.0,0.0,0.0,0.0,0.0,0.0,0.0,0.0,0.0,0.0,0.0,0.0, -1, -1
