remaining_time,robot_mode,alarm,robot_x,robot_y,robot_theta,tree 1,tree 2,tree 3,tree 4,tree 5,tree 6,tree 7,tree 8,tree 9,battery_level,temperature,water_robot_tank,water_ground_tank,leak 1,leak 2,leak 3,leak 4,leak 5,leak 6,leak 7,leak 8,leak 9,direction,avancement,left,right,push,wrench,leak 1,leak 2,leak 3,leak 4,leak 5,leak 6,leak 7,leak 8,leak 9,rm_alarm,errors,shortcuts
210,1,-1,15.024192810058596,15.700971603393555,0.5061571002006531,1,0,1,0,0,0,0,0,1,11,20.0,0,90.30952380952324,0,0,0,0,0,0,1,0,0,0,0,0.0,1.0,0.0,0.0,0.0,0.0,0.0,0.0,0.0,0.0,0.0,0.0,0.0,0.0,-2,-2
209,1,-1,15.261545181274414,15.835967063903807,0.5144435763359071,1,0,1,0,0,0,0,0,1,21,20.0,0,89.75396825396767,0,0,0,0,0,0,1,0,0,0,0,0.0,1.0,0.0,0.0,0.0,0.0,0.0,0.0,0.0,0.0,0.0,0.0,0.0,0.0,-2,-2
208,1,-1,15.434293746948242,15.936064720153807,0.5284351110458374,1,0,1,0,0,0,0,0,1,30,20.0,0,91.24603174603115,0,0,0,0,0,0,0,0,0,0,0,0.0,0.0,0.0,1.0,0.0,0.0,0.0,0.0,0.0,0.0,1.0,0.0,0.0,0.0,-2,-2
207,1,-1,15.56335735321045,16.011728286743164,0.5427858829498291,1,0,1,0,0,0,0,0,1,40,20.0,0,92.81746031745978,0,0,0,0,0,0,0,0,0,0,0,0.0,0.0,0.0,0.0,0.0,0.0,0.0,0.0,0.0,0.0,0.0,0.0,0.0,0.0,-2,-2
206,1,-1,15.657594680786133,16.068479537963867,0.543192446231842,1,0,1,0,0,0,0,0,1,49,20.0,0,93.67460317460258,0,0,0,0,0,0,0,0,0,0,0,1.0,0.0,0.0,0.0,0.0,0.0,0.0,0.0,0.0,0.0,0.0,0.0,0.0,0.0,-2,-2
205,1,-1,15.727007865905762,16.110525131225586,0.5479581952095032,1,0,1,0,0,0,0,0,1,59,20.0,0,95.7619047619042,0,1,0,0,0,0,0,0,0,0,0,0.0,0.0,1.0,0.0,0.0,0.0,0.0,0.0,0.0,0.0,0.0,0.0,0.0,0.0,-2,-2
204,1,-1,15.758353233337402,16.129707336425778,0.5488240122795105,1,0,1,0,0,0,0,1,1,68,20.0,0,100.0,0,1,0,0,0,0,0,0,0,0,0,0.0,0.0,0.0,0.0,0.0,0.0,0.0,0.0,0.0,0.0,0.0,0.0,0.0,0.0,-2,-2
203,1,-1,15.758353233337402,16.129707336425778,0.5488240122795105,1,0,1,0,0,0,0,1,1,78,20.0,0,99.88888888888887,0,1,0,0,0,0,0,0,0,0,0,0.0,0.0,0.0,0.0,0.0,0.0,0.0,0.0,0.0,0.0,0.0,0.0,0.0,0.0,-2,-2
202,1,-1,15.75830364227295,16.129718780517578,0.5488921403884888,1,0,1,0,0,0,0,1,1,87,20.0,0,100.0,0,1,0,0,0,0,0,0,0,0,0,0.0,0.0,0.0,0.0,0.0,0.0,0.0,0.0,0.0,0.0,0.0,0.0,0.0,0.0,-2,-2
201,1,-1,15.75830364227295,16.129718780517578,0.5488921403884888,1,0,1,0,0,0,0,1,1,97,20.0,0,100.0,0,0,0,0,0,0,0,0,0,0,0,0.0,0.0,0.0,1.0,0.0,1.0,0.0,0.0,0.0,0.0,0.0,0.0,0.0,0.0,-2,-2
