remaining_time,robot_mode,alarm,robot_x,robot_y,robot_theta,forest_state,battery_level,temperature,water_robot_tank,water_ground_tank,leaks_state,keys, clicks,errors,shortcuts
1.0,0,-1,0.49999992845087604,0.4999998673089522,0.5000271113292285, 000000000,1.0,0.5909090909090909,1.0,1.0, 000000000,-1,-1,-2,-2
0.9983333333333333,0,-1,0.4999999325308238,0.4999998660743927,0.500027233772005, 000000000,1.0,0.5909090909090909,1.0,1.0, 000000000,-1,-1,-2,-2
0.9966666666666667,0,-1,0.4999999353384624,0.4999998648131509,0.5000273562935258, 000000000,0.99,0.5909090909090909,1.0,1.0, 000000000,-1,-1,-2,-2
0.995,0,-1,0.49999993837856777,0.4999998635393581,0.5000274818304907, 000000010,0.99,0.5909090909090909,1.0,1.0, 000000000,-1,-1,-2,-2
0.9933333333333333,0,-1,0.49999994349803956,0.4999998622362227,0.5000276103643715, 000000010,0.98,0.5909090909090909,1.0,1.0, 000000000,-1,-1,-2,-2
