remaining_time,robot_mode,alarm,robot_x,robot_y,robot_theta,forest_state,battery_level,temperature,water_robot_tank,water_ground_tank,leaks_state,keys, clicks,errors,shortcuts
1.0,0,-1,0.4999999099390493,0.4999998744799541,0.5000264118110617, 000000000,1.0,0.5909090909090909,1.0,1.0, 000000000,-1, -1,-2,-2
0.9983333333333333,0,-1,0.49999992040629876,0.49999986980659517,0.5000268664552555, 000000000,1.0,0.5909090909090909,1.0,1.0, 000000000,-1, -1,-2,-2
0.9966666666666667,0,-1,0.49999992586730857,0.49999986853970313,0.500026990899064, 000000000,0.99,0.5909090909090909,1.0,1.0, 000000000,-1, -1,-2,-2
0.995,0,-1,0.4999999286313539,0.49999986726530776,0.5000271153776127, 000000000,0.99,0.5909090909090909,1.0,1.0, 000000000,-1, -1,-2,-2
