remaining_time,robot_mode,alarm,robot_x,robot_y,robot_theta,forest_state,battery_level,temperature,water_robot_tank,water_ground_tank,leaks_state,keys, clicks,errors,shortcuts
1.0,0,-1,0.5000008753741895,0.49999683472815376,0.5000142938717155, 000000000,1.0,0.5909090909090909,1.0,1.0, 000000000,-1,-1,-2,-2
0.9983333333333333,0,-1,0.5000008219162737,0.4999969590220644,0.5000021144336388, 000000000,1.0,0.5909090909090909,1.0,1.0, 000000000,-1,-1,-2,-2
