remaining_time,robot_mode,alarm,robot_x,robot_y,robot_theta,forest_state,battery_level,temperature,water_robot_tank,water_ground_tank,leaks_state,keys, clicks,errors,shortcuts
1.0,0,-1,0.5000008762401194,0.49999683259993616,0.5000144964785198, 000000000,1.0,0.5909090909090909,1.0,1.0, 000000000,-1,-1,-2,-2
0.9983333333333333,0,-1,0.5000008219162737,0.4999969590220644,0.5000021144336388, 000000000,1.0,0.5909090909090909,1.0,1.0, 000000000,-1,-1,-2,-2
0.9966666666666667,0,-1,0.5000008011109458,0.49999708259038017,0.49999001931451065, 000000000,0.99,0.5909090909090909,1.0,1.0, 000000000,1,-1,-2,-2
0.995,0,-1,0.4999912104285613,0.5000090840789199,0.5757903735537087, 000001000,0.99,0.5909090909090909,1.0,1.0, 000000000,1,-1,-2,-2
0.9933333333333333,0,-1,0.49999588220925945,0.5000182415547897,0.6608373514937034, 000001000,0.98,0.5909090909090909,1.0,1.0, 000000000,1,-1,-2,-2
0.9916666666666667,0,-1,0.5000032204225136,0.5000298896396999,0.6824373314524286, 000001000,0.98,0.5909090909090909,1.0,1.0, 000000000,-1,-1,-2,-2
