remaining_time,robot_mode,alarm,robot_x,robot_y,robot_theta,forest_state,battery_level,temperature,water_robot_tank,water_ground_tank,leaks_state,keys, clicks,errors,shortcuts
1.0,0,-1,0.49999995335379027,0.4999998587163873,0.5000279562487714, 000000000,1.0,0.5909090909090909,1.0,1.0, 000000000,-1,-1,-2,-2
0.9983333333333333,0,-1,0.4999999546712246,0.499999857461205,0.5000280788305085, 000000000,1.0,0.5909090909090909,1.0,1.0, 000000000,-1,-1,-2,-2
0.9966666666666667,0,-1,0.5227035284042358,0.4999982401022862,0.5214401155866516, 000000000,0.99,0.5909090909090909,1.0,1.0, 000000000,2,-1,-2,-2
0.995,0,-1,0.5227024719119072,0.49999692821766073,0.5926853824458576, 000000010,0.99,0.5909090909090909,1.0,1.0, 000000000,1,-1,-2,-2
