remaining_time,robot_mode,alarm,robot_x,robot_y,robot_theta,forest_state,battery_level,temperature,water_robot_tank,water_ground_tank,leaks_state,keys, clicks,errors,shortcuts
1.0,0,-1,0.49999992417041883,0.4999998689219183,0.5000269520943292, 000000000,1.0,0.5909090909090909,1.0,1.0, 000000000,-1,-1,-1,-1
0.9983333333333333,0,-1,0.49999992818792405,0.49999986768874577,0.500027074620482, 000000000,1.0,0.5909090909090909,1.0,1.0, 000000000,-1,-1,-1,-1
0.9966666666666667,0,-1,0.49999993089246575,0.4999998664336999,0.5000271970192544, 000000000,0.99,0.5909090909090909,1.0,1.0, 000000000,-1,-1,-1,-1
