remaining_time,robot_mode,alarm,robot_x,robot_y,robot_theta,forest_state,battery_level,temperature,water_robot_tank,water_ground_tank,leaks_state,keys, clicks,errors,shortcuts
1.0,0,-1,0.6340013384819031,0.37886126041412355,0.38112672363892874, 000000000,1.0,0.5909090909090909,1.0,1.0, 000000000,-1, -1,-2,-2
0.9983333333333333,0,-1,0.6340013384819031,0.37886126041412355,0.38112672363892874, 000000000,1.0,0.40909090909090906,1.0,1.0, 000000000,-1, -1,-2,-2
0.9966666666666667,0,-1,0.6340013384819031,0.37886126041412355,0.38112672363892874, 000000000,1.0,0.40909090909090906,1.0,1.0, 000000000,-1, -1,-2,-2
0.995,0,-1,0.6340013384819031,0.37886126041412355,0.38112672363892874, 010000000,0.99,0.40909090909090906,1.0,1.0, 000000000,-1, -1,-2,-2
0.9933333333333333,0,-1,0.6340013384819031,0.37886126041412355,0.38112672363892874, 010000000,0.98,0.40909090909090906,1.0,1.0, 000000000,-1, -1,-2,-2
0.9916666666666667,0,-1,0.6340013384819031,0.37886126041412355,0.38112672363892874, 010000000,0.98,0.40909090909090906,1.0,1.0, 000000000,-1, -1,-2,-2
0.99,0,-1,0.6340013384819031,0.37886126041412355,0.38112672363892874, 010000000,0.97,0.40909090909090906,1.0,1.0, 000000000,2, -1,-2,-2
0.9883333333333333,0,-1,0.6340013384819031,0.37886126041412355,0.38112672363892874, 010000000,0.97,0.40909090909090906,1.0,1.0, 000000000,-1, -1,-2,-2
0.9866666666666667,0,-1,0.6340013384819031,0.37886126041412355,0.38112672363892874, 010000000,0.96,0.40909090909090906,1.0,1.0, 000000000,-1, -1,-2,-2
